/* src/font/atlas_ascii.h - GENERATED by tools/atlasbake. Do not edit.
 * font: DejaVuSansMono.ttf  px: 30  range: U+0020..U+007E
 * Atlas is one R8 row of 95 cells of 16x30 px (cell i at x = i*16). */
#define FONT_ATLAS_PX 30
#define FONT_ATLAS_CELL_W 16
#define FONT_ATLAS_CELL_H 30
#define FONT_ATLAS_ASCENT 24
const font_metric font_atlas_metrics[95] = {
    { 16, 0, 0, 0, 0 },
    { 16, 6, -19, 4, 19 },
    { 16, 4, -19, 8, 8 },
    { 16, 0, -19, 16, 19 },
    { 16, 2, -20, 13, 24 },
    { 16, 0, -19, 16, 19 },
    { 16, 0, -20, 16, 21 },
    { 16, 6, -19, 3, 8 },
    { 16, 5, -20, 7, 24 },
    { 16, 4, -20, 7, 24 },
    { 16, 2, -20, 12, 13 },
    { 16, 1, -15, 14, 14 },
    { 16, 5, -4, 5, 8 },
    { 16, 4, -9, 8, 3 },
    { 16, 6, -4, 4, 4 },
    { 16, 1, -19, 13, 22 },
    { 16, 1, -20, 13, 21 },
    { 16, 3, -19, 11, 19 },
    { 16, 1, -20, 13, 20 },
    { 16, 1, -20, 13, 21 },
    { 16, 1, -19, 14, 19 },
    { 16, 1, -19, 13, 20 },
    { 16, 1, -20, 13, 21 },
    { 16, 1, -19, 13, 19 },
    { 16, 1, -20, 13, 21 },
    { 16, 1, -20, 13, 21 },
    { 16, 6, -14, 4, 14 },
    { 16, 5, -14, 5, 18 },
    { 16, 1, -15, 14, 14 },
    { 16, 1, -12, 14, 8 },
    { 16, 1, -15, 14, 14 },
    { 16, 3, -20, 11, 20 },
    { 16, 0, -18, 15, 23 },
    { 16, 0, -19, 16, 19 },
    { 16, 2, -19, 13, 19 },
    { 16, 1, -20, 13, 21 },
    { 16, 1, -19, 13, 19 },
    { 16, 2, -19, 12, 19 },
    { 16, 2, -19, 12, 19 },
    { 16, 1, -20, 13, 21 },
    { 16, 1, -19, 13, 19 },
    { 16, 2, -19, 11, 19 },
    { 16, 1, -19, 12, 20 },
    { 16, 1, -19, 15, 19 },
    { 16, 2, -19, 13, 19 },
    { 16, 1, -19, 14, 19 },
    { 16, 1, -19, 13, 19 },
    { 16, 1, -20, 14, 21 },
    { 16, 2, -19, 13, 19 },
    { 16, 1, -20, 14, 24 },
    { 16, 1, -19, 15, 19 },
    { 16, 1, -20, 13, 21 },
    { 16, 0, -19, 15, 19 },
    { 16, 1, -19, 13, 20 },
    { 16, 0, -19, 15, 19 },
    { 16, 0, -19, 16, 19 },
    { 16, 0, -19, 16, 19 },
    { 16, 0, -19, 16, 19 },
    { 16, 1, -19, 14, 19 },
    { 16, 5, -20, 7, 24 },
    { 16, 1, -19, 13, 22 },
    { 16, 4, -20, 6, 24 },
    { 16, 0, -19, 15, 8 },
    { 16, 0, 5, 16, 2 },
    { 16, 3, -21, 7, 6 },
    { 16, 1, -15, 13, 16 },
    { 16, 2, -20, 12, 21 },
    { 16, 2, -15, 12, 16 },
    { 16, 1, -20, 13, 21 },
    { 16, 1, -15, 13, 16 },
    { 16, 2, -20, 12, 20 },
    { 16, 1, -15, 13, 21 },
    { 16, 2, -20, 12, 20 },
    { 16, 2, -20, 12, 20 },
    { 16, 2, -20, 8, 26 },
    { 16, 2, -20, 14, 20 },
    { 16, 2, -20, 12, 20 },
    { 16, 1, -15, 14, 15 },
    { 16, 2, -15, 12, 15 },
    { 16, 1, -15, 13, 16 },
    { 16, 2, -15, 12, 21 },
    { 16, 1, -15, 13, 21 },
    { 16, 4, -15, 11, 15 },
    { 16, 2, -15, 11, 16 },
    { 16, 1, -19, 12, 19 },
    { 16, 2, -15, 12, 16 },
    { 16, 1, -15, 14, 15 },
    { 16, 0, -15, 16, 15 },
    { 16, 0, -15, 15, 15 },
    { 16, 1, -15, 14, 21 },
    { 16, 2, -15, 12, 15 },
    { 16, 2, -20, 11, 25 },
    { 16, 6, -20, 3, 27 },
    { 16, 2, -20, 11, 25 },
    { 16, 1, -10, 14, 4 },
};
const uint8_t font_atlas_pixels[45600] = {
    0x00, 0x00, 0x00, 0x00, 0x00, 0x00, 0x00, 0x00, 0x00, 0x00, 0x00, 0x00, 0x00, 0x00, 0x00, 0x00,
    0x00, 0x00, 0x00, 0x00, 0x00, 0x00, 0x00, 0x00, 0x00, 0x00, 0x00, 0x00, 0x00, 0x00, 0x00, 0x00,
    0x00, 0x00, 0x00, 0x00, 0x00, 0x00, 0x00, 0x00, 0x00, 0x00, 0x00, 0x00, 0x00, 0x00, 0x00, 0x00,
    0x00, 0x00, 0x00, 0x00, 0x00, 0x00, 0x00, 0x00, 0x00, 0x00, 0x00, 0x00, 0x00, 0x00, 0x00, 0x00,
    0x00, 0x00, 0x00, 0x00, 0x00, 0x00, 0x00, 0x00, 0x00, 0x00, 0x00, 0x00, 0x00, 0x00, 0x00, 0x00,
    0x00, 0x00, 0x00, 0x00, 0x00, 0x00, 0x00, 0x00, 0x00, 0x00, 0x00, 0x00, 0x00, 0x00, 0x00, 0x00,
    0x00, 0x00, 0x00, 0x00, 0x00, 0x00, 0x00, 0x00, 0x00, 0x00, 0x00, 0x00, 0x00, 0x00, 0x00, 0x00,
    0x00, 0x00, 0x00, 0x00, 0x00, 0x00, 0x00, 0x00, 0x00, 0x00, 0x00, 0x00, 0x00, 0x00, 0x00, 0x00,
    0x00, 0x00, 0x00, 0x00, 0x00, 0x00, 0x00, 0x00, 0x00, 0x00, 0x00, 0x00, 0x00, 0x00, 0x00, 0x00,
    0x00, 0x00, 0x00, 0x00, 0x00, 0x00, 0x00, 0x00, 0x00, 0x00, 0x00, 0x00, 0x00, 0x00, 0x00, 0x00,
    0x00, 0x00, 0x00, 0x00, 0x00, 0x00, 0x00, 0x00, 0x00, 0x00, 0x00, 0x00, 0x00, 0x00, 0x00, 0x00,
    0x00, 0x00, 0x00, 0x00, 0x00, 0x00, 0x00, 0x00, 0x00, 0x00, 0x00, 0x00, 0x00, 0x00, 0x00, 0x00,
    0x00, 0x00, 0x00, 0x00, 0x00, 0x00, 0x00, 0x00, 0x00, 0x00, 0x00, 0x00, 0x00, 0x00, 0x00, 0x00,
    0x00, 0x00, 0x00, 0x00, 0x00, 0x00, 0x00, 0x00, 0x00, 0x00, 0x00, 0x00, 0x00, 0x00, 0x00, 0x00,
    0x00, 0x00, 0x00, 0x00, 0x00, 0x00, 0x00, 0x00, 0x00, 0x00, 0x00, 0x00, 0x00, 0x00, 0x00, 0x00,
    0x00, 0x00, 0x00, 0x00, 0x00, 0x00, 0x00, 0x00, 0x00, 0x00, 0x00, 0x00, 0x00, 0x00, 0x00, 0x00,
    0x00, 0x00, 0x00, 0x00, 0x00, 0x00, 0x00, 0x00, 0x00, 0x00, 0x00, 0x00, 0x00, 0x00, 0x00, 0x00,
    0x00, 0x00, 0x00, 0x00, 0x00, 0x00, 0x00, 0x00, 0x00, 0x00, 0x00, 0x00, 0x00, 0x00, 0x00, 0x00,
    0x00, 0x00, 0x00, 0x00, 0x00, 0x00, 0x00, 0x00, 0x00, 0x00, 0x00, 0x00, 0x00, 0x00, 0x00, 0x00,
    0x00, 0x00, 0x00, 0x00, 0x00, 0x00, 0x00, 0x00, 0x00, 0x00, 0x00, 0x00, 0x00, 0x00, 0x00, 0x00,
    0x00, 0x00, 0x00, 0x00, 0x00, 0x00, 0x00, 0x00, 0x00, 0x00, 0x00, 0x00, 0x00, 0x00, 0x00, 0x00,
    0x00, 0x00, 0x00, 0x00, 0x00, 0x00, 0x00, 0x00, 0x00, 0x00, 0x00, 0x00, 0x00, 0x00, 0x00, 0x00,
    0x00, 0x00, 0x00, 0x00, 0x00, 0x00, 0x00, 0x00, 0x00, 0x00, 0x00, 0x00, 0x00, 0x00, 0x00, 0x00,
    0x00, 0x00, 0x00, 0x00, 0x00, 0x00, 0x00, 0x00, 0x00, 0x00, 0x00, 0x00, 0x00, 0x00, 0x00, 0x00,
    0x00, 0x00, 0x00, 0x00, 0x00, 0x00, 0x00, 0x00, 0x00, 0x00, 0x00, 0x00, 0x00, 0x00, 0x00, 0x00,
    0x00, 0x00, 0x00, 0x00, 0x00, 0x00, 0x00, 0x00, 0x00, 0x00, 0x00, 0x00, 0x00, 0x00, 0x00, 0x00,
    0x00, 0x00, 0x00, 0x00, 0x00, 0x00, 0x00, 0x00, 0x00, 0x00, 0x00, 0x00, 0x00, 0x00, 0x00, 0x00,
    0x00, 0x00, 0x00, 0x00, 0x00, 0x00, 0x00, 0x00, 0x00, 0x00, 0x00, 0x00, 0x00, 0x00, 0x00, 0x00,
    0x00, 0x00, 0x00, 0x00, 0x00, 0x00, 0x00, 0x00, 0x00, 0x00, 0x00, 0x00, 0x00, 0x00, 0x00, 0x00,
    0x00, 0x00, 0x00, 0x00, 0x00, 0x00, 0x00, 0x00, 0x00, 0x00, 0x00, 0x00, 0x00, 0x00, 0x00, 0x00,
    0x00, 0x00, 0x00, 0x00, 0x00, 0x00, 0x00, 0x00, 0x00, 0x00, 0x00, 0x00, 0x00, 0x00, 0x00, 0x00,
    0x00, 0x00, 0x00, 0x00, 0x00, 0x00, 0x00, 0x00, 0x00, 0x00, 0x00, 0x00, 0x00, 0x00, 0x00, 0x00,
    0x00, 0x00, 0x00, 0x00, 0x00, 0x00, 0x00, 0x00, 0x00, 0x00, 0x00, 0x00, 0x00, 0x00, 0x00, 0x00,
    0x00, 0x00, 0x00, 0x00, 0x00, 0x00, 0x00, 0x00, 0x00, 0x00, 0x00, 0x00, 0x00, 0x00, 0x00, 0x00,
    0x00, 0x00, 0x00, 0x00, 0x00, 0x00, 0x00, 0x00, 0x00, 0x00, 0x00, 0x00, 0x00, 0x00, 0x00, 0x00,
    0x00, 0x00, 0x00, 0x00, 0x00, 0x00, 0x00, 0x00, 0x00, 0x00, 0x00, 0x00, 0x00, 0x00, 0x00, 0x00,
    0x00, 0x00, 0x00, 0x00, 0x00, 0x00, 0x00, 0x00, 0x00, 0x00, 0x00, 0x00, 0x00, 0x00, 0x00, 0x00,
    0x00, 0x00, 0x00, 0x00, 0x00, 0x00, 0x00, 0x00, 0x00, 0x00, 0x00, 0x00, 0x00, 0x00, 0x00, 0x00,
    0x00, 0x00, 0x00, 0x00, 0x00, 0x00, 0x00, 0x00, 0x00, 0x00, 0x00, 0x00, 0x00, 0x00, 0x00, 0x00,
    0x00, 0x00, 0x00, 0x00, 0x00, 0x00, 0x00, 0x00, 0x00, 0x00, 0x00, 0x00, 0x00, 0x00, 0x00, 0x00,
    0x00, 0x00, 0x00, 0x00, 0x00, 0x00, 0x00, 0x00, 0x00, 0x00, 0x00, 0x00, 0x00, 0x00, 0x00, 0x00,
    0x00, 0x00, 0x00, 0x00, 0x00, 0x00, 0x00, 0x00, 0x00, 0x00, 0x00, 0x00, 0x00, 0x00, 0x00, 0x00,
    0x00, 0x00, 0x00, 0x00, 0x00, 0x00, 0x00, 0x00, 0x00, 0x00, 0x00, 0x00, 0x00, 0x00, 0x00, 0x00,
    0x00, 0x00, 0x00, 0x00, 0x00, 0x00, 0x00, 0x00, 0x00, 0x00, 0x00, 0x00, 0x00, 0x00, 0x00, 0x00,
    0x00, 0x00, 0x00, 0x00, 0x00, 0x00, 0x00, 0x00, 0x00, 0x00, 0x00, 0x00, 0x00, 0x00, 0x00, 0x00,
    0x00, 0x00, 0x00, 0x00, 0x00, 0x00, 0x00, 0x00, 0x00, 0x00, 0x00, 0x00, 0x00, 0x00, 0x00, 0x00,
    0x00, 0x00, 0x00, 0x00, 0x00, 0x00, 0x00, 0x00, 0x00, 0x00, 0x00, 0x00, 0x00, 0x00, 0x00, 0x00,
    0x00, 0x00, 0x00, 0x00, 0x00, 0x00, 0x00, 0x00, 0x00, 0x00, 0x00, 0x00, 0x00, 0x00, 0x00, 0x00,
    0x00, 0x00, 0x00, 0x00, 0x00, 0x00, 0x00, 0x00, 0x00, 0x00, 0x00, 0x00, 0x00, 0x00, 0x00, 0x00,
    0x00, 0x00, 0x00, 0x00, 0x00, 0x00, 0x00, 0x00, 0x00, 0x00, 0x00, 0x00, 0x00, 0x00, 0x00, 0x00,
    0x00, 0x00, 0x00, 0x00, 0x00, 0x00, 0x00, 0x00, 0x00, 0x00, 0x00, 0x00, 0x00, 0x00, 0x00, 0x00,
    0x00, 0x00, 0x00, 0x00, 0x00, 0x00, 0x00, 0x00, 0x00, 0x00, 0x00, 0x00, 0x00, 0x00, 0x00, 0x00,
    0x00, 0x00, 0x00, 0x00, 0x00, 0x00, 0x00, 0x00, 0x00, 0x00, 0x00, 0x00, 0x00, 0x00, 0x00, 0x00,
    0x00, 0x00, 0x00, 0x00, 0x00, 0x00, 0x00, 0x00, 0x00, 0x00, 0x00, 0x00, 0x00, 0x00, 0x00, 0x00,
    0x00, 0x00, 0x00, 0x00, 0x00, 0x00, 0x00, 0x00, 0x00, 0x00, 0x00, 0x00, 0x00, 0x00, 0x00, 0x00,
    0x00, 0x00, 0x00, 0x00, 0x00, 0x00, 0x00, 0x00, 0x00, 0x00, 0x00, 0x00, 0x00, 0x00, 0x00, 0x00,
    0x00, 0x00, 0x00, 0x00, 0x00, 0x00, 0x00, 0x00, 0x00, 0x00, 0x00, 0x00, 0x00, 0x00, 0x00, 0x00,
    0x00, 0x00, 0x00, 0x00, 0x00, 0x00, 0x00, 0x00, 0x00, 0x00, 0x00, 0x00, 0x00, 0x00, 0x00, 0x00,
    0x00, 0x00, 0x00, 0x00, 0x00, 0x00, 0x00, 0x00, 0x00, 0x00, 0x00, 0x00, 0x00, 0x00, 0x00, 0x00,
    0x00, 0x00, 0x00, 0x00, 0x00, 0x00, 0x00, 0x00, 0x00, 0x00, 0x00, 0x00, 0x00, 0x00, 0x00, 0x00,
    0x00, 0x00, 0x00, 0x00, 0x00, 0x00, 0x00, 0x00, 0x00, 0x00, 0x00, 0x00, 0x00, 0x00, 0x00, 0x00,
    0x00, 0x00, 0x00, 0x00, 0x00, 0x00, 0x00, 0x00, 0x00, 0x00, 0x00, 0x00, 0x00, 0x00, 0x00, 0x00,
    0x00, 0x00, 0x00, 0x00, 0x00, 0x00, 0x00, 0x00, 0x00, 0x00, 0x00, 0x00, 0x00, 0x00, 0x00, 0x00,
    0x00, 0x00, 0x00, 0x00, 0x00, 0x00, 0x00, 0x00, 0x00, 0x00, 0x00, 0x00, 0x00, 0x00, 0x00, 0x00,
    0x00, 0x00, 0x00, 0x00, 0x00, 0x00, 0x00, 0x00, 0x00, 0x00, 0x00, 0x00, 0x00, 0x00, 0x00, 0x00,
    0x00, 0x00, 0x00, 0x00, 0x00, 0x00, 0x00, 0x00, 0x00, 0x00, 0x00, 0x00, 0x00, 0x00, 0x00, 0x00,
    0x00, 0x00, 0x00, 0x00, 0x00, 0x00, 0x00, 0x00, 0x00, 0x00, 0x00, 0x00, 0x00, 0x00, 0x00, 0x00,
    0x00, 0x00, 0x00, 0x00, 0x00, 0x00, 0x00, 0x00, 0x00, 0x00, 0x00, 0x00, 0x00, 0x00, 0x00, 0x00,
    0x00, 0x00, 0x00, 0x00, 0x00, 0x00, 0x00, 0x00, 0x00, 0x00, 0x00, 0x00, 0x00, 0x00, 0x00, 0x00,
    0x00, 0x00, 0x00, 0x00, 0x00, 0x00, 0x00, 0x00, 0x00, 0x00, 0x00, 0x00, 0x00, 0x00, 0x00, 0x00,
    0x00, 0x00, 0x00, 0x00, 0x00, 0x00, 0x00, 0x00, 0x00, 0x00, 0x00, 0x00, 0x00, 0x00, 0x00, 0x00,
    0x00, 0x00, 0x00, 0x00, 0x00, 0x00, 0x00, 0x00, 0x00, 0x00, 0x00, 0x00, 0x00, 0x00, 0x00, 0x00,
    0x00, 0x00, 0x00, 0x00, 0x00, 0x00, 0x00, 0x00, 0x00, 0x00, 0x00, 0x00, 0x00, 0x00, 0x00, 0x00,
    0x00, 0x00, 0x00, 0x00, 0x00, 0x00, 0x00, 0x00, 0x00, 0x00, 0x00, 0x00, 0x00, 0x00, 0x00, 0x00,
    0x00, 0x00, 0x00, 0x00, 0x00, 0x00, 0x00, 0x00, 0x00, 0x00, 0x00, 0x00, 0x00, 0x00, 0x00, 0x00,
    0x00, 0x00, 0x00, 0x00, 0x00, 0x00, 0x00, 0x00, 0x00, 0x00, 0x00, 0x00, 0x00, 0x00, 0x00, 0x00,
    0x00, 0x00, 0x00, 0x00, 0x00, 0x00, 0x00, 0x00, 0x00, 0x00, 0x00, 0x00, 0x00, 0x00, 0x00, 0x00,
    0x00, 0x00, 0x00, 0x00, 0x00, 0x00, 0x00, 0x00, 0x00, 0x00, 0x00, 0x00, 0x00, 0x00, 0x00, 0x00,
    0x00, 0x00, 0x00, 0x00, 0x00, 0x00, 0x00, 0x00, 0x00, 0x00, 0x00, 0x00, 0x00, 0x00, 0x00, 0x00,
    0x00, 0x00, 0x00, 0x00, 0x00, 0x00, 0x00, 0x00, 0x00, 0x00, 0x00, 0x00, 0x00, 0x00, 0x00, 0x00,
    0x00, 0x00, 0x00, 0x00, 0x00, 0x00, 0x00, 0x00, 0x00, 0x00, 0x00, 0x00, 0x00, 0x00, 0x00, 0x00,
    0x00, 0x00, 0x00, 0x00, 0x00, 0x00, 0x00, 0x00, 0x00, 0x00, 0x00, 0x00, 0x00, 0x00, 0x00, 0x00,
    0x00, 0x00, 0x00, 0x00, 0x00, 0x00, 0x00, 0x00, 0x00, 0x00, 0x00, 0x00, 0x00, 0x00, 0x00, 0x00,
    0x00, 0x00, 0x00, 0x00, 0x00, 0x00, 0x00, 0x00, 0x00, 0x00, 0x00, 0x00, 0x00, 0x00, 0x00, 0x00,
    0x00, 0x00, 0x00, 0x00, 0x00, 0x00, 0x00, 0x00, 0x00, 0x00, 0x00, 0x00, 0x00, 0x00, 0x00, 0x00,
    0x00, 0x00, 0x00, 0x00, 0x00, 0x00, 0x00, 0x00, 0x00, 0x00, 0x00, 0x00, 0x00, 0x00, 0x00, 0x00,
    0x00, 0x00, 0x00, 0x00, 0x00, 0x00, 0x00, 0x00, 0x00, 0x00, 0x00, 0x00, 0x00, 0x00, 0x00, 0x00,
    0x00, 0x00, 0x00, 0x00, 0x00, 0x00, 0x00, 0x00, 0x00, 0x00, 0x00, 0x00, 0x00, 0x00, 0x00, 0x00,
    0x00, 0x00, 0x00, 0x00, 0x00, 0x00, 0x00, 0x00, 0x00, 0x00, 0x00, 0x00, 0x00, 0x00, 0x00, 0x00,
    0x00, 0x00, 0x00, 0x00, 0x00, 0x00, 0x00, 0x00, 0x00, 0x00, 0x00, 0x00, 0x00, 0x00, 0x00, 0x00,
    0x00, 0x00, 0x00, 0x00, 0x00, 0x00, 0x00, 0x00, 0x00, 0x00, 0x00, 0x00, 0x00, 0x00, 0x00, 0x00,
    0x00, 0x00, 0x00, 0x00, 0x00, 0x00, 0x00, 0x00, 0x00, 0x00, 0x00, 0x00, 0x00, 0x00, 0x00, 0x00,
    0x00, 0x00, 0x00, 0x00, 0x00, 0x00, 0x00, 0x00, 0x00, 0x00, 0x00, 0x00, 0x00, 0x00, 0x00, 0x00,
    0x00, 0x00, 0x00, 0x00, 0x00, 0x00, 0x00, 0x00, 0x00, 0x00, 0x00, 0x00, 0x00, 0x00, 0x00, 0x00,
    0x00, 0x00, 0x00, 0x00, 0x00, 0x00, 0x00, 0x00, 0x00, 0x00, 0x00, 0x00, 0x00, 0x00, 0x00, 0x00,
    0x00, 0x00, 0x00, 0x00, 0x00, 0x00, 0x00, 0x00, 0x00, 0x00, 0x00, 0x00, 0x00, 0x00, 0x00, 0x00,
    0x00, 0x00, 0x00, 0x00, 0x00, 0x00, 0x00, 0x00, 0x00, 0x00, 0x00, 0x00, 0x00, 0x00, 0x00, 0x00,
    0x00, 0x00, 0x00, 0x00, 0x00, 0x00, 0x00, 0x00, 0x00, 0x00, 0x00, 0x00, 0x00, 0x00, 0x00, 0x00,
    0x00, 0x00, 0x00, 0x00, 0x00, 0x00, 0x00, 0x00, 0x00, 0x00, 0x00, 0x00, 0x00, 0x00, 0x00, 0x00,
    0x00, 0x00, 0x00, 0x00, 0x00, 0x00, 0x00, 0x00, 0x00, 0x00, 0x00, 0x00, 0x00, 0x00, 0x00, 0x00,
    0x00, 0x00, 0x00, 0x00, 0x00, 0x00, 0x00, 0x00, 0x00, 0x00, 0x00, 0x00, 0x00, 0x00, 0x00, 0x00,
    0x00, 0x00, 0x00, 0x00, 0x00, 0x00, 0x00, 0x00, 0x00, 0x00, 0x00, 0x00, 0x00, 0x00, 0x00, 0x00,
    0x00, 0x00, 0x00, 0x00, 0x00, 0x00, 0x00, 0x00, 0x00, 0x00, 0x00, 0x00, 0x00, 0x00, 0x00, 0x00,
    0x00, 0x00, 0x00, 0x00, 0x00, 0x00, 0x00, 0x00, 0x00, 0x00, 0x00, 0x00, 0x00, 0x00, 0x00, 0x00,
    0x00, 0x00, 0x00, 0x00, 0x00, 0x00, 0x00, 0x00, 0x00, 0x00, 0x00, 0x00, 0x00, 0x00, 0x00, 0x00,
    0x00, 0x00, 0x00, 0x00, 0x00, 0x00, 0x00, 0x00, 0x00, 0x00, 0x00, 0x00, 0x00, 0x00, 0x00, 0x00,
    0x00, 0x00, 0x00, 0x00, 0x00, 0x00, 0x00, 0x00, 0x00, 0x00, 0x00, 0x00, 0x00, 0x00, 0x00, 0x00,
    0x00, 0x00, 0x00, 0x00, 0x00, 0x00, 0x00, 0x00, 0x00, 0x00, 0x00, 0x00, 0x00, 0x00, 0x00, 0x00,
    0x00, 0x00, 0x00, 0x00, 0x00, 0x00, 0x00, 0x00, 0x00, 0x00, 0x00, 0x00, 0x00, 0x00, 0x00, 0x00,
    0x00, 0x00, 0x00, 0x00, 0x00, 0x00, 0x00, 0x00, 0x00, 0x00, 0x00, 0x00, 0x00, 0x00, 0x00, 0x00,
    0x00, 0x00, 0x00, 0x00, 0x00, 0x00, 0x00, 0x00, 0x00, 0x00, 0x00, 0x00, 0x00, 0x00, 0x00, 0x00,
    0x00, 0x00, 0x00, 0x00, 0x00, 0x00, 0x00, 0x00, 0x00, 0x00, 0x00, 0x00, 0x00, 0x00, 0x00, 0x00,
    0x00, 0x00, 0x00, 0x00, 0x00, 0x00, 0x00, 0x00, 0x00, 0x00, 0x00, 0x00, 0x00, 0x00, 0x00, 0x00,
    0x00, 0x00, 0x00, 0x00, 0x00, 0x00, 0x00, 0x00, 0x00, 0x00, 0x00, 0x00, 0x00, 0x00, 0x00, 0x00,
    0x00, 0x00, 0x00, 0x00, 0x00, 0x00, 0x00, 0x00, 0x00, 0x00, 0x00, 0x00, 0x00, 0x00, 0x00, 0x00,
    0x00, 0x00, 0x00, 0x00, 0x00, 0x00, 0x00, 0x00, 0x00, 0x00, 0x00, 0x00, 0x00, 0x00, 0x00, 0x00,
    0x00, 0x00, 0x00, 0x00, 0x00, 0x00, 0x00, 0x00, 0x00, 0x00, 0x00, 0x00, 0x00, 0x00, 0x00, 0x00,
    0x00, 0x00, 0x00, 0x00, 0x00, 0x00, 0x00, 0x00, 0x00, 0x00, 0x00, 0x00, 0x00, 0x00, 0x00, 0x00,
    0x00, 0x00, 0x00, 0x00, 0x00, 0x00, 0x00, 0x00, 0x00, 0x00, 0x00, 0x00, 0x00, 0x00, 0x00, 0x00,
    0x00, 0x00, 0x00, 0x00, 0x00, 0x00, 0x00, 0x00, 0x00, 0x00, 0x00, 0x00, 0x00, 0x00, 0x00, 0x00,
    0x00, 0x00, 0x00, 0x00, 0x00, 0x00, 0x00, 0x00, 0x00, 0x00, 0x00, 0x00, 0x00, 0x00, 0x00, 0x00,
    0x00, 0x00, 0x00, 0x00, 0x00, 0x00, 0x00, 0x00, 0x00, 0x00, 0x00, 0x00, 0x00, 0x00, 0x00, 0x00,
    0x00, 0x00, 0x00, 0x00, 0x00, 0x00, 0x00, 0x00, 0x00, 0x00, 0x00, 0x00, 0x00, 0x00, 0x00, 0x00,
    0x00, 0x00, 0x00, 0x00, 0x00, 0x00, 0x00, 0x00, 0x00, 0x00, 0x00, 0x00, 0x00, 0x00, 0x00, 0x00,
    0x00, 0x00, 0x00, 0x00, 0x00, 0x00, 0x00, 0x00, 0x00, 0x00, 0x00, 0x00, 0x00, 0x00, 0x00, 0x00,
    0x00, 0x00, 0x00, 0x00, 0x00, 0x00, 0x00, 0x00, 0x00, 0x00, 0x00, 0x00, 0x00, 0x00, 0x00, 0x00,
    0x00, 0x00, 0x00, 0x00, 0x00, 0x00, 0x00, 0x00, 0x00, 0x00, 0x00, 0x00, 0x00, 0x00, 0x00, 0x00,
    0x00, 0x00, 0x00, 0x00, 0x00, 0x00, 0x00, 0x00, 0x00, 0x00, 0x00, 0x00, 0x00, 0x00, 0x00, 0x00,
    0x00, 0x00, 0x00, 0x00, 0x00, 0x00, 0x00, 0x00, 0x00, 0x00, 0x00, 0x00, 0x00, 0x00, 0x00, 0x00,
    0x00, 0x00, 0x00, 0x00, 0x00, 0x00, 0x00, 0x00, 0x00, 0x00, 0x00, 0x00, 0x00, 0x00, 0x00, 0x00,
    0x00, 0x00, 0x00, 0x00, 0x00, 0x00, 0x00, 0x00, 0x00, 0x00, 0x00, 0x00, 0x00, 0x00, 0x00, 0x00,
    0x00, 0x00, 0x00, 0x00, 0x00, 0x00, 0x00, 0x00, 0x00, 0x00, 0x00, 0x00, 0x00, 0x00, 0x00, 0x00,
    0x00, 0x00, 0x00, 0x00, 0x00, 0x00, 0x00, 0x00, 0x00, 0x00, 0x00, 0x00, 0x00, 0x00, 0x00, 0x00,
    0x00, 0x00, 0x00, 0x00, 0x00, 0x00, 0x00, 0x00, 0x00, 0x00, 0x00, 0x00, 0x00, 0x00, 0x00, 0x00,
    0x00, 0x00, 0x00, 0x00, 0x00, 0x00, 0x00, 0x00, 0x00, 0x00, 0x00, 0x00, 0x00, 0x00, 0x00, 0x00,
    0x00, 0x00, 0x00, 0x00, 0x00, 0x00, 0x00, 0x00, 0x00, 0x00, 0x00, 0x00, 0x00, 0x00, 0x00, 0x00,
    0x00, 0x00, 0x00, 0x00, 0x00, 0x00, 0x00, 0x00, 0x00, 0x00, 0x00, 0x00, 0x00, 0x00, 0x00, 0x00,
    0x00, 0x00, 0x00, 0x00, 0x00, 0x00, 0x00, 0x00, 0x00, 0x00, 0x00, 0x00, 0x00, 0x00, 0x00, 0x00,
    0x00, 0x00, 0x00, 0x00, 0x00, 0x00, 0x00, 0x00, 0x00, 0x00, 0x00, 0x00, 0x00, 0x00, 0x00, 0x00,
    0x00, 0x00, 0x00, 0x00, 0x00, 0x00, 0x00, 0x00, 0x00, 0x00, 0x00, 0x00, 0x00, 0x00, 0x00, 0x00,
    0x00, 0x00, 0x00, 0x00, 0x00, 0x00, 0x00, 0x00, 0x00, 0x00, 0x00, 0x00, 0x00, 0x00, 0x00, 0x00,
    0x00, 0x00, 0x00, 0x00, 0x00, 0x00, 0x00, 0x00, 0x00, 0x00, 0x00, 0x00, 0x00, 0x00, 0x00, 0x00,
    0x00, 0x00, 0x00, 0x00, 0x00, 0x00, 0x00, 0x00, 0x00, 0x00, 0x00, 0x00, 0x00, 0x00, 0x00, 0x00,
    0x00, 0x00, 0x00, 0x00, 0x00, 0x00, 0x00, 0x00, 0x00, 0x00, 0x00, 0x00, 0x00, 0x00, 0x00, 0x00,
    0x00, 0x00, 0x00, 0x00, 0x00, 0x00, 0x00, 0x00, 0x00, 0x00, 0x00, 0x00, 0x00, 0x00, 0x00, 0x00,
    0x00, 0x00, 0x00, 0x00, 0x00, 0x00, 0x00, 0x00, 0x00, 0x00, 0x00, 0x00, 0x00, 0x00, 0x00, 0x00,
    0x00, 0x00, 0x00, 0x00, 0x00, 0x00, 0x00, 0x00, 0x00, 0x00, 0x00, 0x00, 0x00, 0x00, 0x00, 0x00,
    0x00, 0x00, 0x00, 0x00, 0x00, 0x00, 0x00, 0x00, 0x00, 0x00, 0x00, 0x00, 0x00, 0x00, 0x00, 0x00,
    0x00, 0x00, 0x00, 0x00, 0x00, 0x00, 0x00, 0x00, 0x00, 0x00, 0x00, 0x00, 0x00, 0x00, 0x00, 0x00,
    0x00, 0x00, 0x00, 0x00, 0x00, 0x00, 0x00, 0x00, 0x00, 0x00, 0x00, 0x00, 0x00, 0x00, 0x00, 0x00,
    0x00, 0x00, 0x00, 0x00, 0x00, 0x00, 0x00, 0x00, 0x00, 0x00, 0x00, 0x00, 0x00, 0x00, 0x00, 0x00,
    0x00, 0x00, 0x00, 0x00, 0x00, 0x00, 0x00, 0x00, 0x00, 0x00, 0x00, 0x00, 0x00, 0x00, 0x00, 0x00,
    0x00, 0x00, 0x00, 0x00, 0x00, 0x00, 0x00, 0x00, 0x00, 0x00, 0x00, 0x00, 0x00, 0x00, 0x00, 0x00,
    0x00, 0x00, 0x00, 0x00, 0x00, 0x00, 0x00, 0x00, 0x00, 0x00, 0x00, 0x00, 0x00, 0x00, 0x00, 0x00,
    0x00, 0x00, 0x00, 0x00, 0x00, 0x00, 0x00, 0x00, 0x00, 0x00, 0x00, 0x00, 0x00, 0x00, 0x00, 0x00,
    0x00, 0x00, 0x00, 0x00, 0x00, 0x00, 0x00, 0x00, 0x00, 0x00, 0x00, 0x00, 0x00, 0x00, 0x00, 0x00,
    0x00, 0x00, 0x00, 0x00, 0x00, 0x00, 0x00, 0x00, 0x00, 0x00, 0x00, 0x00, 0x00, 0x00, 0x00, 0x00,
    0x00, 0x00, 0x00, 0x00, 0x00, 0x00, 0x00, 0x00, 0x00, 0x00, 0x00, 0x00, 0x00, 0x00, 0x00, 0x00,
    0x00, 0x00, 0x00, 0x00, 0x00, 0x00, 0x00, 0x00, 0x00, 0x00, 0x00, 0x00, 0x00, 0x00, 0x00, 0x00,
    0x00, 0x00, 0x00, 0x00, 0x00, 0x00, 0x00, 0x00, 0x00, 0x00, 0x00, 0x00, 0x00, 0x00, 0x00, 0x00,
    0x00, 0x00, 0x00, 0x00, 0x00, 0x00, 0x00, 0x00, 0x00, 0x00, 0x00, 0x00, 0x00, 0x00, 0x00, 0x00,
    0x00, 0x00, 0x00, 0x00, 0x00, 0x00, 0x00, 0x00, 0x00, 0x00, 0x00, 0x00, 0x00, 0x00, 0x00, 0x00,
    0x00, 0x00, 0x00, 0x00, 0x00, 0x00, 0x00, 0x00, 0x00, 0x00, 0x00, 0x00, 0x00, 0x00, 0x00, 0x00,
    0x00, 0x00, 0x00, 0x00, 0x00, 0x00, 0x00, 0x00, 0x00, 0x00, 0x00, 0x00, 0x00, 0x00, 0x00, 0x00,
    0x00, 0x00, 0x00, 0x00, 0x00, 0x00, 0x00, 0x00, 0x00, 0x00, 0x00, 0x00, 0x00, 0x00, 0x00, 0x00,
    0x00, 0x00, 0x00, 0x00, 0x00, 0x00, 0x00, 0x00, 0x00, 0x00, 0x00, 0x00, 0x00, 0x00, 0x00, 0x00,
    0x00, 0x00, 0x00, 0x00, 0x00, 0x00, 0x00, 0x00, 0x00, 0x00, 0x00, 0x00, 0x00, 0x00, 0x00, 0x00,
    0x00, 0x00, 0x00, 0x00, 0x00, 0x00, 0x00, 0x00, 0x00, 0x00, 0x00, 0x00, 0x00, 0x00, 0x00, 0x00,
    0x00, 0x00, 0x00, 0x00, 0x00, 0x00, 0x00, 0x00, 0x00, 0x00, 0x00, 0x00, 0x00, 0x00, 0x00, 0x00,
    0x00, 0x00, 0x00, 0x00, 0x00, 0x00, 0x00, 0x00, 0x00, 0x00, 0x00, 0x00, 0x00, 0x00, 0x00, 0x00,
    0x00, 0x00, 0x00, 0x00, 0x00, 0x00, 0x00, 0x00, 0x00, 0x00, 0x00, 0x00, 0x00, 0x00, 0x00, 0x00,
    0x00, 0x00, 0x00, 0x00, 0x00, 0x00, 0x00, 0x00, 0x00, 0x00, 0x00, 0x00, 0x00, 0x00, 0x00, 0x00,
    0x00, 0x00, 0x00, 0x00, 0x00, 0x00, 0x00, 0x00, 0x00, 0x00, 0x00, 0x00, 0x00, 0x00, 0x00, 0x00,
    0x00, 0x00, 0x00, 0x00, 0x00, 0x00, 0x00, 0x00, 0x00, 0x00, 0x00, 0x00, 0x00, 0x00, 0x00, 0x00,
    0x00, 0x00, 0x00, 0x00, 0x00, 0x00, 0x00, 0x00, 0x00, 0x00, 0x00, 0x00, 0x00, 0x00, 0x00, 0x00,
    0x00, 0x00, 0x00, 0x00, 0x00, 0x00, 0x00, 0x00, 0x00, 0x00, 0x00, 0x00, 0x00, 0x00, 0x00, 0x00,
    0x00, 0x00, 0x00, 0x00, 0x00, 0x00, 0x00, 0x00, 0x00, 0x00, 0x00, 0x00, 0x00, 0x00, 0x00, 0x00,
    0x00, 0x00, 0x00, 0x00, 0x00, 0x00, 0x00, 0x00, 0x00, 0x00, 0x00, 0x00, 0x00, 0x00, 0x00, 0x00,
    0x00, 0x00, 0x00, 0x00, 0x00, 0x00, 0x00, 0x00, 0x00, 0x00, 0x00, 0x00, 0x00, 0x00, 0x00, 0x00,
    0x00, 0x00, 0x00, 0x00, 0x00, 0x00, 0x00, 0x00, 0x00, 0x00, 0x00, 0x00, 0x00, 0x00, 0x00, 0x00,
    0x00, 0x00, 0x00, 0x00, 0x00, 0x00, 0x00, 0x00, 0x00, 0x00, 0x00, 0x00, 0x00, 0x00, 0x00, 0x00,
    0x00, 0x00, 0x00, 0x00, 0x00, 0x00, 0x00, 0x00, 0x00, 0x00, 0x00, 0x00, 0x00, 0x00, 0x00, 0x00,
    0x00, 0x00, 0x00, 0x00, 0x00, 0x00, 0x00, 0x00, 0x00, 0x00, 0x00, 0x00, 0x00, 0x00, 0x00, 0x00,
    0x00, 0x00, 0x00, 0x00, 0x00, 0x00, 0x00, 0x00, 0x00, 0x00, 0x00, 0x00, 0x00, 0x00, 0x00, 0x00,
    0x00, 0x00, 0x00, 0x00, 0x00, 0x00, 0x00, 0x00, 0x00, 0x00, 0x00, 0x00, 0x00, 0x00, 0x00, 0x00,
    0x00, 0x00, 0x00, 0x00, 0x00, 0x00, 0x00, 0x00, 0x00, 0x00, 0x00, 0x00, 0x00, 0x00, 0x00, 0x00,
    0x00, 0x00, 0x00, 0x00, 0x00, 0x00, 0x00, 0x00, 0x00, 0x00, 0x00, 0x00, 0x00, 0x00, 0x00, 0x00,
    0x00, 0x00, 0x00, 0x00, 0x00, 0x00, 0x00, 0x00, 0x00, 0x00, 0x00, 0x00, 0x00, 0x00, 0x00, 0x00,
    0x00, 0x00, 0x00, 0x00, 0x00, 0x00, 0x00, 0x00, 0x00, 0x00, 0x00, 0x00, 0x00, 0x00, 0x00, 0x00,
    0x00, 0x00, 0x00, 0x00, 0x00, 0x00, 0x00, 0x00, 0x00, 0x00, 0x00, 0x00, 0x00, 0x00, 0x00, 0x00,
    0x00, 0x00, 0x00, 0x00, 0x00, 0x00, 0x00, 0x00, 0x00, 0x00, 0x00, 0x00, 0x00, 0x00, 0x00, 0x00,
    0x00, 0x00, 0x00, 0x00, 0x00, 0x00, 0x00, 0x00, 0x00, 0x00, 0x00, 0x00, 0x00, 0x00, 0x00, 0x00,
    0x00, 0x00, 0x00, 0x00, 0x00, 0x00, 0x00, 0x00, 0x00, 0x00, 0x00, 0x00, 0x00, 0x00, 0x00, 0x00,
    0x00, 0x00, 0x00, 0x00, 0x00, 0x00, 0x00, 0x00, 0x00, 0x00, 0x00, 0x00, 0x00, 0x00, 0x00, 0x00,
    0x00, 0x00, 0x00, 0x00, 0x00, 0x00, 0x00, 0x00, 0x00, 0x00, 0x00, 0x00, 0x00, 0x00, 0x00, 0x00,
    0x00, 0x00, 0x00, 0x00, 0x00, 0x00, 0x00, 0x00, 0x00, 0x00, 0x00, 0x00, 0x00, 0x00, 0x00, 0x00,
    0x00, 0x00, 0x00, 0x00, 0x00, 0x00, 0x00, 0x00, 0x00, 0x00, 0x00, 0x00, 0x00, 0x00, 0x00, 0x00,
    0x00, 0x00, 0x00, 0x00, 0x00, 0x00, 0x00, 0x00, 0x00, 0x00, 0x00, 0x00, 0x00, 0x00, 0x00, 0x00,
    0x00, 0x00, 0x00, 0x00, 0x00, 0x00, 0x00, 0x00, 0x00, 0x00, 0x00, 0x00, 0x00, 0x00, 0x00, 0x00,
    0x00, 0x00, 0x00, 0x00, 0x00, 0x00, 0x00, 0x00, 0x00, 0x00, 0x00, 0x00, 0x00, 0x00, 0x00, 0x00,
    0x00, 0x00, 0x00, 0x00, 0x00, 0x00, 0x00, 0x00, 0x00, 0x00, 0x00, 0x00, 0x00, 0x00, 0x00, 0x00,
    0x00, 0x00, 0x00, 0x00, 0x00, 0x00, 0x00, 0x00, 0x00, 0x00, 0x00, 0x00, 0x00, 0x00, 0x00, 0x00,
    0x00, 0x00, 0x00, 0x00, 0x00, 0x00, 0x00, 0x00, 0x00, 0x00, 0x00, 0x00, 0x00, 0x00, 0x00, 0x00,
    0x00, 0x00, 0x00, 0x00, 0x00, 0x00, 0x00, 0x00, 0x00, 0x00, 0x00, 0x00, 0x00, 0x00, 0x00, 0x00,
    0x00, 0x00, 0x00, 0x00, 0x00, 0x00, 0x00, 0x00, 0x00, 0x00, 0x00, 0x00, 0x00, 0x00, 0x00, 0x00,
    0x00, 0x00, 0x00, 0x00, 0x00, 0x00, 0x00, 0x00, 0x00, 0x00, 0x00, 0x00, 0x00, 0x00, 0x00, 0x00,
    0x00, 0x00, 0x00, 0x00, 0x00, 0x00, 0x00, 0x00, 0x00, 0x00, 0x00, 0x00, 0x00, 0x00, 0x00, 0x00,
    0x00, 0x00, 0x00, 0x00, 0x00, 0x00, 0x00, 0x00, 0x00, 0x00, 0x00, 0x00, 0x00, 0x00, 0x00, 0x00,
    0x00, 0x00, 0x00, 0x00, 0x00, 0x00, 0x00, 0x00, 0x00, 0x00, 0x00, 0x00, 0x00, 0x00, 0x00, 0x00,
    0x00, 0x00, 0x00, 0x00, 0x00, 0x00, 0x00, 0x00, 0x00, 0x00, 0x00, 0x00, 0x00, 0x00, 0x00, 0x00,
    0x00, 0x00, 0x00, 0x00, 0x00, 0x00, 0x00, 0x00, 0x00, 0x00, 0x00, 0x00, 0x00, 0x00, 0x00, 0x00,
    0x00, 0x00, 0x00, 0x00, 0x00, 0x00, 0x00, 0x00, 0x00, 0x00, 0x00, 0x00, 0x00, 0x00, 0x00, 0x00,
    0x00, 0x00, 0x00, 0x00, 0x00, 0x00, 0x00, 0x00, 0x00, 0x00, 0x00, 0x00, 0x00, 0x00, 0x00, 0x00,
    0x00, 0x00, 0x00, 0x00, 0x00, 0x00, 0x00, 0x00, 0x00, 0x00, 0x00, 0x00, 0x00, 0x00, 0x00, 0x00,
    0x00, 0x00, 0x00, 0x00, 0x00, 0x00, 0x00, 0x00, 0x00, 0x00, 0x00, 0x00, 0x00, 0x00, 0x00, 0x00,
    0x00, 0x00, 0x00, 0x00, 0x00, 0x00, 0x00, 0x00, 0x00, 0x00, 0x00, 0x00, 0x00, 0x00, 0x00, 0x00,
    0x00, 0x00, 0x00, 0x00, 0x00, 0x00, 0x00, 0x00, 0x00, 0x00, 0x00, 0x00, 0x00, 0x00, 0x00, 0x00,
    0x00, 0x00, 0x00, 0x00, 0x00, 0x00, 0x00, 0x00, 0x00, 0x00, 0x00, 0x00, 0x00, 0x00, 0x00, 0x00,
    0x00, 0x00, 0x00, 0x00, 0x00, 0x00, 0x00, 0x00, 0x00, 0x00, 0x00, 0x00, 0x00, 0x00, 0x00, 0x00,
    0x00, 0x00, 0x00, 0x00, 0x00, 0x00, 0x00, 0x00, 0x00, 0x00, 0x00, 0x00, 0x00, 0x00, 0x00, 0x00,
    0x00, 0x00, 0x00, 0x00, 0x00, 0x00, 0x00, 0x00, 0x00, 0x00, 0x00, 0x00, 0x00, 0x00, 0x00, 0x00,
    0x00, 0x00, 0x00, 0x00, 0x00, 0x00, 0x00, 0x00, 0x00, 0x00, 0x00, 0x00, 0x00, 0x00, 0x00, 0x00,
    0x00, 0x00, 0x00, 0x00, 0x00, 0x00, 0x00, 0x00, 0x00, 0x00, 0x00, 0x00, 0x00, 0x00, 0x00, 0x00,
    0x00, 0x00, 0x00, 0x00, 0x00, 0x00, 0x00, 0x00, 0x00, 0x00, 0x00, 0x00, 0x00, 0x00, 0x00, 0x00,
    0x00, 0x00, 0x00, 0x00, 0x00, 0x00, 0x00, 0x00, 0x00, 0x00, 0x00, 0x00, 0x00, 0x00, 0x00, 0x00,
    0x00, 0x00, 0x00, 0x00, 0x00, 0x00, 0x00, 0x00, 0x00, 0x00, 0x00, 0x00, 0x00, 0x00, 0x00, 0x00,
    0x00, 0x00, 0x00, 0x00, 0x00, 0x00, 0x00, 0x00, 0x00, 0x00, 0x00, 0x00, 0x00, 0x00, 0x00, 0x00,
    0x00, 0x00, 0x00, 0x00, 0x00, 0x00, 0x00, 0x00, 0x00, 0x00, 0x00, 0x00, 0x00, 0x00, 0x00, 0x00,
    0x00, 0x00, 0x00, 0x00, 0x00, 0x00, 0x00, 0x00, 0x00, 0x00, 0x00, 0x00, 0x00, 0x00, 0x00, 0x00,
    0x00, 0x00, 0x00, 0x00, 0x00, 0x00, 0x00, 0x00, 0x00, 0x00, 0x00, 0x00, 0x00, 0x00, 0x00, 0x00,
    0x00, 0x00, 0x00, 0x00, 0x00, 0x00, 0x00, 0x00, 0x00, 0x00, 0x00, 0x00, 0x00, 0x00, 0x00, 0x00,
    0x00, 0x00, 0x00, 0x00, 0x00, 0x00, 0x00, 0x00, 0x00, 0x00, 0x00, 0x00, 0x00, 0x00, 0x00, 0x00,
    0x00, 0x00, 0x00, 0x00, 0x00, 0x00, 0x00, 0x00, 0x00, 0x00, 0x00, 0x00, 0x00, 0x00, 0x00, 0x00,
    0x00, 0x00, 0x00, 0x00, 0x00, 0x00, 0x00, 0x00, 0x00, 0x00, 0x00, 0x00, 0x00, 0x00, 0x00, 0x00,
    0x00, 0x00, 0x00, 0x00, 0x00, 0x00, 0x00, 0x00, 0x00, 0x00, 0x00, 0x00, 0x00, 0x00, 0x00, 0x00,
    0x00, 0x00, 0x00, 0x00, 0x00, 0x00, 0x00, 0x00, 0x00, 0x00, 0x00, 0x00, 0x00, 0x00, 0x00, 0x00,
    0x00, 0x00, 0x00, 0x00, 0x00, 0x00, 0x00, 0x00, 0x00, 0x00, 0x00, 0x00, 0x00, 0x00, 0x00, 0x00,
    0x00, 0x00, 0x00, 0x00, 0x00, 0x00, 0x00, 0x00, 0x00, 0x00, 0x00, 0x00, 0x00, 0x00, 0x00, 0x00,
    0x00, 0x00, 0x00, 0x00, 0x00, 0x00, 0x00, 0x00, 0x00, 0x00, 0x00, 0x00, 0x00, 0x00, 0x00, 0x00,
    0x00, 0x00, 0x00, 0x00, 0x00, 0x00, 0x00, 0x00, 0x00, 0x00, 0x00, 0x00, 0x00, 0x00, 0x00, 0x00,
    0x00, 0x00, 0x00, 0x00, 0x00, 0x00, 0x00, 0x00, 0x00, 0x00, 0x00, 0x00, 0x00, 0x00, 0x00, 0x00,
    0x00, 0x00, 0x00, 0x00, 0x00, 0x00, 0x00, 0x00, 0x00, 0x00, 0x00, 0x00, 0x00, 0x00, 0x00, 0x00,
    0x00, 0x00, 0x00, 0x00, 0x00, 0x00, 0x00, 0x00, 0x00, 0x00, 0x00, 0x00, 0x00, 0x00, 0x00, 0x00,
    0x00, 0x00, 0x00, 0x00, 0x00, 0x00, 0x00, 0x00, 0x00, 0x00, 0x00, 0x00, 0x00, 0x00, 0x00, 0x00,
    0x00, 0x00, 0x00, 0x00, 0x00, 0x00, 0x00, 0x00, 0x00, 0x00, 0x00, 0x00, 0x00, 0x00, 0x00, 0x00,
    0x00, 0x00, 0x00, 0x00, 0x00, 0x00, 0x00, 0x00, 0x00, 0x00, 0x00, 0x00, 0x00, 0x00, 0x00, 0x00,
    0x00, 0x00, 0x00, 0x00, 0x00, 0x00, 0x00, 0x00, 0x00, 0x00, 0x00, 0x00, 0x00, 0x00, 0x00, 0x00,
    0x00, 0x00, 0x00, 0x00, 0x00, 0x00, 0x00, 0x00, 0x00, 0x00, 0x00, 0x00, 0x00, 0x00, 0x00, 0x00,
    0x00, 0x00, 0x00, 0x00, 0x00, 0x00, 0x00, 0x00, 0x00, 0x00, 0x00, 0x00, 0x00, 0x00, 0x00, 0x00,
    0x00, 0x00, 0x00, 0x00, 0x00, 0x00, 0x00, 0x00, 0x00, 0x00, 0x00, 0x00, 0x00, 0x00, 0x00, 0x00,
    0x00, 0x00, 0x00, 0x00, 0x00, 0x00, 0x00, 0x00, 0x00, 0x00, 0x00, 0x00, 0x00, 0x00, 0x00, 0x00,
    0x00, 0x00, 0x00, 0x00, 0x00, 0x00, 0x00, 0x00, 0x00, 0x00, 0x00, 0x00, 0x00, 0x00, 0x00, 0x00,
    0x00, 0x00, 0x00, 0x00, 0x00, 0x00, 0x00, 0x00, 0x00, 0x00, 0x00, 0x00, 0x00, 0x00, 0x00, 0x00,
    0x00, 0x00, 0x00, 0x00, 0x00, 0x00, 0x00, 0x00, 0x00, 0x00, 0x00, 0x00, 0x00, 0x00, 0x00, 0x00,
    0x00, 0x00, 0x00, 0x00, 0x00, 0x00, 0x00, 0x00, 0x00, 0x00, 0x00, 0x00, 0x00, 0x00, 0x00, 0x00,
    0x00, 0x00, 0x00, 0x00, 0x00, 0x00, 0x00, 0x00, 0x00, 0x00, 0x00, 0x00, 0x00, 0x00, 0x00, 0x00,
    0x00, 0x00, 0x00, 0x00, 0x00, 0x00, 0x00, 0x00, 0x00, 0x00, 0x00, 0x00, 0x00, 0x00, 0x00, 0x00,
    0x00, 0x00, 0x00, 0x00, 0x00, 0x00, 0x00, 0x00, 0x00, 0x00, 0x00, 0x00, 0x00, 0x00, 0x00, 0x00,
    0x00, 0x00, 0x00, 0x00, 0x00, 0x00, 0x00, 0x00, 0x00, 0x00, 0x00, 0x00, 0x00, 0x00, 0x00, 0x00,
    0x00, 0x00, 0x00, 0x00, 0x00, 0x00, 0x00, 0x00, 0x00, 0x00, 0x00, 0x00, 0x00, 0x00, 0x00, 0x00,
    0x00, 0x00, 0x00, 0x00, 0x00, 0x00, 0x00, 0x00, 0x00, 0x00, 0x00, 0x00, 0x00, 0x00, 0x00, 0x00,
    0x00, 0x00, 0x00, 0x00, 0x00, 0x00, 0x00, 0x00, 0x00, 0x00, 0x00, 0x00, 0x00, 0x00, 0x00, 0x00,
    0x00, 0x00, 0x00, 0x00, 0x00, 0x00, 0x00, 0x00, 0x00, 0x00, 0x00, 0x00, 0x00, 0x00, 0x00, 0x00,
    0x00, 0x00, 0x00, 0x00, 0x00, 0x00, 0x00, 0x00, 0x00, 0x00, 0x00, 0x00, 0x00, 0x00, 0x00, 0x00,
    0x00, 0x00, 0x00, 0x00, 0x00, 0x00, 0x00, 0x00, 0x00, 0x00, 0x00, 0x00, 0x00, 0x00, 0x00, 0x00,
    0x00, 0x00, 0x00, 0x00, 0x00, 0x00, 0x00, 0x00, 0x00, 0x00, 0x00, 0x00, 0x00, 0x00, 0x00, 0x00,
    0x00, 0x00, 0x00, 0x00, 0x00, 0x00, 0x00, 0x00, 0x00, 0x00, 0x00, 0x00, 0x00, 0x00, 0x00, 0x00,
    0x00, 0x00, 0x00, 0x00, 0x00, 0x00, 0x00, 0x00, 0x00, 0x00, 0x00, 0x00, 0x00, 0x00, 0x00, 0x00,
    0x00, 0x00, 0x00, 0x00, 0x00, 0x00, 0x00, 0x00, 0x00, 0x00, 0x00, 0x00, 0x00, 0x00, 0x00, 0x00,
    0x00, 0x00, 0x00, 0x00, 0x00, 0x00, 0x00, 0x00, 0x00, 0x00, 0x00, 0x00, 0x00, 0x00, 0x00, 0x00,
    0x00, 0x00, 0x00, 0x00, 0x00, 0x00, 0x00, 0x00, 0x00, 0x00, 0x00, 0x00, 0x00, 0x00, 0x00, 0x00,
    0x00, 0x00, 0x00, 0x00, 0x00, 0x00, 0x00, 0x00, 0x00, 0x00, 0x00, 0x00, 0x00, 0x00, 0x00, 0x00,
    0x00, 0x00, 0x00, 0x00, 0x00, 0x00, 0x00, 0x00, 0x00, 0x00, 0x00, 0x00, 0x00, 0x00, 0x00, 0x00,
    0x00, 0x00, 0x00, 0x00, 0x00, 0x00, 0x00, 0x00, 0x00, 0x00, 0x00, 0x00, 0x00, 0x00, 0x00, 0x00,
    0x00, 0x00, 0x00, 0x00, 0x00, 0x00, 0x00, 0x00, 0x00, 0x00, 0x00, 0x00, 0x00, 0x00, 0x00, 0x00,
    0x00, 0x00, 0x00, 0x00, 0x00, 0x00, 0x00, 0x00, 0x00, 0x00, 0x00, 0x00, 0x00, 0x00, 0x00, 0x00,
    0x00, 0x00, 0x00, 0x00, 0x00, 0x00, 0x00, 0x00, 0x00, 0x00, 0x00, 0x00, 0x00, 0x00, 0x00, 0x00,
    0x00, 0x00, 0x00, 0x00, 0x00, 0x00, 0x00, 0x00, 0x00, 0x00, 0x00, 0x00, 0x00, 0x00, 0x00, 0x00,
    0x00, 0x00, 0x00, 0x00, 0x00, 0x00, 0x00, 0x00, 0x00, 0x00, 0x00, 0x00, 0x00, 0x00, 0x00, 0x00,
    0x00, 0x00, 0x00, 0x00, 0x00, 0x00, 0x00, 0x00, 0x00, 0x00, 0x00, 0x00, 0x00, 0x00, 0x00, 0x00,
    0x00, 0x00, 0x00, 0x00, 0x00, 0x00, 0x00, 0x00, 0x00, 0x00, 0x00, 0x00, 0x00, 0x00, 0x00, 0x00,
    0x00, 0x00, 0x00, 0x00, 0x00, 0x00, 0x00, 0x00, 0x00, 0x00, 0x00, 0x00, 0x00, 0x00, 0x00, 0x00,
    0x00, 0x00, 0x00, 0x00, 0x00, 0x00, 0x00, 0x00, 0x00, 0x00, 0x00, 0x00, 0x00, 0x00, 0x00, 0x00,
    0x00, 0x00, 0x00, 0x00, 0x00, 0x00, 0x00, 0x00, 0x00, 0x00, 0x00, 0x00, 0x00, 0x00, 0x00, 0x00,
    0x00, 0x00, 0x00, 0x00, 0x00, 0x00, 0x00, 0x00, 0x00, 0x00, 0x00, 0x00, 0x00, 0x00, 0x00, 0x00,
    0x00, 0x00, 0x00, 0x00, 0x00, 0x00, 0x00, 0x00, 0x00, 0x00, 0x00, 0x00, 0x00, 0x00, 0x00, 0x00,
    0x00, 0x00, 0x00, 0x00, 0x00, 0x00, 0x00, 0x00, 0x00, 0x00, 0x00, 0x00, 0x00, 0x00, 0x00, 0x00,
    0x00, 0x00, 0x00, 0x00, 0x00, 0x00, 0x00, 0x00, 0x00, 0x00, 0x00, 0x00, 0x00, 0x00, 0x00, 0x00,
    0x00, 0x00, 0x00, 0x00, 0x00, 0x00, 0x00, 0x00, 0x00, 0x00, 0x00, 0x00, 0x00, 0x00, 0x00, 0x00,
    0x00, 0x00, 0x00, 0x00, 0x00, 0x00, 0x00, 0x00, 0x00, 0x00, 0x00, 0x00, 0x00, 0x00, 0x00, 0x00,
    0x00, 0x00, 0x00, 0x00, 0x00, 0x00, 0x00, 0x00, 0x00, 0x00, 0x00, 0x00, 0x00, 0x00, 0x00, 0x00,
    0x00, 0x00, 0x00, 0x00, 0x00, 0x00, 0x00, 0x00, 0x00, 0x00, 0x00, 0x00, 0x00, 0x00, 0x00, 0x00,
    0x00, 0x00, 0x00, 0x00, 0x00, 0x00, 0x00, 0x00, 0x00, 0x00, 0x00, 0x00, 0x00, 0x00, 0x00, 0x00,
    0x00, 0x00, 0x00, 0x00, 0x00, 0x00, 0x00, 0x00, 0x00, 0x00, 0x00, 0x00, 0x00, 0x00, 0x00, 0x00,
    0x00, 0x00, 0x00, 0x00, 0x00, 0x00, 0x00, 0x00, 0x00, 0x00, 0x00, 0x00, 0x00, 0x00, 0x00, 0x00,
    0x00, 0x00, 0x00, 0x00, 0x00, 0x00, 0x00, 0x00, 0x00, 0x00, 0x00, 0x00, 0x00, 0x00, 0x00, 0x00,
    0x00, 0x00, 0x00, 0x00, 0x00, 0x00, 0x00, 0x00, 0x00, 0x00, 0x00, 0x00, 0x00, 0x00, 0x00, 0x00,
    0x00, 0x00, 0x00, 0x00, 0x00, 0x00, 0x00, 0x00, 0x00, 0x00, 0x00, 0x00, 0x00, 0x00, 0x00, 0x00,
    0x00, 0x00, 0x00, 0x00, 0x00, 0x00, 0x00, 0x00, 0x00, 0x00, 0x00, 0x00, 0x00, 0x00, 0x00, 0x00,
    0x00, 0x00, 0x00, 0x00, 0x00, 0x00, 0x00, 0x00, 0x00, 0x00, 0x00, 0x00, 0x00, 0x00, 0x00, 0x00,
    0x00, 0x00, 0x00, 0x00, 0x00, 0x00, 0x00, 0x00, 0x00, 0x00, 0x00, 0x00, 0x00, 0x00, 0x00, 0x00,
    0x00, 0x00, 0x00, 0x00, 0x00, 0x00, 0x00, 0x00, 0x00, 0x00, 0x00, 0x00, 0x00, 0x00, 0x00, 0x00,
    0x00, 0x00, 0x00, 0x00, 0x00, 0x00, 0x00, 0x00, 0x00, 0x00, 0x00, 0x00, 0x00, 0x00, 0x00, 0x00,
    0x00, 0x00, 0x00, 0x00, 0x00, 0x00, 0x00, 0x00, 0x00, 0x00, 0x00, 0x00, 0x00, 0x00, 0x00, 0x00,
    0x00, 0x00, 0x00, 0x00, 0x00, 0x00, 0x00, 0x00, 0x00, 0x00, 0x00, 0x00, 0x00, 0x00, 0x00, 0x00,
    0x00, 0x00, 0x00, 0x00, 0x00, 0x00, 0x00, 0x00, 0x00, 0x00, 0x00, 0x00, 0x00, 0x00, 0x00, 0x00,
    0x00, 0x00, 0x00, 0x00, 0x00, 0x00, 0x00, 0x00, 0x00, 0x00, 0x00, 0x00, 0x00, 0x00, 0x00, 0x00,
    0x00, 0x00, 0x00, 0x00, 0x00, 0x00, 0x00, 0x00, 0x00, 0x00, 0x00, 0x00, 0x00, 0x00, 0x00, 0x00,
    0x00, 0x00, 0x00, 0x00, 0x00, 0x00, 0x00, 0x00, 0x00, 0x00, 0x00, 0x00, 0x00, 0x00, 0x00, 0x00,
    0x00, 0x00, 0x00, 0x00, 0x00, 0x00, 0x00, 0x00, 0x00, 0x00, 0x00, 0x00, 0x00, 0x00, 0x00, 0x00,
    0x00, 0x00, 0x00, 0x00, 0x00, 0x00, 0x00, 0x00, 0x00, 0x00, 0x00, 0x00, 0x00, 0x00, 0x00, 0x00,
    0x00, 0x00, 0x00, 0x00, 0x00, 0x00, 0x00, 0x00, 0x00, 0x00, 0x00, 0x00, 0x00, 0x00, 0x00, 0x00,
    0x00, 0x00, 0x00, 0x00, 0x00, 0x00, 0x00, 0x00, 0x00, 0x00, 0x00, 0x00, 0x00, 0x00, 0x00, 0x00,
    0x00, 0x00, 0x00, 0x00, 0x00, 0x00, 0x00, 0x00, 0x00, 0x00, 0x00, 0x00, 0x00, 0x00, 0x00, 0x00,
    0x00, 0x00, 0x00, 0x00, 0x00, 0x00, 0x00, 0x00, 0x00, 0x00, 0x00, 0x00, 0x00, 0x00, 0x00, 0x00,
    0x00, 0x00, 0x00, 0x00, 0x00, 0x00, 0x00, 0x00, 0x00, 0x00, 0x00, 0x00, 0x00, 0x00, 0x00, 0x00,
    0x00, 0x00, 0x00, 0x00, 0x00, 0x00, 0x00, 0x00, 0x00, 0x00, 0x00, 0x00, 0x00, 0x00, 0x00, 0x00,
    0x00, 0x00, 0x00, 0x00, 0x00, 0x00, 0x00, 0x00, 0x00, 0x00, 0x00, 0x00, 0x00, 0x00, 0x00, 0x00,
    0x00, 0x00, 0x00, 0x00, 0x00, 0x00, 0x00, 0x00, 0x00, 0x00, 0x00, 0x00, 0x00, 0x00, 0x00, 0x00,
    0x00, 0x00, 0x00, 0x00, 0x00, 0x00, 0x00, 0x00, 0x00, 0x00, 0x00, 0x00, 0x00, 0x00, 0x00, 0x00,
    0x00, 0x00, 0x00, 0x00, 0x00, 0x00, 0x00, 0x00, 0x00, 0x00, 0x00, 0x00, 0x00, 0x00, 0x00, 0x00,
    0x00, 0x00, 0x00, 0x00, 0x00, 0x00, 0x00, 0x00, 0x00, 0x00, 0x00, 0x00, 0x00, 0x00, 0x00, 0x00,
    0x00, 0x00, 0x00, 0x00, 0x00, 0x00, 0x00, 0x00, 0x00, 0x00, 0x00, 0x00, 0x00, 0x00, 0x00, 0x00,
    0x00, 0x00, 0x00, 0x00, 0x00, 0x00, 0x00, 0x00, 0x00, 0x00, 0x00, 0x00, 0x00, 0x00, 0x00, 0x00,
    0x00, 0x00, 0x00, 0x00, 0x00, 0x00, 0x00, 0x00, 0x00, 0x00, 0x00, 0x00, 0x00, 0x00, 0x00, 0x00,
    0x00, 0x00, 0x00, 0x00, 0x00, 0x00, 0x00, 0x00, 0x00, 0x00, 0x00, 0x00, 0x00, 0x00, 0x00, 0x00,
    0x00, 0x00, 0x00, 0x00, 0x00, 0x00, 0x00, 0x00, 0x00, 0x00, 0x00, 0x00, 0x00, 0x00, 0x00, 0x00,
    0x00, 0x00, 0x00, 0x00, 0x00, 0x00, 0x00, 0x00, 0x00, 0x00, 0x00, 0x00, 0x00, 0x00, 0x00, 0x00,
    0x00, 0x00, 0x00, 0x00, 0x00, 0x00, 0x00, 0x00, 0x00, 0x00, 0x00, 0x00, 0x00, 0x00, 0x00, 0x00,
    0x00, 0x00, 0x00, 0x00, 0x00, 0x00, 0x00, 0x00, 0x00, 0x00, 0x00, 0x00, 0x00, 0x00, 0x00, 0x00,
    0x00, 0x00, 0x00, 0x00, 0x00, 0x00, 0x00, 0x00, 0x00, 0x00, 0x00, 0x00, 0x00, 0x00, 0x00, 0x00,
    0x00, 0x00, 0x00, 0x00, 0x00, 0x00, 0x00, 0x00, 0x00, 0x00, 0x00, 0x00, 0x00, 0x00, 0x00, 0x00,
    0x00, 0x00, 0x00, 0x00, 0x00, 0x00, 0x00, 0x00, 0x00, 0x00, 0x00, 0x00, 0x00, 0x00, 0x00, 0x00,
    0x00, 0x00, 0x00, 0x00, 0x00, 0x00, 0x00, 0x00, 0x00, 0x00, 0x00, 0x00, 0x00, 0x00, 0x00, 0x00,
    0x00, 0x00, 0x00, 0x00, 0x00, 0x00, 0x00, 0x00, 0x00, 0x00, 0x00, 0x00, 0x00, 0x00, 0x00, 0x00,
    0x00, 0x00, 0x00, 0x00, 0x00, 0x00, 0x00, 0x00, 0x00, 0x00, 0x00, 0x00, 0x00, 0x00, 0x00, 0x00,
    0x00, 0x00, 0x00, 0x00, 0x00, 0x00, 0x00, 0x00, 0x00, 0x00, 0x00, 0x00, 0x00, 0x00, 0x00, 0x00,
    0x00, 0x00, 0x00, 0x00, 0x00, 0x00, 0x00, 0x00, 0x00, 0x00, 0x00, 0x00, 0x00, 0x00, 0x00, 0x00,
    0x00, 0x00, 0x00, 0x00, 0x00, 0x00, 0x00, 0x00, 0x00, 0x00, 0x00, 0x00, 0x00, 0x00, 0x00, 0x00,
    0x00, 0x00, 0x00, 0x00, 0x00, 0x00, 0x00, 0x00, 0x00, 0x00, 0x00, 0x00, 0x00, 0x00, 0x00, 0x00,
    0x00, 0x00, 0x00, 0x00, 0x00, 0x00, 0x00, 0x00, 0x00, 0x00, 0x00, 0x00, 0x00, 0x00, 0x00, 0x00,
    0x00, 0x00, 0x00, 0x00, 0x00, 0x00, 0x00, 0x00, 0x00, 0x00, 0x00, 0x00, 0x00, 0x00, 0x00, 0x00,
    0x00, 0x00, 0x00, 0x00, 0x00, 0x00, 0x00, 0x00, 0x00, 0x00, 0x00, 0x00, 0x00, 0x00, 0x00, 0x00,
    0x00, 0x00, 0x00, 0x00, 0x00, 0x00, 0x00, 0x00, 0x00, 0x00, 0x00, 0x00, 0x00, 0x00, 0x00, 0x00,
    0x00, 0x00, 0x00, 0x00, 0x00, 0x00, 0x00, 0x00, 0x00, 0x00, 0x00, 0x00, 0x00, 0x00, 0x00, 0x00,
    0x00, 0x00, 0x00, 0x00, 0x00, 0x00, 0x00, 0x00, 0x00, 0x00, 0x00, 0x00, 0x00, 0x00, 0x00, 0x00,
    0x00, 0x00, 0x00, 0x00, 0x00, 0x00, 0x00, 0x00, 0x00, 0x00, 0x00, 0x00, 0x00, 0x00, 0x00, 0x00,
    0x00, 0x00, 0x00, 0x00, 0x00, 0x00, 0x00, 0x00, 0x00, 0x00, 0x00, 0x00, 0x00, 0x00, 0x00, 0x00,
    0x00, 0x00, 0x00, 0x00, 0x00, 0x00, 0x00, 0x00, 0x00, 0x00, 0x00, 0x00, 0x00, 0x00, 0x00, 0x00,
    0x00, 0x00, 0x00, 0x23, 0x9c, 0x9c, 0x24, 0x00, 0x00, 0x00, 0x00, 0x00, 0x00, 0x00, 0x00, 0x00,
    0x00, 0x00, 0x00, 0x00, 0x00, 0x00, 0x00, 0x00, 0x00, 0x00, 0x00, 0x00, 0x00, 0x00, 0x00, 0x00,
    0x00, 0x00, 0x00, 0x00, 0x00, 0x00, 0x00, 0x00, 0x00, 0x00, 0x00, 0x00, 0x00, 0x00, 0x00, 0x00,
    0x00, 0x00, 0x00, 0x00, 0x00, 0x00, 0x00, 0x00, 0x00, 0x00, 0x00, 0x00, 0x00, 0x00, 0x00, 0x00,
    0x00, 0x00, 0x00, 0x00, 0x00, 0x00, 0x00, 0x00, 0x00, 0x00, 0x00, 0x00, 0x00, 0x00, 0x00, 0x00,
    0x00, 0x00, 0x00, 0x00, 0x00, 0x00, 0x00, 0x00, 0x00, 0x00, 0x00, 0x00, 0x00, 0x00, 0x00, 0x00,
    0x00, 0x00, 0x00, 0x00, 0x00, 0x00, 0x00, 0x00, 0x00, 0x00, 0x00, 0x00, 0x00, 0x00, 0x00, 0x00,
    0x00, 0x00, 0x00, 0x00, 0x00, 0x00, 0x00, 0x00, 0x00, 0x00, 0x00, 0x00, 0x00, 0x00, 0x00, 0x00,
    0x00, 0x00, 0x00, 0x00, 0x00, 0x00, 0x00, 0x00, 0x00, 0x00, 0x00, 0x00, 0x00, 0x00, 0x00, 0x00,
    0x00, 0x00, 0x00, 0x00, 0x00, 0x00, 0x00, 0x00, 0x00, 0x00, 0x00, 0x00, 0x00, 0x00, 0x00, 0x00,
    0x00, 0x00, 0x00, 0x00, 0x00, 0x00, 0x00, 0x00, 0x00, 0x00, 0x00, 0x00, 0x00, 0x00, 0x00, 0x00,
    0x00, 0x00, 0x00, 0x00, 0x00, 0x00, 0x00, 0x00, 0x00, 0x00, 0x00, 0x00, 0x00, 0x00, 0x00, 0x00,
    0x00, 0x00, 0x00, 0x00, 0x00, 0x00, 0x00, 0x00, 0x00, 0x00, 0x00, 0x00, 0x00, 0x00, 0x00, 0x00,
    0x00, 0x00, 0x00, 0x00, 0x00, 0x00, 0x00, 0x00, 0x00, 0x00, 0x00, 0x00, 0x00, 0x00, 0x00, 0x00,
    0x00, 0x00, 0x00, 0x00, 0x00, 0x00, 0x00, 0x00, 0x00, 0x00, 0x00, 0x00, 0x00, 0x00, 0x00, 0x00,
    0x00, 0x00, 0x00, 0x00, 0x00, 0x00, 0x00, 0x00, 0x00, 0x00, 0x00, 0x00, 0x00, 0x00, 0x00, 0x00,
    0x00, 0x00, 0x00, 0x00, 0x00, 0x00, 0x00, 0x00, 0x00, 0x00, 0x00, 0x00, 0x00, 0x00, 0x00, 0x00,
    0x00, 0x00, 0x00, 0x00, 0x00, 0x00, 0x00, 0x00, 0x00, 0x00, 0x00, 0x00, 0x00, 0x00, 0x00, 0x00,
    0x00, 0x00, 0x00, 0x00, 0x00, 0x00, 0x00, 0x00, 0x00, 0x00, 0x00, 0x00, 0x00, 0x00, 0x00, 0x00,
    0x00, 0x00, 0x00, 0x00, 0x00, 0x00, 0x00, 0x00, 0x00, 0x00, 0x00, 0x00, 0x00, 0x00, 0x00, 0x00,
    0x00, 0x00, 0x00, 0x00, 0x00, 0x00, 0x00, 0x00, 0x00, 0x00, 0x00, 0x00, 0x00, 0x00, 0x00, 0x00,
    0x00, 0x00, 0x00, 0x00, 0x00, 0x00, 0x00, 0x00, 0x00, 0x00, 0x00, 0x00, 0x00, 0x00, 0x00, 0x00,
    0x00, 0x00, 0x00, 0x00, 0x00, 0x00, 0x00, 0x00, 0x00, 0x00, 0x00, 0x00, 0x00, 0x00, 0x00, 0x00,
    0x00, 0x00, 0x00, 0x00, 0x00, 0x00, 0x00, 0x00, 0x00, 0x00, 0x00, 0x00, 0x00, 0x00, 0x00, 0x00,
    0x00, 0x00, 0x00, 0x00, 0x00, 0x00, 0x00, 0x00, 0x00, 0x00, 0x00, 0x00, 0x00, 0x00, 0x00, 0x00,
    0x00, 0x00, 0x00, 0x00, 0x00, 0x00, 0x00, 0x00, 0x00, 0x00, 0x00, 0x00, 0x00, 0x00, 0x00, 0x00,
    0x00, 0x00, 0x00, 0x00, 0x00, 0x00, 0x00, 0x00, 0x00, 0x00, 0x00, 0x00, 0x00, 0x00, 0x00, 0x00,
    0x00, 0x00, 0x00, 0x00, 0x00, 0x00, 0x00, 0x00, 0x00, 0x00, 0x00, 0x00, 0x00, 0x00, 0x00, 0x00,
    0x00, 0x00, 0x00, 0x00, 0x00, 0x00, 0x00, 0x00, 0x00, 0x00, 0x00, 0x00, 0x00, 0x00, 0x00, 0x00,
    0x00, 0x00, 0x00, 0x00, 0x00, 0x00, 0x00, 0x00, 0x00, 0x00, 0x00, 0x00, 0x00, 0x00, 0x00, 0x00,
    0x00, 0x00, 0x00, 0x00, 0x00, 0x00, 0x00, 0x00, 0x00, 0x00, 0x00, 0x00, 0x00, 0x00, 0x00, 0x00,
    0x00, 0x00, 0x00, 0x00, 0x00, 0x00, 0x00, 0x00, 0x00, 0x00, 0x00, 0x00, 0x00, 0x00, 0x00, 0x00,
    0x00, 0x00, 0x00, 0x00, 0x00, 0x00, 0x00, 0x00, 0x00, 0x00, 0x00, 0x00, 0x00, 0x00, 0x00, 0x00,
    0x00, 0x00, 0x00, 0x00, 0x00, 0x00, 0x00, 0x00, 0x00, 0x00, 0x00, 0x00, 0x00, 0x00, 0x00, 0x00,
    0x00, 0x00, 0x00, 0x00, 0x00, 0x00, 0x00, 0x00, 0x00, 0x00, 0x00, 0x00, 0x00, 0x00, 0x00, 0x00,
    0x00, 0x00, 0x00, 0x00, 0x00, 0x00, 0x00, 0x51, 0x69, 0x00, 0x00, 0x00, 0x00, 0x00, 0x00, 0x00,
    0x00, 0x00, 0x00, 0x00, 0x00, 0x00, 0x00, 0x00, 0x00, 0x00, 0x00, 0x00, 0x00, 0x00, 0x00, 0x00,
    0x00, 0x00, 0x00, 0x00, 0x00, 0x00, 0x01, 0x17, 0x0d, 0x00, 0x00, 0x00, 0x00, 0x00, 0x00, 0x00,
    0x00, 0x00, 0x00, 0x00, 0x00, 0x00, 0x00, 0x00, 0x00, 0x00, 0x00, 0x00, 0x00, 0x00, 0x00, 0x00,
    0x00, 0x00, 0x00, 0x00, 0x00, 0x00, 0x00, 0x00, 0x06, 0x8a, 0x8a, 0x05, 0x00, 0x00, 0x00, 0x00,
    0x00, 0x00, 0x00, 0x00, 0x47, 0x8e, 0x4b, 0x00, 0x00, 0x00, 0x00, 0x00, 0x00, 0x00, 0x00, 0x00,
    0x00, 0x00, 0x00, 0x00, 0x00, 0x00, 0x00, 0x1f, 0x10, 0x00, 0x00, 0x00, 0x00, 0x00, 0x00, 0x00,
    0x00, 0x00, 0x00, 0x00, 0x00, 0x00, 0x00, 0x00, 0x00, 0x00, 0x00, 0x00, 0x00, 0x00, 0x00, 0x00,
    0x00, 0x00, 0x00, 0x00, 0x00, 0x00, 0x00, 0x00, 0x00, 0x00, 0x00, 0x00, 0x00, 0x00, 0x00, 0x00,
    0x00, 0x00, 0x00, 0x00, 0x00, 0x00, 0x00, 0x00, 0x00, 0x00, 0x00, 0x00, 0x00, 0x00, 0x00, 0x00,
    0x00, 0x00, 0x00, 0x00, 0x00, 0x00, 0x00, 0x00, 0x00, 0x00, 0x00, 0x00, 0x00, 0x00, 0x00, 0x00,
    0x00, 0x00, 0x00, 0x00, 0x00, 0x00, 0x00, 0x00, 0x00, 0x00, 0x00, 0x00, 0x00, 0x00, 0x00, 0x00,
    0x00, 0x00, 0x00, 0x00, 0x00, 0x00, 0x00, 0x0f, 0x03, 0x00, 0x00, 0x00, 0x00, 0x00, 0x00, 0x00,
    0x00, 0x00, 0x00, 0x00, 0x00, 0x00, 0x00, 0x00, 0x00, 0x00, 0x00, 0x00, 0x00, 0x00, 0x00, 0x00,
    0x00, 0x00, 0x00, 0x00, 0x00, 0x00, 0x0e, 0x11, 0x00, 0x00, 0x00, 0x00, 0x00, 0x00, 0x00, 0x00,
    0x00, 0x00, 0x00, 0x00, 0x00, 0x01, 0x12, 0x12, 0x00, 0x00, 0x00, 0x00, 0x00, 0x00, 0x00, 0x00,
    0x00, 0x00, 0x00, 0x00, 0x00, 0x00, 0x00, 0x00, 0x00, 0x00, 0x00, 0x00, 0x00, 0x00, 0x00, 0x00,
    0x00, 0x00, 0x00, 0x00, 0x00, 0x00, 0x00, 0x00, 0x00, 0x00, 0x00, 0x00, 0x00, 0x00, 0x00, 0x00,
    0x00, 0x00, 0x00, 0x00, 0x00, 0x00, 0x00, 0x00, 0x10, 0x0d, 0x00, 0x00, 0x00, 0x00, 0x00, 0x00,
    0x00, 0x00, 0x00, 0x00, 0x00, 0x00, 0x00, 0x00, 0x00, 0x00, 0x00, 0x00, 0x00, 0x00, 0x00, 0x00,
    0x00, 0x00, 0x00, 0x00, 0x00, 0x00, 0x00, 0x15, 0x08, 0x00, 0x00, 0x00, 0x00, 0x00, 0x00, 0x00,
    0x00, 0x00, 0x00, 0x00, 0x00, 0x00, 0x02, 0x14, 0x00, 0x00, 0x00, 0x00, 0x00, 0x00, 0x00, 0x00,
    0x00, 0x00, 0x00, 0x00, 0x00, 0x00, 0x00, 0x00, 0x00, 0x00, 0x00, 0x00, 0x00, 0x00, 0x00, 0x00,
    0x00, 0x00, 0x00, 0x00, 0x00, 0x00, 0x00, 0x00, 0x00, 0x00, 0x00, 0x00, 0x00, 0x00, 0x00, 0x00,
    0x00, 0x00, 0x00, 0x00, 0x00, 0x00, 0x00, 0x00, 0x00, 0x00, 0x00, 0x00, 0x00, 0x00, 0x00, 0x00,
    0x00, 0x00, 0x00, 0x00, 0x00, 0x00, 0x00, 0x00, 0x00, 0x00, 0x00, 0x00, 0x00, 0x00, 0x00, 0x00,
    0x00, 0x00, 0x00, 0x00, 0x00, 0x00, 0x00, 0x00, 0x00, 0x00, 0x00, 0x00, 0x00, 0x00, 0x00, 0x00,
    0x00, 0x00, 0x00, 0x00, 0x00, 0x00, 0x00, 0x10, 0x0d, 0x00, 0x00, 0x00, 0x00, 0x00, 0x00, 0x00,
    0x00, 0x00, 0x00, 0x00, 0x00, 0x00, 0x00, 0x00, 0x00, 0x00, 0x00, 0x00, 0x00, 0x00, 0x00, 0x00,
    0x00, 0x00, 0x00, 0x00, 0x00, 0x00, 0x00, 0x00, 0x00, 0x00, 0x00, 0x00, 0x00, 0x00, 0x00, 0x00,
    0x00, 0x00, 0x00, 0x00, 0x00, 0x00, 0x00, 0x00, 0x00, 0x00, 0x00, 0x00, 0x00, 0x00, 0x00, 0x00,
    0x00, 0x00, 0x00, 0x00, 0x00, 0x00, 0x00, 0x00, 0x02, 0x17, 0x02, 0x00, 0x00, 0x00, 0x00, 0x00,
    0x00, 0x00, 0x00, 0x00, 0x00, 0x00, 0x00, 0x00, 0x00, 0x00, 0x00, 0x00, 0x00, 0x00, 0x00, 0x00,
    0x00, 0x00, 0x00, 0x00, 0x00, 0x00, 0x00, 0x00, 0x00, 0x00, 0x00, 0x00, 0x00, 0x00, 0x00, 0x00,
    0x00, 0x00, 0x00, 0x00, 0x00, 0x00, 0x00, 0x00, 0x00, 0x00, 0x00, 0x00, 0x00, 0x00, 0x00, 0x00,
    0x00, 0x00, 0x00, 0x00, 0x00, 0x00, 0x00, 0x00, 0x0d, 0x0b, 0x00, 0x00, 0x00, 0x00, 0x00, 0x00,
    0x00, 0x00, 0x00, 0x00, 0x00, 0x00, 0x00, 0x00, 0x00, 0x00, 0x00, 0x00, 0x00, 0x00, 0x00, 0x00,
    0x00, 0x00, 0x00, 0x00, 0x00, 0x00, 0x00, 0x00, 0x00, 0x00, 0x00, 0x00, 0x00, 0x00, 0x00, 0x00,
    0x00, 0x00, 0x00, 0x00, 0x00, 0x00, 0x00, 0x00, 0x00, 0x00, 0x00, 0x00, 0x00, 0x00, 0x00, 0x00,
    0x00, 0x00, 0x00, 0x00, 0x00, 0x00, 0x00, 0x00, 0x00, 0x00, 0x00, 0x00, 0x00, 0x00, 0x00, 0x00,
    0x00, 0x00, 0x00, 0x00, 0x00, 0x00, 0x00, 0x00, 0x00, 0x00, 0x00, 0x00, 0x00, 0x00, 0x00, 0x00,
    0x00, 0x00, 0x00, 0x00, 0x00, 0x00, 0x00, 0x00, 0x00, 0x00, 0x00, 0x00, 0x00, 0x00, 0x00, 0x00,
    0x00, 0x00, 0x00, 0x00, 0x00, 0x00, 0x00, 0x00, 0x00, 0x00, 0x00, 0x00, 0x00, 0x00, 0x00, 0x00,
    0x00, 0x00, 0x00, 0x00, 0x00, 0x00, 0x00, 0x10, 0x03, 0x00, 0x00, 0x00, 0x00, 0x00, 0x00, 0x00,
    0x00, 0x00, 0x00, 0x00, 0x00, 0x00, 0x00, 0x00, 0x00, 0x00, 0x00, 0x00, 0x00, 0x00, 0x00, 0x00,
    0x00, 0x00, 0x00, 0x00, 0x00, 0x00, 0x00, 0x10, 0x03, 0x00, 0x00, 0x00, 0x00, 0x00, 0x00, 0x00,
    0x00, 0x00, 0x00, 0x00, 0x00, 0x00, 0x00, 0x00, 0x00, 0x00, 0x00, 0x00, 0x00, 0x00, 0x00, 0x00,
    0x00, 0x00, 0x00, 0x00, 0x00, 0x00, 0x00, 0x10, 0x11, 0x00, 0x00, 0x00, 0x00, 0x00, 0x00, 0x00,
    0x00, 0x00, 0x00, 0x00, 0x00, 0x00, 0x00, 0x00, 0x00, 0x00, 0x00, 0x00, 0x00, 0x00, 0x00, 0x00,
    0x00, 0x00, 0x00, 0x00, 0x00, 0x00, 0x00, 0x00, 0x00, 0x00, 0x00, 0x00, 0x00, 0x00, 0x00, 0x00,
    0x00, 0x00, 0x00, 0x00, 0x00, 0x00, 0x00, 0x00, 0x00, 0x00, 0x00, 0x00, 0x00, 0x00, 0x00, 0x00,
    0x00, 0x00, 0x00, 0x00, 0x00, 0x00, 0x00, 0x00, 0x00, 0x00, 0x00, 0x00, 0x00, 0x00, 0x00, 0x00,
    0x00, 0x00, 0x00, 0x00, 0x00, 0x00, 0x00, 0x00, 0x00, 0x00, 0x00, 0x00, 0x00, 0x00, 0x00, 0x00,
    0x00, 0x00, 0x00, 0x00, 0x00, 0x00, 0x00, 0x00, 0x00, 0x00, 0x00, 0x00, 0x00, 0x00, 0x00, 0x00,
    0x00, 0x00, 0x00, 0x00, 0x00, 0x00, 0x00, 0x00, 0x00, 0x00, 0x00, 0x00, 0x00, 0x00, 0x00, 0x00,
    0x00, 0x00, 0x00, 0x00, 0x00, 0x1a, 0x94, 0x94, 0x94, 0x94, 0x94, 0x18, 0x00, 0x00, 0x00, 0x00,
    0x00, 0x00, 0x00, 0x00, 0x00, 0x00, 0x00, 0x00, 0x00, 0x00, 0x00, 0x00, 0x00, 0x00, 0x00, 0x00,
    0x00, 0x00, 0x00, 0x00, 0x60, 0x94, 0x94, 0x94, 0x94, 0x66, 0x00, 0x00, 0x00, 0x00, 0x00, 0x00,
    0x00, 0x00, 0x00, 0x00, 0x00, 0x00, 0x00, 0x00, 0x00, 0x00, 0x00, 0x00, 0x00, 0x00, 0x00, 0x00,
    0x00, 0x00, 0x00, 0x00, 0x00, 0x00, 0x00, 0x00, 0x00, 0x00, 0x00, 0x00, 0x00, 0x00, 0x00, 0x00,
    0x00, 0x00, 0x00, 0x00, 0x87, 0xff, 0xcd, 0x07, 0x00, 0x00, 0x00, 0x00, 0x00, 0x00, 0x00, 0x00,
    0x00, 0x00, 0x00, 0x00, 0x00, 0x00, 0x00, 0x00, 0x00, 0x00, 0x00, 0x00, 0x00, 0x00, 0x00, 0x00,
    0x00, 0x00, 0x55, 0x94, 0x6e, 0x00, 0x00, 0x00, 0x00, 0x00, 0x00, 0x00, 0x00, 0x00, 0x00, 0x00,
    0x00, 0x00, 0x00, 0x00, 0x00, 0x00, 0x00, 0x00, 0x00, 0x00, 0x00, 0x00, 0x00, 0x00, 0x00, 0x00,
    0x00, 0x00, 0x00, 0x00, 0x00, 0x00, 0x00, 0x00, 0x00, 0x00, 0x1e, 0x94, 0x94, 0x11, 0x00, 0x00,
    0x00, 0x00, 0x00, 0x00, 0x00, 0x00, 0x00, 0x00, 0x00, 0x00, 0x00, 0x00, 0x00, 0x00, 0x00, 0x00,
    0x00, 0x00, 0x00, 0x00, 0x00, 0x00, 0x00, 0x00, 0x33, 0x6d, 0x8e, 0x94, 0x94, 0x38, 0x00, 0x00,
    0x00, 0x00, 0x00, 0x00, 0x00, 0x00, 0x00, 0x00, 0x00, 0x00, 0x00, 0x00, 0x00, 0x00, 0x00, 0x00,
    0x00, 0x00, 0x51, 0x94, 0x72, 0x00, 0x00, 0x00, 0x00, 0x00, 0x00, 0x00, 0x00, 0x00, 0x00, 0x00,
    0x00, 0x00, 0x00, 0x00, 0x00, 0x00, 0x19, 0x94, 0x94, 0x16, 0x00, 0x00, 0x00, 0x00, 0x00, 0x00,
    0x00, 0x00, 0x00, 0x00, 0x00, 0x00, 0x00, 0x43, 0x94, 0x80, 0x00, 0x00, 0x00, 0x00, 0x00, 0x00,
    0x00, 0x00, 0x04, 0x94, 0x94, 0x35, 0x00, 0x00, 0x00, 0x00, 0x00, 0x00, 0x00, 0x00, 0x00, 0x00,
    0x00, 0x00, 0xb5, 0xb7, 0xb7, 0xb7, 0xb7, 0xb7, 0x08, 0x00, 0x00, 0x00, 0x00, 0x00, 0x00, 0x00,
    0x00, 0x00, 0x00, 0x00, 0x00, 0x00, 0x00, 0x00, 0x00, 0x00, 0x00, 0x00, 0x00, 0x00, 0x00, 0x00,
    0x00, 0x00, 0x00, 0x00, 0x00, 0x00, 0x00, 0x00, 0x00, 0x00, 0x00, 0x00, 0x00, 0x00, 0x00, 0x00,
    0x00, 0x00, 0x00, 0x00, 0x00, 0x00, 0x00, 0x00, 0x00, 0x00, 0x00, 0x00, 0x00, 0x00, 0x00, 0x00,
    0x00, 0x00, 0x00, 0x00, 0x00, 0x00, 0x00, 0x00, 0x00, 0x00, 0x00, 0x00, 0x00, 0x00, 0x00, 0x00,
    0x00, 0x00, 0x00, 0x00, 0x00, 0x00, 0x00, 0x00, 0x00, 0x00, 0x00, 0x00, 0x00, 0x00, 0x00, 0x00,
    0x00, 0x00, 0x00, 0x00, 0x00, 0x00, 0x00, 0x00, 0x00, 0x00, 0x00, 0x00, 0x00, 0x00, 0x00, 0x00,
    0x00, 0x00, 0x00, 0x00, 0x00, 0x00, 0x00, 0x00, 0x00, 0x00, 0x00, 0x00, 0x00, 0x00, 0x00, 0x00,
    0x00, 0x00, 0x00, 0x00, 0x00, 0x00, 0x00, 0x00, 0x00, 0x00, 0x00, 0x00, 0x00, 0x00, 0x00, 0x00,
    0x00, 0x00, 0x00, 0x00, 0x00, 0x00, 0x00, 0x00, 0x00, 0x00, 0x00, 0x00, 0x00, 0x00, 0x00, 0x00,
    0x00, 0x00, 0x00, 0x00, 0x00, 0x00, 0x00, 0x00, 0x00, 0x00, 0x00, 0x00, 0x00, 0x00, 0x00, 0x00,
    0x00, 0x00, 0x00, 0x00, 0x00, 0x00, 0x00, 0x00, 0x00, 0x00, 0x00, 0x00, 0x00, 0x00, 0x00, 0x00,
    0x00, 0x00, 0x00, 0x00, 0x00, 0x00, 0x00, 0x00, 0x00, 0x00, 0x00, 0x00, 0x00, 0x00, 0x00, 0x00,
    0x00, 0x00, 0x00, 0x00, 0x00, 0x00, 0x00, 0x00, 0x00, 0x00, 0x00, 0x00, 0x00, 0x00, 0x00, 0x00,
    0x00, 0x00, 0x00, 0x00, 0x00, 0x00, 0x00, 0x00, 0x00, 0x00, 0x00, 0x00, 0x00, 0x00, 0x00, 0x00,
    0x00, 0x00, 0x00, 0x00, 0x00, 0x00, 0x00, 0x00, 0x0d, 0x59, 0x74, 0x8a, 0x6d, 0x00, 0x00, 0x00,
    0x00, 0x00, 0x00, 0x00, 0x00, 0x00, 0x3a, 0xb1, 0x94, 0x00, 0x00, 0x00, 0x00, 0x00, 0x00, 0x00,
    0x00, 0x00, 0x20, 0x92, 0x7f, 0x68, 0x33, 0x00, 0x00, 0x00, 0x00, 0x00, 0x00, 0x00, 0x00, 0x00,
    0x00, 0x00, 0x00, 0x00, 0x00, 0x00, 0x00, 0x00, 0x00, 0x00, 0x00, 0x00, 0x00, 0x00, 0x00, 0x00,
    0x00, 0x00, 0x00, 0x00, 0x00, 0x00, 0x00, 0x00, 0x00, 0x00, 0x00, 0x00, 0x00, 0x00, 0x00, 0x00,
    0x00, 0x00, 0x00, 0x00, 0x00, 0x00, 0x66, 0xc9, 0xc9, 0x0a, 0x00, 0x00, 0x00, 0x00, 0x00, 0x00,
    0x00, 0x00, 0x00, 0x00, 0x96, 0xc9, 0x59, 0x00, 0x00, 0xba, 0xc9, 0x35, 0x00, 0x00, 0x00, 0x00,
    0x00, 0x00, 0x00, 0x00, 0x00, 0x00, 0x3c, 0x7f, 0x45, 0x00, 0x00, 0x2e, 0x7f, 0x53, 0x00, 0x00,
    0x00, 0x00, 0x00, 0x00, 0x00, 0x00, 0x00, 0x8c, 0xb6, 0x00, 0x00, 0x00, 0x00, 0x00, 0x00, 0x00,
    0x00, 0x00, 0x00, 0x00, 0x00, 0x00, 0x00, 0x00, 0x00, 0x00, 0x00, 0x00, 0x00, 0x00, 0x00, 0x00,
    0x00, 0x00, 0x00, 0x00, 0x32, 0xb8, 0xf5, 0xff, 0xff, 0xe9, 0xa9, 0x00, 0x00, 0x00, 0x00, 0x00,
    0x00, 0x00, 0x00, 0x00, 0x00, 0x00, 0x47, 0xc9, 0xa8, 0x00, 0x00, 0x00, 0x00, 0x00, 0x00, 0x00,
    0x00, 0x00, 0x00, 0x00, 0x00, 0x00, 0x00, 0x00, 0x64, 0xff, 0xac, 0x00, 0x00, 0x00, 0x00, 0x00,
    0x00, 0x00, 0x00, 0x00, 0x2a, 0xfe, 0xe1, 0x06, 0x00, 0x00, 0x00, 0x00, 0x00, 0x00, 0x00, 0x00,
    0x00, 0x00, 0x00, 0x00, 0x00, 0x00, 0x00, 0xf6, 0x7b, 0x00, 0x00, 0x00, 0x00, 0x00, 0x00, 0x00,
    0x00, 0x00, 0x00, 0x00, 0x00, 0x00, 0x00, 0x00, 0x00, 0x00, 0x00, 0x00, 0x00, 0x00, 0x00, 0x00,
    0x00, 0x00, 0x00, 0x00, 0x00, 0x00, 0x00, 0x00, 0x00, 0x00, 0x00, 0x00, 0x00, 0x00, 0x00, 0x00,
    0x00, 0x00, 0x00, 0x00, 0x00, 0x00, 0x00, 0x00, 0x00, 0x00, 0x00, 0x00, 0x00, 0x00, 0x00, 0x00,
    0x00, 0x00, 0x00, 0x00, 0x00, 0x00, 0x00, 0x00, 0x00, 0x00, 0x00, 0x00, 0x00, 0x00, 0x00, 0x00,
    0x00, 0x00, 0x00, 0x00, 0x00, 0x00, 0x00, 0x00, 0x00, 0x00, 0x09, 0xbf, 0xc9, 0x4f, 0x00, 0x00,
    0x00, 0x00, 0x00, 0x00, 0x15, 0x98, 0xd5, 0xfe, 0xf0, 0xb7, 0x5a, 0x00, 0x00, 0x00, 0x00, 0x00,
    0x00, 0x00, 0x00, 0x02, 0x2a, 0x62, 0x9b, 0xc6, 0xc9, 0xae, 0x00, 0x00, 0x00, 0x00, 0x00, 0x00,
    0x00, 0x00, 0x12, 0x68, 0xc1, 0xec, 0xff, 0xff, 0xea, 0xba, 0x3c, 0x00, 0x00, 0x00, 0x00, 0x00,
    0x00, 0x00, 0x49, 0x97, 0xd0, 0xf8, 0xff, 0xff, 0xee, 0xc1, 0x47, 0x00, 0x00, 0x00, 0x00, 0x00,
    0x00, 0x00, 0x00, 0x00, 0x00, 0x00, 0x00, 0x00, 0x54, 0xc9, 0xc9, 0x9c, 0x00, 0x00, 0x00, 0x00,
    0x00, 0x00, 0x4f, 0xc9, 0xc9, 0xc9, 0xc9, 0xc9, 0xc9, 0xc9, 0xc9, 0xc9, 0x18, 0x00, 0x00, 0x00,
    0x00, 0x00, 0x00, 0x00, 0x00, 0x49, 0xa7, 0xdb, 0xfe, 0xff, 0xee, 0xab, 0x35, 0x00, 0x00, 0x00,
    0x00, 0x32, 0xc9, 0xc9, 0xc9, 0xc9, 0xc9, 0xc9, 0xc9, 0xc9, 0xc9, 0xc9, 0xc9, 0x74, 0x00, 0x00,
    0x00, 0x00, 0x00, 0x00, 0x4c, 0xc6, 0xf2, 0xff, 0xfd, 0xe1, 0x93, 0x15, 0x00, 0x00, 0x00, 0x00,
    0x00, 0x00, 0x00, 0x00, 0x63, 0xcc, 0xf5, 0xff, 0xe8, 0xb3, 0x52, 0x00, 0x00, 0x00, 0x00, 0x00,
    0x00, 0x00, 0x00, 0x00, 0x00, 0x00, 0x00, 0x00, 0x00, 0x00, 0x00, 0x00, 0x00, 0x00, 0x00, 0x00,
    0x00, 0x00, 0x00, 0x00, 0x00, 0x00, 0x00, 0x00, 0x00, 0x00, 0x00, 0x00, 0x00, 0x00, 0x00, 0x00,
    0x00, 0x00, 0x00, 0x00, 0x00, 0x00, 0x00, 0x00, 0x00, 0x00, 0x00, 0x00, 0x00, 0x00, 0x00, 0x00,
    0x00, 0x00, 0x00, 0x00, 0x00, 0x00, 0x00, 0x00, 0x00, 0x00, 0x00, 0x00, 0x00, 0x00, 0x00, 0x00,
    0x00, 0x00, 0x00, 0x00, 0x00, 0x00, 0x00, 0x00, 0x00, 0x00, 0x00, 0x00, 0x00, 0x00, 0x00, 0x00,
    0x00, 0x00, 0x00, 0x04, 0x59, 0xc0, 0xeb, 0xff, 0xff, 0xe7, 0x95, 0x15, 0x00, 0x00, 0x00, 0x00,
    0x00, 0x00, 0x00, 0x00, 0x00, 0x00, 0x00, 0x00, 0x00, 0x00, 0x00, 0x00, 0x00, 0x00, 0x00, 0x00,
    0x00, 0x00, 0x00, 0x00, 0x00, 0x00, 0xb5, 0xc9, 0xc9, 0x54, 0x00, 0x00, 0x00, 0x00, 0x00, 0x00,
    0x00, 0x00, 0xb7, 0xc9, 0xc9, 0xc9, 0xc9, 0xc7, 0xae, 0x8f, 0x52, 0x02, 0x00, 0x00, 0x00, 0x00,
    0x00, 0x00, 0x00, 0x00, 0x00, 0x14, 0x8b, 0xc0, 0xf2, 0xff, 0xf9, 0xd5, 0x7b, 0x19, 0x00, 0x00,
    0x00, 0x37, 0xc9, 0xc9, 0xc9, 0xc5, 0xa3, 0x7c, 0x55, 0x19, 0x00, 0x00, 0x00, 0x00, 0x00, 0x00,
    0x00, 0x00, 0x69, 0xc9, 0xc9, 0xc9, 0xc9, 0xc9, 0xc9, 0xc9, 0xc9, 0xc9, 0xc9, 0x7e, 0x00, 0x00,
    0x00, 0x00, 0x0e, 0xc9, 0xc9, 0xc9, 0xc9, 0xc9, 0xc9, 0xc9, 0xc9, 0xc9, 0xc9, 0xc8, 0x00, 0x00,
    0x00, 0x00, 0x00, 0x00, 0x00, 0x4c, 0xa4, 0xd8, 0xfd, 0xfe, 0xe2, 0x9e, 0x27, 0x00, 0x00, 0x00,
    0x00, 0x37, 0xc9, 0xc9, 0x38, 0x00, 0x00, 0x00, 0x00, 0x00, 0x00, 0x99, 0xc9, 0x9f, 0x00, 0x00,
    0x00, 0x00, 0x5f, 0xc9, 0xc9, 0xc9, 0xc9, 0xc9, 0xc9, 0xc9, 0xc9, 0xc9, 0xc1, 0x00, 0x00, 0x00,
    0x00, 0x00, 0x00, 0x00, 0x3e, 0xc9, 0xc9, 0xc9, 0xc9, 0xc9, 0xc9, 0xc9, 0x06, 0x00, 0x00, 0x00,
    0x00, 0x37, 0xc9, 0xc9, 0x38, 0x00, 0x00, 0x00, 0x00, 0x00, 0x00, 0x26, 0xc2, 0xc9, 0xa1, 0x05,
    0x00, 0x00, 0x3b, 0xc9, 0xc9, 0x34, 0x00, 0x00, 0x00, 0x00, 0x00, 0x00, 0x00, 0x00, 0x00, 0x00,
    0x00, 0xb8, 0xc9, 0xc9, 0x7b, 0x00, 0x00, 0x00, 0x00, 0x00, 0x1b, 0xc9, 0xc9, 0xc9, 0x52, 0x00,
    0x00, 0x32, 0xc9, 0xc9, 0xc9, 0x1b, 0x00, 0x00, 0x00, 0x00, 0x00, 0x8a, 0xc9, 0x9a, 0x00, 0x00,
    0x00, 0x00, 0x00, 0x00, 0x28, 0xa2, 0xda, 0xfe, 0xf3, 0xbe, 0x73, 0x01, 0x00, 0x00, 0x00, 0x00,
    0x00, 0x00, 0x69, 0xc9, 0xc9, 0xc9, 0xc9, 0xc9, 0xb7, 0x96, 0x71, 0x13, 0x00, 0x00, 0x00, 0x00,
    0x00, 0x00, 0x00, 0x00, 0x28, 0xa2, 0xda, 0xfe, 0xf3, 0xbe, 0x73, 0x01, 0x00, 0x00, 0x00, 0x00,
    0x00, 0x28, 0xc9, 0xc9, 0xc9, 0xc9, 0xc9, 0xba, 0x99, 0x76, 0x19, 0x00, 0x00, 0x00, 0x00, 0x00,
    0x00, 0x00, 0x00, 0x00, 0x39, 0xb9, 0xe8, 0xff, 0xff, 0xf3, 0xc9, 0x81, 0x2f, 0x00, 0x00, 0x00,
    0x52, 0xc9, 0xc9, 0xc9, 0xc9, 0xc9, 0xc9, 0xc9, 0xc9, 0xc9, 0xc9, 0xc9, 0xc9, 0xc9, 0xba, 0x00,
    0x00, 0x1e, 0xc9, 0xc9, 0x51, 0x00, 0x00, 0x00, 0x00, 0x00, 0x00, 0xb2, 0xc9, 0x83, 0x00, 0x00,
    0x22, 0xc9, 0xc9, 0x5b, 0x00, 0x00, 0x00, 0x00, 0x00, 0x00, 0x00, 0x01, 0xbb, 0xc9, 0x89, 0x00,
    0xbd, 0xc9, 0x6a, 0x00, 0x00, 0x00, 0x00, 0x00, 0x00, 0x00, 0x00, 0x00, 0x03, 0xc7, 0xc9, 0x5c,
    0x00, 0x88, 0xc9, 0xc1, 0x10, 0x00, 0x00, 0x00, 0x00, 0x00, 0x00, 0x17, 0xc4, 0xc9, 0x7d, 0x00,
    0x3d, 0xc9, 0xc9, 0x4e, 0x00, 0x00, 0x00, 0x00, 0x00, 0x00, 0x00, 0x03, 0xb1, 0xc9, 0xa4, 0x01,
    0x00, 0x00, 0x99, 0xc9, 0xc9, 0xc9, 0xc9, 0xc9, 0xc9, 0xc9, 0xc9, 0xc9, 0xc9, 0xc9, 0x57, 0x00,
    0x00, 0x00, 0x00, 0x00, 0x00, 0x2c, 0xff, 0xff, 0xff, 0xff, 0xff, 0x29, 0x00, 0x00, 0x00, 0x00,
    0x00, 0x6b, 0xc9, 0xae, 0x01, 0x00, 0x00, 0x00, 0x00, 0x00, 0x00, 0x00, 0x00, 0x00, 0x00, 0x00,
    0x00, 0x00, 0x00, 0x00, 0xa5, 0xff, 0xff, 0xff, 0xff, 0xb0, 0x00, 0x00, 0x00, 0x00, 0x00, 0x00,
    0x00, 0x00, 0x00, 0x00, 0x00, 0x00, 0x88, 0xc9, 0xc6, 0x2a, 0x00, 0x00, 0x00, 0x00, 0x00, 0x00,
    0x00, 0x00, 0x00, 0x00, 0x00, 0x00, 0x00, 0x00, 0x00, 0x00, 0x00, 0x00, 0x00, 0x00, 0x00, 0x00,
    0x00, 0x00, 0x00, 0x00, 0x01, 0xa8, 0xff, 0x94, 0x00, 0x00, 0x00, 0x00, 0x00, 0x00, 0x00, 0x00,
    0x00, 0x00, 0x00, 0x00, 0x00, 0x00, 0x00, 0x00, 0x00, 0x00, 0x00, 0x00, 0x00, 0x00, 0x00, 0x00,
    0x00, 0x00, 0x92, 0xff, 0xbe, 0x00, 0x00, 0x00, 0x00, 0x00, 0x00, 0x00, 0x00, 0x00, 0x00, 0x00,
    0x00, 0x00, 0x00, 0x00, 0x00, 0x00, 0x00, 0x00, 0x00, 0x00, 0x00, 0x00, 0x00, 0x00, 0x00, 0x00,
    0x00, 0x00, 0x00, 0x00, 0x00, 0x00, 0x00, 0x00, 0x00, 0x00, 0x34, 0xff, 0xff, 0x1d, 0x00, 0x00,
    0x00, 0x00, 0x00, 0x00, 0x00, 0x00, 0x00, 0x00, 0x00, 0x00, 0x00, 0x00, 0x00, 0x00, 0x00, 0x00,
    0x00, 0x00, 0x00, 0x00, 0x00, 0x00, 0x00, 0x93, 0xfe, 0xff, 0xff, 0xff, 0xff, 0x60, 0x00, 0x00,
    0x00, 0x00, 0x00, 0x00, 0x00, 0x00, 0x00, 0x00, 0x00, 0x00, 0x00, 0x00, 0x00, 0x00, 0x00, 0x00,
    0x00, 0x00, 0x8b, 0xff, 0xc4, 0x00, 0x00, 0x00, 0x00, 0x00, 0x00, 0x00, 0x00, 0x00, 0x00, 0x00,
    0x00, 0x00, 0x00, 0x00, 0x00, 0x00, 0x2b, 0xff, 0xff, 0x26, 0x00, 0x00, 0x00, 0x00, 0x00, 0x00,
    0x00, 0x00, 0x00, 0x00, 0x00, 0x00, 0x00, 0x73, 0xff, 0xdd, 0x00, 0x00, 0x00, 0x00, 0x00, 0x00,
    0x00, 0x00, 0x08, 0xff, 0xff, 0x5c, 0x00, 0x00, 0x00, 0x00, 0x00, 0x00, 0x00, 0x00, 0x00, 0x00,
    0x00, 0x00, 0xfc, 0xff, 0xff, 0xff, 0xff, 0xff, 0x0a, 0x00, 0x00, 0x00, 0x00, 0x00, 0x00, 0x00,
    0x00, 0x00, 0x00, 0x00, 0x00, 0x00, 0x00, 0x00, 0x00, 0x00, 0x00, 0x00, 0x00, 0x00, 0x00, 0x00,
    0x00, 0x00, 0x00, 0x00, 0x00, 0x00, 0x00, 0x00, 0x00, 0x00, 0x00, 0x00, 0x00, 0x00, 0x00, 0x00,
    0x00, 0x00, 0x00, 0x00, 0x00, 0x00, 0x00, 0x00, 0x00, 0x00, 0x00, 0x00, 0x00, 0x00, 0x00, 0x00,
    0x00, 0x00, 0x00, 0x00, 0x00, 0x00, 0x00, 0x00, 0x00, 0x00, 0x00, 0x00, 0x00, 0x00, 0x00, 0x00,
    0x00, 0x00, 0x00, 0x00, 0x00, 0x00, 0x00, 0x00, 0x00, 0x00, 0x00, 0x00, 0x00, 0x00, 0x00, 0x00,
    0x00, 0x00, 0x00, 0x00, 0x00, 0x00, 0x00, 0x00, 0x00, 0x00, 0x00, 0x00, 0x00, 0x00, 0x00, 0x00,
    0x00, 0x00, 0x00, 0x00, 0x00, 0x00, 0x00, 0x00, 0x00, 0x00, 0x00, 0x00, 0x00, 0x00, 0x00, 0x00,
    0x00, 0x00, 0x00, 0x00, 0x00, 0x0e, 0x18, 0x12, 0x00, 0x00, 0x00, 0x00, 0x00, 0x00, 0x00, 0x00,
    0x00, 0x00, 0x00, 0x00, 0x00, 0x00, 0x00, 0x00, 0x00, 0x00, 0x00, 0x00, 0x00, 0x00, 0x00, 0x00,
    0x00, 0x00, 0x00, 0x00, 0x00, 0x00, 0x00, 0x00, 0x00, 0x00, 0x00, 0x00, 0x00, 0x00, 0x00, 0x00,
    0x00, 0x00, 0x00, 0x00, 0x00, 0x00, 0x00, 0x00, 0x00, 0x00, 0x00, 0x00, 0x00, 0x00, 0x00, 0x00,
    0x00, 0x00, 0x00, 0x00, 0x00, 0x00, 0x00, 0x00, 0x00, 0x00, 0x00, 0x00, 0x00, 0x00, 0x00, 0x00,
    0x00, 0x00, 0x00, 0x00, 0x00, 0x00, 0x00, 0x00, 0x00, 0x00, 0x00, 0x00, 0x00, 0x00, 0x00, 0x00,
    0x00, 0x00, 0x00, 0x00, 0x00, 0x00, 0x00, 0x00, 0x00, 0x00, 0x00, 0x00, 0x00, 0x00, 0x00, 0x00,
    0x00, 0x00, 0x00, 0x00, 0x00, 0x00, 0x00, 0x50, 0xf0, 0xff, 0xff, 0xff, 0xbb, 0x00, 0x00, 0x00,
    0x00, 0x00, 0x00, 0x00, 0x00, 0x00, 0x54, 0xff, 0xd5, 0x00, 0x00, 0x00, 0x00, 0x00, 0x00, 0x00,
    0x00, 0x00, 0x38, 0xff, 0xff, 0xff, 0xff, 0xb8, 0x03, 0x00, 0x00, 0x00, 0x00, 0x00, 0x00, 0x00,
    0x00, 0x00, 0x00, 0x00, 0x00, 0x00, 0x00, 0x00, 0x00, 0x00, 0x00, 0x00, 0x00, 0x00, 0x00, 0x00,
    0x00, 0x00, 0x00, 0x00, 0x00, 0x00, 0x00, 0x00, 0x00, 0x00, 0x00, 0x00, 0x00, 0x00, 0x00, 0x00,
    0x00, 0x00, 0x00, 0x00, 0x00, 0x00, 0x81, 0xff, 0xff, 0x0c, 0x00, 0x00, 0x00, 0x00, 0x00, 0x00,
    0x00, 0x00, 0x00, 0x00, 0xbe, 0xff, 0x71, 0x00, 0x00, 0xec, 0xff, 0x43, 0x00, 0x00, 0x00, 0x00,
    0x00, 0x00, 0x00, 0x00, 0x00, 0x00, 0xa7, 0xff, 0x5b, 0x00, 0x00, 0x8c, 0xff, 0x76, 0x00, 0x00,
    0x00, 0x00, 0x00, 0x00, 0x00, 0x00, 0x00, 0x8c, 0xb7, 0x00, 0x00, 0x00, 0x00, 0x00, 0x00, 0x00,
    0x00, 0x00, 0x3b, 0xa3, 0xf2, 0xce, 0x5d, 0x00, 0x00, 0x00, 0x00, 0x00, 0x00, 0x00, 0x00, 0x00,
    0x00, 0x00, 0x00, 0x32, 0xf8, 0xff, 0xff, 0xe7, 0xe8, 0xff, 0xff, 0x00, 0x00, 0x00, 0x00, 0x00,
    0x00, 0x00, 0x00, 0x00, 0x00, 0x00, 0x5b, 0xff, 0xd5, 0x00, 0x00, 0x00, 0x00, 0x00, 0x00, 0x00,
    0x00, 0x00, 0x00, 0x00, 0x00, 0x00, 0x00, 0x04, 0xdc, 0xff, 0x3d, 0x00, 0x00, 0x00, 0x00, 0x00,
    0x00, 0x00, 0x00, 0x00, 0x00, 0xba, 0xff, 0x64, 0x00, 0x00, 0x00, 0x00, 0x00, 0x00, 0x00, 0x00,
    0x00, 0x00, 0x00, 0x00, 0x00, 0x00, 0x00, 0xf6, 0x7b, 0x00, 0x00, 0x00, 0x00, 0x00, 0x00, 0x00,
    0x00, 0x00, 0x00, 0x00, 0x00, 0x00, 0x00, 0x00, 0x00, 0x00, 0x00, 0x00, 0x00, 0x00, 0x00, 0x00,
    0x00, 0x00, 0x00, 0x00, 0x00, 0x00, 0x00, 0x00, 0x00, 0x00, 0x00, 0x00, 0x00, 0x00, 0x00, 0x00,
    0x00, 0x00, 0x00, 0x00, 0x00, 0x00, 0x00, 0x00, 0x00, 0x00, 0x00, 0x00, 0x00, 0x00, 0x00, 0x00,
    0x00, 0x00, 0x00, 0x00, 0x00, 0x00, 0x00, 0x00, 0x00, 0x00, 0x00, 0x00, 0x00, 0x00, 0x00, 0x00,
    0x00, 0x00, 0x00, 0x00, 0x00, 0x00, 0x00, 0x00, 0x00, 0x00, 0x6a, 0xff, 0xed, 0x0c, 0x00, 0x00,
    0x00, 0x00, 0x00, 0x18, 0xd4, 0xff, 0xff, 0xf5, 0xfe, 0xff, 0xfe, 0x6f, 0x00, 0x00, 0x00, 0x00,
    0x00, 0x00, 0x00, 0xdb, 0xff, 0xff, 0xff, 0xff, 0xff, 0xdd, 0x00, 0x00, 0x00, 0x00, 0x00, 0x00,
    0x00, 0x00, 0xea, 0xff, 0xff, 0xff, 0xff, 0xff, 0xff, 0xff, 0xfe, 0x92, 0x00, 0x00, 0x00, 0x00,
    0x00, 0x00, 0xb5, 0xff, 0xff, 0xff, 0xff, 0xff, 0xff, 0xff, 0xff, 0xa3, 0x01, 0x00, 0x00, 0x00,
    0x00, 0x00, 0x00, 0x00, 0x00, 0x00, 0x00, 0x12, 0xe9, 0xff, 0xff, 0xc7, 0x00, 0x00, 0x00, 0x00,
    0x00, 0x00, 0x65, 0xff, 0xff, 0xff, 0xff, 0xff, 0xff, 0xff, 0xff, 0xff, 0x1e, 0x00, 0x00, 0x00,
    0x00, 0x00, 0x00, 0x00, 0x76, 0xfd, 0xff, 0xff, 0xff, 0xff, 0xff, 0xff, 0x78, 0x00, 0x00, 0x00,
    0x00, 0x40, 0xff, 0xff, 0xff, 0xff, 0xff, 0xff, 0xff, 0xff, 0xff, 0xff, 0xff, 0x7b, 0x00, 0x00,
    0x00, 0x00, 0x00, 0x98, 0xff, 0xff, 0xff, 0xed, 0xfd, 0xff, 0xff, 0xf0, 0x2b, 0x00, 0x00, 0x00,
    0x00, 0x00, 0x04, 0xb3, 0xff, 0xff, 0xff, 0xf4, 0xff, 0xff, 0xfd, 0x71, 0x00, 0x00, 0x00, 0x00,
    0x00, 0x00, 0x00, 0x00, 0x00, 0x00, 0x00, 0x00, 0x00, 0x00, 0x00, 0x00, 0x00, 0x00, 0x00, 0x00,
    0x00, 0x00, 0x00, 0x00, 0x00, 0x00, 0x00, 0x00, 0x00, 0x00, 0x00, 0x00, 0x00, 0x00, 0x00, 0x00,
    0x00, 0x00, 0x00, 0x00, 0x00, 0x00, 0x00, 0x00, 0x00, 0x00, 0x00, 0x00, 0x00, 0x00, 0x00, 0x00,
    0x00, 0x00, 0x00, 0x00, 0x00, 0x00, 0x00, 0x00, 0x00, 0x00, 0x00, 0x00, 0x00, 0x00, 0x00, 0x00,
    0x00, 0x00, 0x00, 0x00, 0x00, 0x00, 0x00, 0x00, 0x00, 0x00, 0x00, 0x00, 0x00, 0x00, 0x00, 0x00,
    0x00, 0x00, 0x00, 0xd4, 0xff, 0xff, 0xff, 0xfb, 0xff, 0xff, 0xff, 0xe7, 0x18, 0x00, 0x00, 0x00,
    0x00, 0x00, 0x00, 0x00, 0x00, 0x00, 0x0c, 0x3d, 0x71, 0x79, 0x4c, 0x16, 0x00, 0x00, 0x00, 0x00,
    0x00, 0x00, 0x00, 0x00, 0x00, 0x2d, 0xff, 0xff, 0xff, 0xb1, 0x00, 0x00, 0x00, 0x00, 0x00, 0x00,
    0x00, 0x00, 0xe8, 0xff, 0xff, 0xff, 0xff, 0xff, 0xff, 0xff, 0xff, 0xd3, 0x2b, 0x00, 0x00, 0x00,
    0x00, 0x00, 0x00, 0x00, 0x30, 0xdf, 0xff, 0xff, 0xff, 0xfa, 0xff, 0xff, 0xff, 0x80, 0x00, 0x00,
    0x00, 0x46, 0xff, 0xff, 0xff, 0xff, 0xff, 0xff, 0xff, 0xf2, 0x68, 0x01, 0x00, 0x00, 0x00, 0x00,
    0x00, 0x00, 0x85, 0xff, 0xff, 0xff, 0xff, 0xff, 0xff, 0xff, 0xff, 0xff, 0xff, 0xa0, 0x00, 0x00,
    0x00, 0x00, 0x11, 0xff, 0xff, 0xff, 0xff, 0xff, 0xff, 0xff, 0xff, 0xff, 0xff, 0xfd, 0x00, 0x00,
    0x00, 0x00, 0x00, 0x02, 0x83, 0xfe, 0xff, 0xff, 0xfb, 0xfe, 0xff, 0xff, 0xfc, 0x36, 0x00, 0x00,
    0x00, 0x46, 0xff, 0xff, 0x47, 0x00, 0x00, 0x00, 0x00, 0x00, 0x00, 0xc2, 0xff, 0xca, 0x00, 0x00,
    0x00, 0x00, 0x78, 0xff, 0xff, 0xff, 0xff, 0xff, 0xff, 0xff, 0xff, 0xff, 0xf5, 0x00, 0x00, 0x00,
    0x00, 0x00, 0x00, 0x00, 0x4e, 0xff, 0xff, 0xff, 0xff, 0xff, 0xff, 0xff, 0x08, 0x00, 0x00, 0x00,
    0x00, 0x46, 0xff, 0xff, 0x47, 0x00, 0x00, 0x00, 0x00, 0x00, 0x1f, 0xe1, 0xff, 0xdd, 0x1b, 0x00,
    0x00, 0x00, 0x4b, 0xff, 0xff, 0x42, 0x00, 0x00, 0x00, 0x00, 0x00, 0x00, 0x00, 0x00, 0x00, 0x00,
    0x00, 0xea, 0xff, 0xff, 0xe7, 0x03, 0x00, 0x00, 0x00, 0x00, 0x71, 0xff, 0xff, 0xff, 0x68, 0x00,
    0x00, 0x40, 0xff, 0xff, 0xff, 0x7f, 0x00, 0x00, 0x00, 0x00, 0x00, 0xaf, 0xff, 0xc4, 0x00, 0x00,
    0x00, 0x00, 0x00, 0x34, 0xeb, 0xff, 0xff, 0xfb, 0xff, 0xff, 0xff, 0x9e, 0x03, 0x00, 0x00, 0x00,
    0x00, 0x00, 0x85, 0xff, 0xff, 0xff, 0xff, 0xff, 0xff, 0xff, 0xff, 0xf0, 0x72, 0x00, 0x00, 0x00,
    0x00, 0x00, 0x00, 0x34, 0xeb, 0xff, 0xff, 0xfb, 0xff, 0xff, 0xff, 0x9e, 0x03, 0x00, 0x00, 0x00,
    0x00, 0x33, 0xff, 0xff, 0xff, 0xff, 0xff, 0xff, 0xff, 0xff, 0xf5, 0x83, 0x01, 0x00, 0x00, 0x00,
    0x00, 0x00, 0x00, 0x90, 0xfe, 0xff, 0xff, 0xfe, 0xfb, 0xff, 0xff, 0xff, 0xbb, 0x00, 0x00, 0x00,
    0x68, 0xff, 0xff, 0xff, 0xff, 0xff, 0xff, 0xff, 0xff, 0xff, 0xff, 0xff, 0xff, 0xff, 0xec, 0x00,
    0x00, 0x26, 0xff, 0xff, 0x67, 0x00, 0x00, 0x00, 0x00, 0x00, 0x00, 0xe3, 0xff, 0xa7, 0x00, 0x00,
    0x01, 0xe6, 0xff, 0xaf, 0x00, 0x00, 0x00, 0x00, 0x00, 0x00, 0x00, 0x2c, 0xff, 0xff, 0x6c, 0x00,
    0xce, 0xff, 0xa1, 0x00, 0x00, 0x00, 0x00, 0x00, 0x00, 0x00, 0x00, 0x00, 0x1d, 0xff, 0xff, 0x53,
    0x00, 0x27, 0xf8, 0xff, 0x90, 0x00, 0x00, 0x00, 0x00, 0x00, 0x00, 0x9e, 0xff, 0xf1, 0x1c, 0x00,
    0x01, 0xc8, 0xff, 0xdb, 0x06, 0x00, 0x00, 0x00, 0x00, 0x00, 0x00, 0x63, 0xff, 0xff, 0x4d, 0x00,
    0x00, 0x00, 0xc2, 0xff, 0xff, 0xff, 0xff, 0xff, 0xff, 0xff, 0xff, 0xff, 0xff, 0xff, 0x6f, 0x00,
    0x00, 0x00, 0x00, 0x00, 0x00, 0x2c, 0xff, 0xff, 0x54, 0x38, 0x38, 0x09, 0x00, 0x00, 0x00, 0x00,
    0x00, 0x21, 0xfb, 0xff, 0x4a, 0x00, 0x00, 0x00, 0x00, 0x00, 0x00, 0x00, 0x00, 0x00, 0x00, 0x00,
    0x00, 0x00, 0x00, 0x00, 0x24, 0x38, 0x38, 0xb4, 0xff, 0xb0, 0x00, 0x00, 0x00, 0x00, 0x00, 0x00,
    0x00, 0x00, 0x00, 0x00, 0x00, 0x69, 0xff, 0xff, 0xff, 0xdb, 0x12, 0x00, 0x00, 0x00, 0x00, 0x00,
    0x00, 0x00, 0x00, 0x00, 0x00, 0x00, 0x00, 0x00, 0x00, 0x00, 0x00, 0x00, 0x00, 0x00, 0x00, 0x00,
    0x00, 0x00, 0x00, 0x00, 0x00, 0x08, 0xc4, 0xff, 0x54, 0x00, 0x00, 0x00, 0x00, 0x00, 0x00, 0x00,
    0x00, 0x00, 0x00, 0x00, 0x00, 0x00, 0x00, 0x00, 0x00, 0x00, 0x00, 0x00, 0x00, 0x00, 0x00, 0x00,
    0x00, 0x00, 0x92, 0xff, 0xbe, 0x00, 0x00, 0x00, 0x00, 0x00, 0x00, 0x00, 0x00, 0x00, 0x00, 0x00,
    0x00, 0x00, 0x00, 0x00, 0x00, 0x00, 0x00, 0x00, 0x00, 0x00, 0x00, 0x00, 0x00, 0x00, 0x00, 0x00,
    0x00, 0x00, 0x00, 0x00, 0x00, 0x00, 0x00, 0x00, 0x00, 0x00, 0x34, 0xff, 0xff, 0x1d, 0x00, 0x00,
    0x00, 0x00, 0x00, 0x00, 0x00, 0x00, 0x00, 0x00, 0x00, 0x00, 0x00, 0x00, 0x00, 0x00, 0x00, 0x00,
    0x00, 0x00, 0x00, 0x00, 0x00, 0x00, 0x48, 0xff, 0xff, 0xb6, 0x6d, 0x58, 0x58, 0x21, 0x00, 0x00,
    0x00, 0x00, 0x00, 0x00, 0x00, 0x00, 0x00, 0x00, 0x00, 0x00, 0x00, 0x00, 0x00, 0x00, 0x00, 0x00,
    0x00, 0x00, 0x8b, 0xff, 0xc4, 0x00, 0x00, 0x00, 0x00, 0x00, 0x00, 0x00, 0x00, 0x00, 0x00, 0x00,
    0x00, 0x00, 0x00, 0x00, 0x00, 0x00, 0x2b, 0xff, 0xff, 0x26, 0x00, 0x00, 0x00, 0x00, 0x00, 0x00,
    0x00, 0x00, 0x00, 0x00, 0x00, 0x00, 0x00, 0x73, 0xff, 0xdd, 0x00, 0x00, 0x00, 0x00, 0x00, 0x00,
    0x00, 0x00, 0x08, 0xff, 0xff, 0x5c, 0x00, 0x00, 0x00, 0x00, 0x00, 0x00, 0x00, 0x00, 0x00, 0x00,
    0x00, 0x00, 0x17, 0x18, 0x18, 0x57, 0xff, 0xff, 0x0a, 0x00, 0x00, 0x00, 0x00, 0x00, 0x00, 0x00,
    0x00, 0x00, 0x00, 0x00, 0x00, 0x00, 0x00, 0x00, 0x00, 0x00, 0x00, 0x00, 0x00, 0x00, 0x00, 0x00,
    0x00, 0x00, 0x00, 0x00, 0x00, 0x00, 0x00, 0x00, 0x00, 0x00, 0x00, 0x00, 0x00, 0x00, 0x00, 0x00,
    0x00, 0x00, 0x00, 0x00, 0x00, 0x00, 0x00, 0x00, 0x00, 0x00, 0x00, 0x00, 0x00, 0x00, 0x00, 0x00,
    0x00, 0x00, 0x00, 0x00, 0x00, 0x00, 0x00, 0x00, 0x00, 0x00, 0x00, 0x00, 0x00, 0x00, 0x00, 0x00,
    0x00, 0x00, 0x00, 0x00, 0x00, 0x00, 0x00, 0x00, 0x00, 0x00, 0x00, 0x00, 0x00, 0x00, 0x00, 0x00,
    0x00, 0x00, 0x00, 0x00, 0x00, 0x00, 0x00, 0x00, 0x00, 0x00, 0x00, 0x00, 0x00, 0x00, 0x00, 0x00,
    0x00, 0x00, 0x00, 0x00, 0x00, 0x00, 0x00, 0x00, 0x00, 0x00, 0x00, 0x00, 0x00, 0x00, 0x00, 0x00,
    0x00, 0x00, 0x00, 0x00, 0x00, 0x96, 0xff, 0xb9, 0x00, 0x00, 0x00, 0x00, 0x00, 0x00, 0x00, 0x00,
    0x00, 0x00, 0x00, 0x00, 0x00, 0x00, 0x00, 0x00, 0x00, 0x00, 0x00, 0x00, 0x00, 0x00, 0x00, 0x00,
    0x00, 0x00, 0x00, 0x00, 0x00, 0x00, 0x00, 0x00, 0x00, 0x00, 0x00, 0x00, 0x00, 0x00, 0x00, 0x00,
    0x00, 0x00, 0x00, 0x00, 0x00, 0x00, 0x00, 0x00, 0x00, 0x00, 0x00, 0x00, 0x00, 0x00, 0x00, 0x00,
    0x00, 0x00, 0x00, 0x00, 0x00, 0x00, 0x00, 0x00, 0x00, 0x00, 0x00, 0x00, 0x00, 0x00, 0x00, 0x00,
    0x00, 0x00, 0x00, 0x00, 0x00, 0x00, 0x00, 0x00, 0x00, 0x00, 0x00, 0x00, 0x00, 0x00, 0x00, 0x00,
    0x00, 0x00, 0x00, 0x00, 0x00, 0x00, 0x00, 0x00, 0x00, 0x00, 0x00, 0x00, 0x00, 0x00, 0x00, 0x00,
    0x00, 0x00, 0x00, 0x00, 0x00, 0x00, 0x06, 0xe3, 0xff, 0xdd, 0x8b, 0x4e, 0x29, 0x00, 0x00, 0x00,
    0x00, 0x00, 0x00, 0x00, 0x00, 0x00, 0x54, 0xff, 0xd5, 0x00, 0x00, 0x00, 0x00, 0x00, 0x00, 0x00,
    0x00, 0x00, 0x0c, 0x3c, 0x6c, 0xab, 0xff, 0xff, 0x64, 0x00, 0x00, 0x00, 0x00, 0x00, 0x00, 0x00,
    0x00, 0x00, 0x00, 0x00, 0x00, 0x00, 0x00, 0x00, 0x00, 0x00, 0x00, 0x00, 0x00, 0x00, 0x00, 0x00,
    0x00, 0x00, 0x00, 0x00, 0x00, 0x00, 0x00, 0x00, 0x00, 0x00, 0x00, 0x00, 0x00, 0x00, 0x00, 0x00,
    0x00, 0x00, 0x00, 0x00, 0x00, 0x00, 0x81, 0xff, 0xff, 0x0c, 0x00, 0x00, 0x00, 0x00, 0x00, 0x00,
    0x00, 0x00, 0x00, 0x00, 0xbe, 0xff, 0x71, 0x00, 0x00, 0xec, 0xff, 0x43, 0x00, 0x00, 0x00, 0x00,
    0x00, 0x00, 0x00, 0x00, 0x00, 0x01, 0xe7, 0xff, 0x1b, 0x00, 0x00, 0xcd, 0xff, 0x36, 0x00, 0x00,
    0x00, 0x00, 0x00, 0x00, 0x00, 0x37, 0x6e, 0xcf, 0xe3, 0x86, 0x65, 0x2e, 0x02, 0x00, 0x00, 0x00,
    0x00, 0x8b, 0xff, 0xf9, 0xcb, 0xfd, 0xff, 0x7e, 0x00, 0x00, 0x00, 0x00, 0x00, 0x00, 0x00, 0x00,
    0x00, 0x00, 0x00, 0xbe, 0xff, 0xd7, 0x34, 0x01, 0x00, 0x1a, 0x88, 0x00, 0x00, 0x00, 0x00, 0x00,
    0x00, 0x00, 0x00, 0x00, 0x00, 0x00, 0x5b, 0xff, 0xd5, 0x00, 0x00, 0x00, 0x00, 0x00, 0x00, 0x00,
    0x00, 0x00, 0x00, 0x00, 0x00, 0x00, 0x00, 0x5d, 0xff, 0xcc, 0x00, 0x00, 0x00, 0x00, 0x00, 0x00,
    0x00, 0x00, 0x00, 0x00, 0x00, 0x4b, 0xff, 0xdd, 0x04, 0x00, 0x00, 0x00, 0x00, 0x00, 0x00, 0x00,
    0x00, 0x00, 0x6c, 0x84, 0x0a, 0x00, 0x00, 0xf6, 0x7b, 0x00, 0x00, 0x37, 0xb6, 0x0e, 0x00, 0x00,
    0x00, 0x00, 0x00, 0x00, 0x00, 0x00, 0x00, 0x00, 0x00, 0x00, 0x00, 0x00, 0x00, 0x00, 0x00, 0x00,
    0x00, 0x00, 0x00, 0x00, 0x00, 0x00, 0x00, 0x00, 0x00, 0x00, 0x00, 0x00, 0x00, 0x00, 0x00, 0x00,
    0x00, 0x00, 0x00, 0x00, 0x00, 0x00, 0x00, 0x00, 0x00, 0x00, 0x00, 0x00, 0x00, 0x00, 0x00, 0x00,
    0x00, 0x00, 0x00, 0x00, 0x00, 0x00, 0x00, 0x00, 0x00, 0x00, 0x00, 0x00, 0x00, 0x00, 0x00, 0x00,
    0x00, 0x00, 0x00, 0x00, 0x00, 0x00, 0x00, 0x00, 0x00, 0x04, 0xdd, 0xff, 0x82, 0x00, 0x00, 0x00,
    0x00, 0x00, 0x01, 0xcf, 0xff, 0xf1, 0x4a, 0x06, 0x1e, 0xa2, 0xff, 0xff, 0x52, 0x00, 0x00, 0x00,
    0x00, 0x00, 0x00, 0xe7, 0xff, 0xea, 0xb1, 0xd6, 0xff, 0xdd, 0x00, 0x00, 0x00, 0x00, 0x00, 0x00,
    0x00, 0x00, 0xef, 0xf1, 0x8b, 0x4b, 0x1f, 0x25, 0x7e, 0xdb, 0xff, 0xff, 0x61, 0x00, 0x00, 0x00,
    0x00, 0x00, 0xa5, 0xa7, 0x5b, 0x30, 0x14, 0x22, 0x6e, 0xc5, 0xff, 0xff, 0x71, 0x00, 0x00, 0x00,
    0x00, 0x00, 0x00, 0x00, 0x00, 0x00, 0x00, 0x9d, 0xff, 0xee, 0xff, 0xc7, 0x00, 0x00, 0x00, 0x00,
    0x00, 0x00, 0x65, 0xff, 0xf2, 0x5a, 0x5a, 0x5a, 0x5a, 0x5a, 0x5a, 0x5a, 0x0b, 0x00, 0x00, 0x00,
    0x00, 0x00, 0x00, 0x80, 0xff, 0xff, 0xba, 0x51, 0x1a, 0x17, 0x3b, 0x8f, 0x68, 0x00, 0x00, 0x00,
    0x00, 0x16, 0x5a, 0x5a, 0x5a, 0x5a, 0x5a, 0x5a, 0x5a, 0x5a, 0x99, 0xff, 0xfd, 0x20, 0x00, 0x00,
    0x00, 0x00, 0x56, 0xff, 0xff, 0xb8, 0x46, 0x04, 0x1a, 0x6f, 0xf1, 0xff, 0xd4, 0x05, 0x00, 0x00,
    0x00, 0x00, 0x6c, 0xff, 0xff, 0xbd, 0x4d, 0x04, 0x52, 0xc7, 0xff, 0xff, 0x54, 0x00, 0x00, 0x00,
    0x00, 0x00, 0x00, 0x00, 0x00, 0x00, 0x00, 0x00, 0x00, 0x00, 0x00, 0x00, 0x00, 0x00, 0x00, 0x00,
    0x00, 0x00, 0x00, 0x00, 0x00, 0x00, 0x00, 0x00, 0x00, 0x00, 0x00, 0x00, 0x00, 0x00, 0x00, 0x00,
    0x00, 0x00, 0x00, 0x00, 0x00, 0x00, 0x00, 0x00, 0x00, 0x00, 0x00, 0x00, 0x00, 0x00, 0x00, 0x00,
    0x00, 0x00, 0x00, 0x00, 0x00, 0x00, 0x00, 0x00, 0x00, 0x00, 0x00, 0x00, 0x00, 0x00, 0x00, 0x00,
    0x00, 0x00, 0x00, 0x00, 0x00, 0x00, 0x00, 0x00, 0x00, 0x00, 0x00, 0x00, 0x00, 0x00, 0x00, 0x00,
    0x00, 0x00, 0x00, 0xed, 0xdb, 0x64, 0x27, 0x04, 0x3e, 0x9f, 0xff, 0xff, 0xab, 0x00, 0x00, 0x00,
    0x00, 0x00, 0x00, 0x00, 0x21, 0xc4, 0xfc, 0xff, 0xff, 0xff, 0xff, 0xf2, 0x64, 0x01, 0x00, 0x00,
    0x00, 0x00, 0x00, 0x00, 0x00, 0x7b, 0xff, 0xea, 0xff, 0xf5, 0x0a, 0x00, 0x00, 0x00, 0x00, 0x00,
    0x00, 0x00, 0xe8, 0xff, 0xbf, 0x4d, 0x4d, 0x52, 0x83, 0xbf, 0xf8, 0xff, 0xd8, 0x0e, 0x00, 0x00,
    0x00, 0x00, 0x00, 0x3c, 0xf5, 0xff, 0xe7, 0x5b, 0x20, 0x02, 0x27, 0x63, 0xe1, 0x80, 0x00, 0x00,
    0x00, 0x46, 0xff, 0xff, 0x7e, 0x52, 0x72, 0x97, 0xdc, 0xff, 0xff, 0xbb, 0x05, 0x00, 0x00, 0x00,
    0x00, 0x00, 0x85, 0xff, 0xff, 0x5d, 0x5a, 0x5a, 0x5a, 0x5a, 0x5a, 0x5a, 0x5a, 0x38, 0x00, 0x00,
    0x00, 0x00, 0x11, 0xff, 0xff, 0xaa, 0x5a, 0x5a, 0x5a, 0x5a, 0x5a, 0x5a, 0x5a, 0x59, 0x00, 0x00,
    0x00, 0x00, 0x00, 0xa6, 0xff, 0xff, 0xa6, 0x3f, 0x0a, 0x10, 0x44, 0xa3, 0xff, 0x40, 0x00, 0x00,
    0x00, 0x46, 0xff, 0xff, 0x47, 0x00, 0x00, 0x00, 0x00, 0x00, 0x00, 0xc2, 0xff, 0xca, 0x00, 0x00,
    0x00, 0x00, 0x2a, 0x5a, 0x5a, 0x5a, 0xb2, 0xff, 0xff, 0x5d, 0x5a, 0x5a, 0x56, 0x00, 0x00, 0x00,
    0x00, 0x00, 0x00, 0x00, 0x1b, 0x5a, 0x5a, 0x5a, 0x5a, 0xae, 0xff, 0xff, 0x08, 0x00, 0x00, 0x00,
    0x00, 0x46, 0xff, 0xff, 0x47, 0x00, 0x00, 0x00, 0x00, 0x19, 0xdb, 0xff, 0xe3, 0x21, 0x00, 0x00,
    0x00, 0x00, 0x4b, 0xff, 0xff, 0x42, 0x00, 0x00, 0x00, 0x00, 0x00, 0x00, 0x00, 0x00, 0x00, 0x00,
    0x00, 0xea, 0xff, 0xf0, 0xff, 0x41, 0x00, 0x00, 0x00, 0x00, 0xc8, 0xf7, 0xf8, 0xff, 0x68, 0x00,
    0x00, 0x40, 0xff, 0xff, 0xff, 0xe4, 0x04, 0x00, 0x00, 0x00, 0x00, 0xaf, 0xff, 0xc4, 0x00, 0x00,
    0x00, 0x00, 0x15, 0xf2, 0xff, 0xe3, 0x46, 0x09, 0x23, 0x8e, 0xff, 0xff, 0x89, 0x00, 0x00, 0x00,
    0x00, 0x00, 0x85, 0xff, 0xff, 0x51, 0x4d, 0x4d, 0x7b, 0xd1, 0xff, 0xff, 0xff, 0x53, 0x00, 0x00,
    0x00, 0x00, 0x15, 0xf2, 0xff, 0xe3, 0x46, 0x09, 0x23, 0x8e, 0xff, 0xff, 0x89, 0x00, 0x00, 0x00,
    0x00, 0x33, 0xff, 0xff, 0x8c, 0x4d, 0x4d, 0x72, 0xc3, 0xfc, 0xff, 0xff, 0x6c, 0x00, 0x00, 0x00,
    0x00, 0x00, 0x5b, 0xff, 0xff, 0xba, 0x66, 0x1b, 0x06, 0x2b, 0x62, 0xd4, 0xbb, 0x00, 0x00, 0x00,
    0x25, 0x5a, 0x5a, 0x5a, 0x5a, 0x5a, 0xad, 0xff, 0xff, 0x62, 0x5a, 0x5a, 0x5a, 0x5a, 0x53, 0x00,
    0x00, 0x26, 0xff, 0xff, 0x67, 0x00, 0x00, 0x00, 0x00, 0x00, 0x00, 0xe3, 0xff, 0xa7, 0x00, 0x00,
    0x00, 0x9c, 0xff, 0xef, 0x03, 0x00, 0x00, 0x00, 0x00, 0x00, 0x00, 0x70, 0xff, 0xff, 0x21, 0x00,
    0xa8, 0xff, 0xbf, 0x00, 0x00, 0x00, 0x00, 0x00, 0x00, 0x00, 0x00, 0x00, 0x3b, 0xff, 0xff, 0x2c,
    0x00, 0x00, 0x82, 0xff, 0xfa, 0x2a, 0x00, 0x00, 0x00, 0x00, 0x38, 0xfe, 0xff, 0x6a, 0x00, 0x00,
    0x00, 0x37, 0xfe, 0xff, 0x6f, 0x00, 0x00, 0x00, 0x00, 0x00, 0x0b, 0xe5, 0xff, 0xb7, 0x00, 0x00,
    0x00, 0x00, 0x44, 0x5a, 0x5a, 0x5a, 0x5a, 0x5a, 0x5a, 0x5a, 0x5a, 0xcd, 0xff, 0xfc, 0x35, 0x00,
    0x00, 0x00, 0x00, 0x00, 0x00, 0x2c, 0xff, 0xff, 0x24, 0x00, 0x00, 0x00, 0x00, 0x00, 0x00, 0x00,
    0x00, 0x00, 0xa5, 0xff, 0xc1, 0x00, 0x00, 0x00, 0x00, 0x00, 0x00, 0x00, 0x00, 0x00, 0x00, 0x00,
    0x00, 0x00, 0x00, 0x00, 0x00, 0x00, 0x00, 0xa0, 0xff, 0xb0, 0x00, 0x00, 0x00, 0x00, 0x00, 0x00,
    0x00, 0x00, 0x00, 0x00, 0x3f, 0xfa, 0xff, 0x96, 0xe3, 0xff, 0xba, 0x04, 0x00, 0x00, 0x00, 0x00,
    0x00, 0x00, 0x00, 0x00, 0x00, 0x00, 0x00, 0x00, 0x00, 0x00, 0x00, 0x00, 0x00, 0x00, 0x00, 0x00,
    0x00, 0x00, 0x00, 0x00, 0x00, 0x00, 0x14, 0xda, 0xf0, 0x22, 0x00, 0x00, 0x00, 0x00, 0x00, 0x00,
    0x00, 0x00, 0x00, 0x00, 0x00, 0x00, 0x00, 0x00, 0x00, 0x00, 0x00, 0x00, 0x00, 0x00, 0x00, 0x00,
    0x00, 0x00, 0x92, 0xff, 0xbe, 0x00, 0x00, 0x00, 0x00, 0x00, 0x00, 0x00, 0x00, 0x00, 0x00, 0x00,
    0x00, 0x00, 0x00, 0x00, 0x00, 0x00, 0x00, 0x00, 0x00, 0x00, 0x00, 0x00, 0x00, 0x00, 0x00, 0x00,
    0x00, 0x00, 0x00, 0x00, 0x00, 0x00, 0x00, 0x00, 0x00, 0x00, 0x34, 0xff, 0xff, 0x1d, 0x00, 0x00,
    0x00, 0x00, 0x00, 0x00, 0x00, 0x00, 0x00, 0x00, 0x00, 0x00, 0x00, 0x00, 0x00, 0x00, 0x00, 0x00,
    0x00, 0x00, 0x00, 0x00, 0x00, 0x00, 0x98, 0xff, 0xd6, 0x00, 0x00, 0x00, 0x00, 0x00, 0x00, 0x00,
    0x00, 0x00, 0x00, 0x00, 0x00, 0x00, 0x00, 0x00, 0x00, 0x00, 0x00, 0x00, 0x00, 0x00, 0x00, 0x00,
    0x00, 0x00, 0x8b, 0xff, 0xc4, 0x00, 0x00, 0x00, 0x00, 0x00, 0x00, 0x00, 0x00, 0x00, 0x00, 0x00,
    0x00, 0x00, 0x00, 0x00, 0x00, 0x00, 0x0f, 0x5a, 0x5a, 0x0d, 0x00, 0x00, 0x00, 0x00, 0x00, 0x00,
    0x00, 0x00, 0x00, 0x00, 0x00, 0x00, 0x00, 0x28, 0x5a, 0x4e, 0x00, 0x00, 0x00, 0x00, 0x00, 0x00,
    0x00, 0x00, 0x08, 0xff, 0xff, 0x5c, 0x00, 0x00, 0x00, 0x00, 0x00, 0x00, 0x00, 0x00, 0x00, 0x00,
    0x00, 0x00, 0x00, 0x00, 0x00, 0x46, 0xff, 0xff, 0x0a, 0x00, 0x00, 0x00, 0x00, 0x00, 0x00, 0x00,
    0x00, 0x00, 0x00, 0x00, 0x00, 0x00, 0x00, 0x00, 0x00, 0x00, 0x00, 0x00, 0x00, 0x00, 0x00, 0x00,
    0x00, 0x00, 0x00, 0x00, 0x00, 0x00, 0x00, 0x00, 0x00, 0x00, 0x00, 0x00, 0x00, 0x00, 0x00, 0x00,
    0x00, 0x00, 0x00, 0x00, 0x00, 0x00, 0x00, 0x00, 0x00, 0x00, 0x00, 0x00, 0x00, 0x00, 0x00, 0x00,
    0x00, 0x00, 0x00, 0x00, 0x00, 0x00, 0x00, 0x00, 0x00, 0x00, 0x00, 0x00, 0x00, 0x00, 0x00, 0x00,
    0x00, 0x00, 0x00, 0x00, 0x00, 0x00, 0x00, 0x00, 0x00, 0x00, 0x00, 0x00, 0x00, 0x00, 0x00, 0x00,
    0x00, 0x00, 0x00, 0x00, 0x00, 0x00, 0x00, 0x00, 0x00, 0x00, 0x00, 0x00, 0x00, 0x00, 0x00, 0x00,
    0x00, 0x00, 0x00, 0x00, 0x00, 0x00, 0x00, 0x00, 0x00, 0x00, 0x00, 0x00, 0x00, 0x00, 0x00, 0x00,
    0x00, 0x00, 0x00, 0x00, 0x00, 0x96, 0xff, 0xb9, 0x00, 0x00, 0x00, 0x00, 0x00, 0x00, 0x00, 0x00,
    0x00, 0x00, 0x00, 0x00, 0x00, 0x00, 0x00, 0x00, 0x00, 0x00, 0x00, 0x00, 0x00, 0x00, 0x00, 0x00,
    0x00, 0x00, 0x00, 0x00, 0x00, 0x00, 0x00, 0x00, 0x00, 0x00, 0x00, 0x00, 0x00, 0x00, 0x00, 0x00,
    0x00, 0x00, 0x00, 0x00, 0x00, 0x00, 0x00, 0x00, 0x00, 0x00, 0x00, 0x00, 0x00, 0x00, 0x00, 0x00,
    0x00, 0x00, 0x00, 0x00, 0x00, 0x00, 0x00, 0x00, 0x00, 0x00, 0x00, 0x00, 0x00, 0x00, 0x00, 0x00,
    0x00, 0x00, 0x00, 0x00, 0x00, 0x00, 0x00, 0x00, 0x00, 0x00, 0x00, 0x00, 0x00, 0x00, 0x00, 0x00,
    0x00, 0x00, 0x00, 0x00, 0x00, 0x00, 0x00, 0x00, 0x00, 0x00, 0x00, 0x00, 0x00, 0x00, 0x00, 0x00,
    0x00, 0x00, 0x00, 0x00, 0x00, 0x00, 0x27, 0xff, 0xff, 0x62, 0x00, 0x00, 0x00, 0x00, 0x00, 0x00,
    0x00, 0x00, 0x00, 0x00, 0x00, 0x00, 0x54, 0xff, 0xd5, 0x00, 0x00, 0x00, 0x00, 0x00, 0x00, 0x00,
    0x00, 0x00, 0x00, 0x00, 0x00, 0x00, 0xe0, 0xff, 0xa1, 0x00, 0x00, 0x00, 0x00, 0x00, 0x00, 0x00,
    0x00, 0x00, 0x00, 0x00, 0x00, 0x00, 0x00, 0x00, 0x00, 0x00, 0x00, 0x00, 0x00, 0x00, 0x00, 0x00,
    0x00, 0x00, 0x00, 0x00, 0x00, 0x00, 0x00, 0x00, 0x00, 0x00, 0x00, 0x00, 0x00, 0x00, 0x00, 0x00,
    0x00, 0x00, 0x00, 0x00, 0x00, 0x00, 0x81, 0xff, 0xff, 0x0c, 0x00, 0x00, 0x00, 0x00, 0x00, 0x00,
    0x00, 0x00, 0x00, 0x00, 0xbe, 0xff, 0x71, 0x00, 0x00, 0xec, 0xff, 0x43, 0x00, 0x00, 0x00, 0x00,
    0x00, 0x00, 0x00, 0x00, 0x00, 0x28, 0xff, 0xda, 0x00, 0x00, 0x11, 0xfc, 0xf1, 0x04, 0x00, 0x00,
    0x00, 0x00, 0x00, 0x20, 0xb8, 0xff, 0xff, 0xff, 0xff, 0xff, 0xff, 0xff, 0xc4, 0x00, 0x00, 0x00,
    0x0a, 0xef, 0xc3, 0x17, 0x00, 0x23, 0xdd, 0xfa, 0x1f, 0x00, 0x00, 0x00, 0x00, 0x00, 0x00, 0x00,
    0x00, 0x00, 0x01, 0xf0, 0xff, 0x61, 0x00, 0x00, 0x00, 0x00, 0x00, 0x00, 0x00, 0x00, 0x00, 0x00,
    0x00, 0x00, 0x00, 0x00, 0x00, 0x00, 0x5b, 0xff, 0xd5, 0x00, 0x00, 0x00, 0x00, 0x00, 0x00, 0x00,
    0x00, 0x00, 0x00, 0x00, 0x00, 0x00, 0x02, 0xd7, 0xff, 0x5d, 0x00, 0x00, 0x00, 0x00, 0x00, 0x00,
    0x00, 0x00, 0x00, 0x00, 0x00, 0x02, 0xda, 0xff, 0x5e, 0x00, 0x00, 0x00, 0x00, 0x00, 0x00, 0x00,
    0x00, 0x00, 0x7a, 0xf6, 0xdf, 0x4f, 0x00, 0xf6, 0x7b, 0x13, 0x9a, 0xfd, 0xcd, 0x27, 0x00, 0x00,
    0x00, 0x00, 0x00, 0x00, 0x00, 0x00, 0x00, 0x00, 0x00, 0x00, 0x00, 0x00, 0x00, 0x00, 0x00, 0x00,
    0x00, 0x00, 0x00, 0x00, 0x00, 0x00, 0x00, 0x00, 0x00, 0x00, 0x00, 0x00, 0x00, 0x00, 0x00, 0x00,
    0x00, 0x00, 0x00, 0x00, 0x00, 0x00, 0x00, 0x00, 0x00, 0x00, 0x00, 0x00, 0x00, 0x00, 0x00, 0x00,
    0x00, 0x00, 0x00, 0x00, 0x00, 0x00, 0x00, 0x00, 0x00, 0x00, 0x00, 0x00, 0x00, 0x00, 0x00, 0x00,
    0x00, 0x00, 0x00, 0x00, 0x00, 0x00, 0x00, 0x00, 0x00, 0x59, 0xff, 0xf5, 0x15, 0x00, 0x00, 0x00,
    0x00, 0x00, 0x3a, 0xff, 0xff, 0x56, 0x00, 0x00, 0x00, 0x07, 0xcd, 0xff, 0xbc, 0x00, 0x00, 0x00,
    0x00, 0x00, 0x00, 0x52, 0x24, 0x01, 0x00, 0xa6, 0xff, 0xdd, 0x00, 0x00, 0x00, 0x00, 0x00, 0x00,
    0x00, 0x00, 0x6f, 0x10, 0x00, 0x00, 0x00, 0x00, 0x00, 0x1e, 0xfd, 0xff, 0xde, 0x00, 0x00, 0x00,
    0x00, 0x00, 0x00, 0x00, 0x00, 0x00, 0x00, 0x00, 0x00, 0x0e, 0xf2, 0xff, 0xda, 0x00, 0x00, 0x00,
    0x00, 0x00, 0x00, 0x00, 0x00, 0x00, 0x41, 0xfe, 0xab, 0xbf, 0xff, 0xc7, 0x00, 0x00, 0x00, 0x00,
    0x00, 0x00, 0x65, 0xff, 0xeb, 0x00, 0x00, 0x00, 0x00, 0x00, 0x00, 0x00, 0x00, 0x00, 0x00, 0x00,
    0x00, 0x00, 0x0f, 0xf1, 0xff, 0xa1, 0x05, 0x00, 0x00, 0x00, 0x00, 0x00, 0x00, 0x00, 0x00, 0x00,
    0x00, 0x00, 0x00, 0x00, 0x00, 0x00, 0x00, 0x00, 0x00, 0x00, 0xb4, 0xff, 0xbd, 0x00, 0x00, 0x00,
    0x00, 0x00, 0xac, 0xff, 0xfe, 0x22, 0x00, 0x00, 0x00, 0x00, 0x9c, 0xff, 0xff, 0x31, 0x00, 0x00,
    0x00, 0x06, 0xec, 0xff, 0xd2, 0x00, 0x00, 0x00, 0x00, 0x00, 0xd2, 0xff, 0xb9, 0x00, 0x00, 0x00,
    0x00, 0x00, 0x00, 0x00, 0x00, 0x00, 0x00, 0x00, 0x00, 0x00, 0x00, 0x00, 0x00, 0x00, 0x00, 0x00,
    0x00, 0x00, 0x00, 0x00, 0x00, 0x00, 0x00, 0x00, 0x00, 0x00, 0x00, 0x00, 0x00, 0x00, 0x00, 0x00,
    0x00, 0x00, 0x00, 0x00, 0x00, 0x00, 0x00, 0x00, 0x00, 0x00, 0x00, 0x00, 0x00, 0x00, 0x00, 0x00,
    0x00, 0x00, 0x00, 0x00, 0x00, 0x00, 0x00, 0x00, 0x00, 0x00, 0x00, 0x00, 0x00, 0x00, 0x00, 0x00,
    0x00, 0x00, 0x00, 0x00, 0x00, 0x00, 0x00, 0x00, 0x00, 0x00, 0x00, 0x00, 0x00, 0x00, 0x00, 0x00,
    0x00, 0x00, 0x00, 0x60, 0x05, 0x00, 0x00, 0x00, 0x00, 0x04, 0xde, 0xff, 0xed, 0x00, 0x00, 0x00,
    0x00, 0x00, 0x00, 0x48, 0xed, 0xff, 0xc7, 0x8d, 0x55, 0x72, 0xd9, 0xff, 0xff, 0x79, 0x00, 0x00,
    0x00, 0x00, 0x00, 0x00, 0x00, 0xc9, 0xff, 0x79, 0xf0, 0xff, 0x4e, 0x00, 0x00, 0x00, 0x00, 0x00,
    0x00, 0x00, 0xe8, 0xff, 0xa4, 0x00, 0x00, 0x00, 0x00, 0x00, 0x81, 0xff, 0xff, 0x5e, 0x00, 0x00,
    0x00, 0x00, 0x00, 0xc2, 0xff, 0xe0, 0x24, 0x00, 0x00, 0x00, 0x00, 0x00, 0x0a, 0x2e, 0x00, 0x00,
    0x00, 0x46, 0xff, 0xff, 0x47, 0x00, 0x00, 0x00, 0x0a, 0x91, 0xff, 0xff, 0x66, 0x00, 0x00, 0x00,
    0x00, 0x00, 0x85, 0xff, 0xff, 0x05, 0x00, 0x00, 0x00, 0x00, 0x00, 0x00, 0x00, 0x00, 0x00, 0x00,
    0x00, 0x00, 0x11, 0xff, 0xff, 0x7c, 0x00, 0x00, 0x00, 0x00, 0x00, 0x00, 0x00, 0x00, 0x00, 0x00,
    0x00, 0x00, 0x38, 0xff, 0xff, 0x90, 0x01, 0x00, 0x00, 0x00, 0x00, 0x00, 0x50, 0x2f, 0x00, 0x00,
    0x00, 0x46, 0xff, 0xff, 0x47, 0x00, 0x00, 0x00, 0x00, 0x00, 0x00, 0xc2, 0xff, 0xca, 0x00, 0x00,
    0x00, 0x00, 0x00, 0x00, 0x00, 0x00, 0x88, 0xff, 0xff, 0x06, 0x00, 0x00, 0x00, 0x00, 0x00, 0x00,
    0x00, 0x00, 0x00, 0x00, 0x00, 0x00, 0x00, 0x00, 0x00, 0x82, 0xff, 0xff, 0x08, 0x00, 0x00, 0x00,
    0x00, 0x46, 0xff, 0xff, 0x47, 0x00, 0x00, 0x00, 0x13, 0xd3, 0xff, 0xe9, 0x28, 0x00, 0x00, 0x00,
    0x00, 0x00, 0x4b, 0xff, 0xff, 0x42, 0x00, 0x00, 0x00, 0x00, 0x00, 0x00, 0x00, 0x00, 0x00, 0x00,
    0x00, 0xea, 0xff, 0xa0, 0xff, 0x98, 0x00, 0x00, 0x00, 0x21, 0xfe, 0xae, 0xf1, 0xff, 0x68, 0x00,
    0x00, 0x40, 0xff, 0xff, 0xf4, 0xff, 0x51, 0x00, 0x00, 0x00, 0x00, 0xaf, 0xff, 0xc4, 0x00, 0x00,
    0x00, 0x00, 0x71, 0xff, 0xfa, 0x31, 0x00, 0x00, 0x00, 0x01, 0xaa, 0xff, 0xeb, 0x07, 0x00, 0x00,
    0x00, 0x00, 0x85, 0xff, 0xff, 0x05, 0x00, 0x00, 0x00, 0x00, 0x3f, 0xff, 0xff, 0xea, 0x02, 0x00,
    0x00, 0x00, 0x71, 0xff, 0xfa, 0x31, 0x00, 0x00, 0x00, 0x01, 0xaa, 0xff, 0xeb, 0x07, 0x00, 0x00,
    0x00, 0x33, 0xff, 0xff, 0x5a, 0x00, 0x00, 0x00, 0x00, 0x23, 0xfb, 0xff, 0xf7, 0x0d, 0x00, 0x00,
    0x00, 0x00, 0xe2, 0xff, 0xdf, 0x04, 0x00, 0x00, 0x00, 0x00, 0x00, 0x02, 0x30, 0x00, 0x00, 0x00,
    0x00, 0x00, 0x00, 0x00, 0x00, 0x00, 0x81, 0xff, 0xff, 0x0c, 0x00, 0x00, 0x00, 0x00, 0x00, 0x00,
    0x00, 0x26, 0xff, 0xff, 0x67, 0x00, 0x00, 0x00, 0x00, 0x00, 0x00, 0xe3, 0xff, 0xa7, 0x00, 0x00,
    0x00, 0x52, 0xff, 0xff, 0x37, 0x00, 0x00, 0x00, 0x00, 0x00, 0x00, 0xb3, 0xff, 0xd5, 0x00, 0x00,
    0x82, 0xff, 0xdd, 0x00, 0x00, 0x00, 0x00, 0x00, 0x00, 0x00, 0x00, 0x00, 0x59, 0xff, 0xfd, 0x08,
    0x00, 0x00, 0x08, 0xdc, 0xff, 0xba, 0x00, 0x00, 0x00, 0x02, 0xcb, 0xff, 0xc5, 0x02, 0x00, 0x00,
    0x00, 0x00, 0xa0, 0xff, 0xec, 0x10, 0x00, 0x00, 0x00, 0x00, 0x7d, 0xff, 0xfa, 0x28, 0x00, 0x00,
    0x00, 0x00, 0x00, 0x00, 0x00, 0x00, 0x00, 0x00, 0x00, 0x00, 0x3d, 0xfd, 0xff, 0x88, 0x00, 0x00,
    0x00, 0x00, 0x00, 0x00, 0x00, 0x2c, 0xff, 0xff, 0x24, 0x00, 0x00, 0x00, 0x00, 0x00, 0x00, 0x00,
    0x00, 0x00, 0x2e, 0xfe, 0xff, 0x39, 0x00, 0x00, 0x00, 0x00, 0x00, 0x00, 0x00, 0x00, 0x00, 0x00,
    0x00, 0x00, 0x00, 0x00, 0x00, 0x00, 0x00, 0xa0, 0xff, 0xb0, 0x00, 0x00, 0x00, 0x00, 0x00, 0x00,
    0x00, 0x00, 0x00, 0x20, 0xeb, 0xff, 0x97, 0x00, 0x2a, 0xec, 0xff, 0x90, 0x00, 0x00, 0x00, 0x00,
    0x00, 0x00, 0x00, 0x00, 0x00, 0x00, 0x00, 0x00, 0x00, 0x00, 0x00, 0x00, 0x00, 0x00, 0x00, 0x00,
    0x00, 0x00, 0x00, 0x00, 0x00, 0x00, 0x00, 0x0e, 0x1e, 0x0f, 0x00, 0x00, 0x00, 0x00, 0x00, 0x00,
    0x00, 0x00, 0x00, 0x00, 0x00, 0x00, 0x00, 0x00, 0x00, 0x00, 0x00, 0x00, 0x00, 0x00, 0x00, 0x00,
    0x00, 0x00, 0x92, 0xff, 0xbe, 0x00, 0x00, 0x00, 0x00, 0x00, 0x00, 0x00, 0x00, 0x00, 0x00, 0x00,
    0x00, 0x00, 0x00, 0x00, 0x00, 0x00, 0x00, 0x00, 0x00, 0x00, 0x00, 0x00, 0x00, 0x00, 0x00, 0x00,
    0x00, 0x00, 0x00, 0x00, 0x00, 0x00, 0x00, 0x00, 0x00, 0x00, 0x34, 0xff, 0xff, 0x1d, 0x00, 0x00,
    0x00, 0x00, 0x00, 0x00, 0x00, 0x00, 0x00, 0x00, 0x00, 0x00, 0x00, 0x00, 0x00, 0x00, 0x00, 0x00,
    0x00, 0x00, 0x00, 0x00, 0x00, 0x00, 0xb9, 0xff, 0x96, 0x00, 0x00, 0x00, 0x00, 0x00, 0x00, 0x00,
    0x00, 0x00, 0x00, 0x00, 0x00, 0x00, 0x00, 0x00, 0x00, 0x00, 0x00, 0x00, 0x00, 0x00, 0x00, 0x00,
    0x00, 0x00, 0x8b, 0xff, 0xc4, 0x00, 0x00, 0x00, 0x00, 0x00, 0x00, 0x00, 0x00, 0x00, 0x00, 0x00,
    0x00, 0x00, 0x00, 0x00, 0x00, 0x00, 0x00, 0x00, 0x00, 0x00, 0x00, 0x00, 0x00, 0x00, 0x00, 0x00,
    0x00, 0x00, 0x00, 0x00, 0x00, 0x00, 0x00, 0x00, 0x00, 0x00, 0x00, 0x00, 0x00, 0x00, 0x00, 0x00,
    0x00, 0x00, 0x08, 0xff, 0xff, 0x5c, 0x00, 0x00, 0x00, 0x00, 0x00, 0x00, 0x00, 0x00, 0x00, 0x00,
    0x00, 0x00, 0x00, 0x00, 0x00, 0x46, 0xff, 0xff, 0x0a, 0x00, 0x00, 0x00, 0x00, 0x00, 0x00, 0x00,
    0x00, 0x00, 0x00, 0x00, 0x00, 0x00, 0x00, 0x00, 0x00, 0x00, 0x00, 0x00, 0x00, 0x00, 0x00, 0x00,
    0x00, 0x00, 0x00, 0x00, 0x00, 0x00, 0x00, 0x00, 0x00, 0x00, 0x00, 0x00, 0x00, 0x00, 0x00, 0x00,
    0x00, 0x00, 0x00, 0x00, 0x00, 0x00, 0x00, 0x00, 0x00, 0x00, 0x00, 0x00, 0x00, 0x00, 0x00, 0x00,
    0x00, 0x00, 0x00, 0x00, 0x00, 0x00, 0x00, 0x00, 0x00, 0x00, 0x00, 0x00, 0x00, 0x00, 0x00, 0x00,
    0x00, 0x00, 0x00, 0x00, 0x00, 0x00, 0x00, 0x00, 0x00, 0x00, 0x00, 0x00, 0x00, 0x00, 0x00, 0x00,
    0x00, 0x00, 0x00, 0x00, 0x00, 0x00, 0x00, 0x00, 0x00, 0x00, 0x00, 0x00, 0x00, 0x00, 0x00, 0x00,
    0x00, 0x00, 0x00, 0x00, 0x00, 0x00, 0x00, 0x00, 0x00, 0x00, 0x00, 0x00, 0x00, 0x00, 0x00, 0x00,
    0x00, 0x00, 0x00, 0x00, 0x00, 0x96, 0xff, 0xb9, 0x00, 0x00, 0x00, 0x00, 0x00, 0x00, 0x00, 0x00,
    0x00, 0x00, 0x00, 0x00, 0x00, 0x00, 0x00, 0x00, 0x00, 0x00, 0x00, 0x00, 0x00, 0x00, 0x00, 0x00,
    0x00, 0x00, 0x00, 0x00, 0x00, 0x00, 0x00, 0x00, 0x00, 0x00, 0x00, 0x00, 0x00, 0x00, 0x00, 0x00,
    0x00, 0x00, 0x00, 0x00, 0x00, 0x00, 0x00, 0x00, 0x00, 0x00, 0x00, 0x00, 0x00, 0x00, 0x00, 0x00,
    0x00, 0x00, 0x00, 0x00, 0x00, 0x00, 0x00, 0x00, 0x00, 0x00, 0x00, 0x00, 0x00, 0x00, 0x00, 0x00,
    0x00, 0x00, 0x00, 0x00, 0x00, 0x00, 0x00, 0x00, 0x00, 0x00, 0x00, 0x00, 0x00, 0x00, 0x00, 0x00,
    0x00, 0x00, 0x00, 0x00, 0x00, 0x00, 0x00, 0x00, 0x00, 0x00, 0x00, 0x00, 0x00, 0x00, 0x00, 0x00,
    0x00, 0x00, 0x00, 0x00, 0x00, 0x00, 0x44, 0xff, 0xff, 0x29, 0x00, 0x00, 0x00, 0x00, 0x00, 0x00,
    0x00, 0x00, 0x00, 0x00, 0x00, 0x00, 0x54, 0xff, 0xd5, 0x00, 0x00, 0x00, 0x00, 0x00, 0x00, 0x00,
    0x00, 0x00, 0x00, 0x00, 0x00, 0x00, 0xa5, 0xff, 0xbe, 0x00, 0x00, 0x00, 0x00, 0x00, 0x00, 0x00,
    0x00, 0x00, 0x00, 0x00, 0x00, 0x00, 0x00, 0x00, 0x00, 0x00, 0x00, 0x00, 0x00, 0x00, 0x00, 0x00,
    0x00, 0x00, 0x00, 0x00, 0x00, 0x00, 0x00, 0x00, 0x00, 0x00, 0x00, 0x00, 0x00, 0x00, 0x00, 0x00,
    0x00, 0x00, 0x00, 0x00, 0x00, 0x00, 0x81, 0xff, 0xff, 0x0c, 0x00, 0x00, 0x00, 0x00, 0x00, 0x00,
    0x00, 0x00, 0x00, 0x00, 0xbe, 0xff, 0x71, 0x00, 0x00, 0xec, 0xff, 0x43, 0x00, 0x00, 0x00, 0x00,
    0x00, 0x00, 0x00, 0x00, 0x00, 0x68, 0xff, 0x9a, 0x00, 0x00, 0x4f, 0xff, 0xb4, 0x00, 0x00, 0x00,
    0x00, 0x00, 0x07, 0xcf, 0xff, 0xd9, 0x76, 0xa3, 0xc1, 0x47, 0x75, 0xcc, 0xcf, 0x00, 0x00, 0x00,
    0x61, 0xff, 0x51, 0x00, 0x00, 0x00, 0x73, 0xff, 0x5a, 0x00, 0x00, 0x00, 0x00, 0x00, 0x00, 0x00,
    0x00, 0x00, 0x00, 0xee, 0xff, 0x51, 0x00, 0x00, 0x00, 0x00, 0x00, 0x00, 0x00, 0x00, 0x00, 0x00,
    0x00, 0x00, 0x00, 0x00, 0x00, 0x00, 0x5b, 0xff, 0xd5, 0x00, 0x00, 0x00, 0x00, 0x00, 0x00, 0x00,
    0x00, 0x00, 0x00, 0x00, 0x00, 0x00, 0x56, 0xff, 0xe6, 0x06, 0x00, 0x00, 0x00, 0x00, 0x00, 0x00,
    0x00, 0x00, 0x00, 0x00, 0x00, 0x00, 0x6d, 0xff, 0xd7, 0x03, 0x00, 0x00, 0x00, 0x00, 0x00, 0x00,
    0x00, 0x00, 0x00, 0x1c, 0x9d, 0xfc, 0xb4, 0xfa, 0xc2, 0xec, 0xde, 0x5a, 0x02, 0x00, 0x00, 0x00,
    0x00, 0x00, 0x00, 0x00, 0x00, 0x00, 0x39, 0xbc, 0x98, 0x00, 0x00, 0x00, 0x00, 0x00, 0x00, 0x00,
    0x00, 0x00, 0x00, 0x00, 0x00, 0x00, 0x00, 0x00, 0x00, 0x00, 0x00, 0x00, 0x00, 0x00, 0x00, 0x00,
    0x00, 0x00, 0x00, 0x00, 0x00, 0x00, 0x00, 0x00, 0x00, 0x00, 0x00, 0x00, 0x00, 0x00, 0x00, 0x00,
    0x00, 0x00, 0x00, 0x00, 0x00, 0x00, 0x00, 0x00, 0x00, 0x00, 0x00, 0x00, 0x00, 0x00, 0x00, 0x00,
    0x00, 0x00, 0x00, 0x00, 0x00, 0x00, 0x00, 0x00, 0x01, 0xd0, 0xff, 0x93, 0x00, 0x00, 0x00, 0x00,
    0x00, 0x00, 0x9a, 0xff, 0xe6, 0x01, 0x00, 0x00, 0x00, 0x00, 0x66, 0xff, 0xfd, 0x1f, 0x00, 0x00,
    0x00, 0x00, 0x00, 0x00, 0x00, 0x00, 0x00, 0xa6, 0xff, 0xdd, 0x00, 0x00, 0x00, 0x00, 0x00, 0x00,
    0x00, 0x00, 0x00, 0x00, 0x00, 0x00, 0x00, 0x00, 0x00, 0x00, 0xbb, 0xff, 0xfe, 0x12, 0x00, 0x00,
    0x00, 0x00, 0x00, 0x00, 0x00, 0x00, 0x00, 0x00, 0x00, 0x00, 0x96, 0xff, 0xfe, 0x0f, 0x00, 0x00,
    0x00, 0x00, 0x00, 0x00, 0x00, 0x08, 0xda, 0xf4, 0x1d, 0xbf, 0xff, 0xc7, 0x00, 0x00, 0x00, 0x00,
    0x00, 0x00, 0x65, 0xff, 0xeb, 0x00, 0x00, 0x00, 0x00, 0x00, 0x00, 0x00, 0x00, 0x00, 0x00, 0x00,
    0x00, 0x00, 0x73, 0xff, 0xf0, 0x0b, 0x00, 0x00, 0x00, 0x00, 0x00, 0x00, 0x00, 0x00, 0x00, 0x00,
    0x00, 0x00, 0x00, 0x00, 0x00, 0x00, 0x00, 0x00, 0x00, 0x1c, 0xfc, 0xff, 0x5c, 0x00, 0x00, 0x00,
    0x00, 0x00, 0xd8, 0xff, 0xc8, 0x00, 0x00, 0x00, 0x00, 0x00, 0x44, 0xff, 0xff, 0x5d, 0x00, 0x00,
    0x00, 0x28, 0xff, 0xff, 0x8f, 0x00, 0x00, 0x00, 0x00, 0x00, 0x88, 0xff, 0xfc, 0x1d, 0x00, 0x00,
    0x00, 0x00, 0x00, 0x00, 0x00, 0x00, 0x00, 0x00, 0x00, 0x00, 0x00, 0x00, 0x00, 0x00, 0x00, 0x00,
    0x00, 0x00, 0x00, 0x00, 0x00, 0x00, 0x00, 0x00, 0x00, 0x00, 0x00, 0x00, 0x00, 0x00, 0x00, 0x00,
    0x00, 0x00, 0x00, 0x00, 0x00, 0x00, 0x00, 0x00, 0x00, 0x00, 0x00, 0x00, 0x00, 0x10, 0x20, 0x00,
    0x00, 0x00, 0x00, 0x00, 0x00, 0x00, 0x00, 0x00, 0x00, 0x00, 0x00, 0x00, 0x00, 0x00, 0x00, 0x00,
    0x00, 0x2f, 0x00, 0x00, 0x00, 0x00, 0x00, 0x00, 0x00, 0x00, 0x00, 0x00, 0x00, 0x00, 0x00, 0x00,
    0x00, 0x00, 0x00, 0x00, 0x00, 0x00, 0x00, 0x00, 0x00, 0x00, 0x8a, 0xff, 0xfc, 0x09, 0x00, 0x00,
    0x00, 0x00, 0x55, 0xfd, 0xfb, 0x6b, 0x00, 0x00, 0x00, 0x00, 0x01, 0x46, 0xfb, 0xf5, 0x1f, 0x00,
    0x00, 0x00, 0x00, 0x00, 0x1a, 0xfe, 0xff, 0x2e, 0xad, 0xff, 0x9c, 0x00, 0x00, 0x00, 0x00, 0x00,
    0x00, 0x00, 0xe8, 0xff, 0xa4, 0x00, 0x00, 0x00, 0x00, 0x00, 0x1e, 0xfc, 0xff, 0x8f, 0x00, 0x00,
    0x00, 0x00, 0x3f, 0xff, 0xff, 0x63, 0x00, 0x00, 0x00, 0x00, 0x00, 0x00, 0x00, 0x00, 0x00, 0x00,
    0x00, 0x46, 0xff, 0xff, 0x47, 0x00, 0x00, 0x00, 0x00, 0x00, 0xc4, 0xff, 0xe3, 0x08, 0x00, 0x00,
    0x00, 0x00, 0x85, 0xff, 0xff, 0x05, 0x00, 0x00, 0x00, 0x00, 0x00, 0x00, 0x00, 0x00, 0x00, 0x00,
    0x00, 0x00, 0x11, 0xff, 0xff, 0x7c, 0x00, 0x00, 0x00, 0x00, 0x00, 0x00, 0x00, 0x00, 0x00, 0x00,
    0x00, 0x00, 0xb5, 0xff, 0xe7, 0x05, 0x00, 0x00, 0x00, 0x00, 0x00, 0x00, 0x00, 0x00, 0x00, 0x00,
    0x00, 0x46, 0xff, 0xff, 0x47, 0x00, 0x00, 0x00, 0x00, 0x00, 0x00, 0xc2, 0xff, 0xca, 0x00, 0x00,
    0x00, 0x00, 0x00, 0x00, 0x00, 0x00, 0x88, 0xff, 0xff, 0x06, 0x00, 0x00, 0x00, 0x00, 0x00, 0x00,
    0x00, 0x00, 0x00, 0x00, 0x00, 0x00, 0x00, 0x00, 0x00, 0x82, 0xff, 0xff, 0x08, 0x00, 0x00, 0x00,
    0x00, 0x46, 0xff, 0xff, 0x47, 0x00, 0x00, 0x0f, 0xcc, 0xff, 0xee, 0x2f, 0x00, 0x00, 0x00, 0x00,
    0x00, 0x00, 0x4b, 0xff, 0xff, 0x42, 0x00, 0x00, 0x00, 0x00, 0x00, 0x00, 0x00, 0x00, 0x00, 0x00,
    0x00, 0xea, 0xff, 0x6c, 0xdc, 0xea, 0x04, 0x00, 0x00, 0x77, 0xff, 0x58, 0xf1, 0xff, 0x68, 0x00,
    0x00, 0x40, 0xff, 0xff, 0x9a, 0xff, 0xba, 0x00, 0x00, 0x00, 0x00, 0xaf, 0xff, 0xc4, 0x00, 0x00,
    0x00, 0x00, 0xd2, 0xff, 0xc2, 0x00, 0x00, 0x00, 0x00, 0x00, 0x41, 0xff, 0xff, 0x55, 0x00, 0x00,
    0x00, 0x00, 0x85, 0xff, 0xff, 0x05, 0x00, 0x00, 0x00, 0x00, 0x00, 0xcc, 0xff, 0xff, 0x23, 0x00,
    0x00, 0x00, 0xd2, 0xff, 0xc2, 0x00, 0x00, 0x00, 0x00, 0x00, 0x41, 0xff, 0xff, 0x55, 0x00, 0x00,
    0x00, 0x33, 0xff, 0xff, 0x5a, 0x00, 0x00, 0x00, 0x00, 0x00, 0xb2, 0xff, 0xff, 0x39, 0x00, 0x00,
    0x00, 0x14, 0xff, 0xff, 0x6c, 0x00, 0x00, 0x00, 0x00, 0x00, 0x00, 0x00, 0x00, 0x00, 0x00, 0x00,
    0x00, 0x00, 0x00, 0x00, 0x00, 0x00, 0x81, 0xff, 0xff, 0x0c, 0x00, 0x00, 0x00, 0x00, 0x00, 0x00,
    0x00, 0x26, 0xff, 0xff, 0x67, 0x00, 0x00, 0x00, 0x00, 0x00, 0x00, 0xe3, 0xff, 0xa7, 0x00, 0x00,
    0x00, 0x0d, 0xf9, 0xff, 0x7b, 0x00, 0x00, 0x00, 0x00, 0x00, 0x05, 0xf2, 0xff, 0x8b, 0x00, 0x00,
    0x5c, 0xff, 0xf9, 0x02, 0x00, 0x00, 0x00, 0x00, 0x00, 0x00, 0x00, 0x00, 0x77, 0xff, 0xdf, 0x00,
    0x00, 0x00, 0x00, 0x47, 0xff, 0xff, 0x4f, 0x00, 0x00, 0x66, 0xff, 0xf9, 0x2b, 0x00, 0x00, 0x00,
    0x00, 0x00, 0x19, 0xf2, 0xff, 0x8a, 0x00, 0x00, 0x00, 0x17, 0xf2, 0xff, 0x8d, 0x00, 0x00, 0x00,
    0x00, 0x00, 0x00, 0x00, 0x00, 0x00, 0x00, 0x00, 0x00, 0x08, 0xd8, 0xff, 0xd5, 0x08, 0x00, 0x00,
    0x00, 0x00, 0x00, 0x00, 0x00, 0x2c, 0xff, 0xff, 0x24, 0x00, 0x00, 0x00, 0x00, 0x00, 0x00, 0x00,
    0x00, 0x00, 0x00, 0xb5, 0xff, 0xb0, 0x00, 0x00, 0x00, 0x00, 0x00, 0x00, 0x00, 0x00, 0x00, 0x00,
    0x00, 0x00, 0x00, 0x00, 0x00, 0x00, 0x00, 0xa0, 0xff, 0xb0, 0x00, 0x00, 0x00, 0x00, 0x00, 0x00,
    0x00, 0x00, 0x0c, 0xd1, 0xff, 0xa8, 0x02, 0x00, 0x00, 0x35, 0xf2, 0xff, 0x62, 0x00, 0x00, 0x00,
    0x00, 0x00, 0x00, 0x00, 0x00, 0x00, 0x00, 0x00, 0x00, 0x00, 0x00, 0x00, 0x00, 0x00, 0x00, 0x00,
    0x00, 0x00, 0x00, 0x00, 0x00, 0x00, 0x00, 0x00, 0x00, 0x00, 0x00, 0x00, 0x00, 0x00, 0x00, 0x00,
    0x00, 0x00, 0x00, 0x00, 0x08, 0x37, 0x54, 0x65, 0x40, 0x14, 0x00, 0x00, 0x00, 0x00, 0x00, 0x00,
    0x00, 0x00, 0x92, 0xff, 0xbe, 0x00, 0x02, 0x2e, 0x60, 0x39, 0x08, 0x00, 0x00, 0x00, 0x00, 0x00,
    0x00, 0x00, 0x00, 0x00, 0x00, 0x00, 0x01, 0x1d, 0x47, 0x65, 0x4a, 0x1d, 0x00, 0x00, 0x00, 0x00,
    0x00, 0x00, 0x00, 0x00, 0x00, 0x1a, 0x51, 0x51, 0x14, 0x00, 0x34, 0xff, 0xff, 0x1d, 0x00, 0x00,
    0x00, 0x00, 0x00, 0x00, 0x00, 0x01, 0x1f, 0x4e, 0x5e, 0x2f, 0x06, 0x00, 0x00, 0x00, 0x00, 0x00,
    0x00, 0x00, 0x0d, 0x18, 0x18, 0x18, 0xcd, 0xff, 0x93, 0x18, 0x18, 0x18, 0x18, 0x09, 0x00, 0x00,
    0x00, 0x00, 0x00, 0x00, 0x00, 0x1c, 0x54, 0x4e, 0x13, 0x00, 0x02, 0x0b, 0x0b, 0x01, 0x00, 0x00,
    0x00, 0x00, 0x8b, 0xff, 0xc4, 0x00, 0x00, 0x13, 0x52, 0x54, 0x22, 0x00, 0x00, 0x00, 0x00, 0x00,
    0x00, 0x00, 0x00, 0x13, 0x18, 0x18, 0x18, 0x18, 0x18, 0x04, 0x00, 0x00, 0x00, 0x00, 0x00, 0x00,
    0x00, 0x00, 0x00, 0x0b, 0x18, 0x18, 0x18, 0x18, 0x18, 0x15, 0x00, 0x00, 0x00, 0x00, 0x00, 0x00,
    0x00, 0x00, 0x08, 0xff, 0xff, 0x5c, 0x00, 0x00, 0x00, 0x00, 0x00, 0x0f, 0x18, 0x18, 0x05, 0x00,
    0x00, 0x00, 0x00, 0x00, 0x00, 0x46, 0xff, 0xff, 0x0a, 0x00, 0x00, 0x00, 0x00, 0x00, 0x00, 0x00,
    0x00, 0x0f, 0x18, 0x0b, 0x0d, 0x4f, 0x46, 0x08, 0x00, 0x05, 0x3e, 0x5a, 0x1e, 0x00, 0x00, 0x00,
    0x00, 0x00, 0x0d, 0x18, 0x12, 0x00, 0x00, 0x13, 0x52, 0x54, 0x22, 0x00, 0x00, 0x00, 0x00, 0x00,
    0x00, 0x00, 0x00, 0x00, 0x00, 0x09, 0x34, 0x60, 0x4c, 0x1d, 0x00, 0x00, 0x00, 0x00, 0x00, 0x00,
    0x00, 0x00, 0x0f, 0x18, 0x11, 0x00, 0x02, 0x30, 0x60, 0x36, 0x06, 0x00, 0x00, 0x00, 0x00, 0x00,
    0x00, 0x00, 0x00, 0x00, 0x00, 0x09, 0x3c, 0x4c, 0x10, 0x00, 0x01, 0x0b, 0x0b, 0x03, 0x00, 0x00,
    0x00, 0x00, 0x00, 0x00, 0x0b, 0x18, 0x15, 0x00, 0x00, 0x00, 0x26, 0x61, 0x4d, 0x14, 0x00, 0x00,
    0x00, 0x00, 0x00, 0x00, 0x00, 0x10, 0x3f, 0x5e, 0x62, 0x49, 0x20, 0x00, 0x00, 0x00, 0x00, 0x00,
    0x00, 0x08, 0x18, 0x18, 0x18, 0xa0, 0xff, 0xc0, 0x18, 0x18, 0x18, 0x18, 0x18, 0x00, 0x00, 0x00,
    0x00, 0x00, 0x0a, 0x12, 0x0d, 0x00, 0x00, 0x00, 0x00, 0x00, 0x02, 0x12, 0x12, 0x04, 0x00, 0x00,
    0x00, 0x11, 0x18, 0x10, 0x00, 0x00, 0x00, 0x00, 0x00, 0x00, 0x00, 0x04, 0x18, 0x18, 0x06, 0x00,
    0x18, 0x18, 0x07, 0x00, 0x00, 0x00, 0x00, 0x00, 0x00, 0x00, 0x00, 0x00, 0x00, 0x13, 0x18, 0x0c,
    0x00, 0x0c, 0x18, 0x18, 0x01, 0x00, 0x00, 0x00, 0x00, 0x00, 0x00, 0x0e, 0x18, 0x18, 0x01, 0x00,
    0x00, 0x10, 0x18, 0x13, 0x00, 0x00, 0x00, 0x00, 0x00, 0x00, 0x00, 0x00, 0x17, 0x18, 0x0c, 0x00,
    0x00, 0x00, 0x04, 0x1e, 0x1e, 0x1e, 0x1e, 0x1e, 0x1e, 0x1e, 0x1e, 0x1e, 0x1e, 0x03, 0x00, 0x00,
    0x00, 0x00, 0x00, 0x00, 0x00, 0x00, 0x54, 0xff, 0xff, 0x06, 0x00, 0x00, 0x00, 0x00, 0x00, 0x00,
    0x00, 0x00, 0x00, 0x00, 0x00, 0x00, 0x54, 0xff, 0xd5, 0x00, 0x00, 0x00, 0x00, 0x00, 0x00, 0x00,
    0x00, 0x00, 0x00, 0x00, 0x00, 0x00, 0x82, 0xff, 0xce, 0x00, 0x00, 0x00, 0x00, 0x00, 0x00, 0x00,
    0x00, 0x00, 0x00, 0x00, 0x00, 0x00, 0x00, 0x00, 0x00, 0x00, 0x00, 0x00, 0x00, 0x00, 0x00, 0x00,
    0x00, 0x00, 0x00, 0x00, 0x00, 0x00, 0x00, 0x00, 0x00, 0x00, 0x00, 0x00, 0x00, 0x00, 0x00, 0x00,
    0x00, 0x00, 0x00, 0x00, 0x00, 0x00, 0x81, 0xff, 0xff, 0x0c, 0x00, 0x00, 0x00, 0x00, 0x00, 0x00,
    0x00, 0x00, 0x00, 0x00, 0xbe, 0xff, 0x71, 0x00, 0x00, 0xec, 0xff, 0x43, 0x00, 0x00, 0x00, 0x00,
    0x00, 0x25, 0x46, 0x46, 0x46, 0xba, 0xff, 0x8e, 0x46, 0x46, 0xa8, 0xff, 0xa0, 0x46, 0x46, 0x21,
    0x00, 0x00, 0x59, 0xff, 0xfe, 0x28, 0x00, 0x8c, 0xb5, 0x00, 0x00, 0x00, 0x21, 0x00, 0x00, 0x00,
    0x62, 0xff, 0x4f, 0x00, 0x00, 0x00, 0x72, 0xff, 0x41, 0x00, 0x00, 0x00, 0x00, 0x00, 0x00, 0x00,
    0x00, 0x00, 0x00, 0xbf, 0xff, 0x9b, 0x00, 0x00, 0x00, 0x00, 0x00, 0x00, 0x00, 0x00, 0x00, 0x00,
    0x00, 0x00, 0x00, 0x00, 0x00, 0x00, 0x5b, 0xff, 0xd5, 0x00, 0x00, 0x00, 0x00, 0x00, 0x00, 0x00,
    0x00, 0x00, 0x00, 0x00, 0x00, 0x00, 0xbc, 0xff, 0x96, 0x00, 0x00, 0x00, 0x00, 0x00, 0x00, 0x00,
    0x00, 0x00, 0x00, 0x00, 0x00, 0x00, 0x16, 0xff, 0xff, 0x41, 0x00, 0x00, 0x00, 0x00, 0x00, 0x00,
    0x00, 0x00, 0x00, 0x00, 0x00, 0x2b, 0xcf, 0xff, 0xfe, 0x79, 0x06, 0x00, 0x00, 0x00, 0x00, 0x00,
    0x00, 0x00, 0x00, 0x00, 0x00, 0x00, 0x4e, 0xff, 0xce, 0x00, 0x00, 0x00, 0x00, 0x00, 0x00, 0x00,
    0x00, 0x00, 0x00, 0x00, 0x00, 0x00, 0x00, 0x00, 0x00, 0x00, 0x00, 0x00, 0x00, 0x00, 0x00, 0x00,
    0x00, 0x00, 0x00, 0x00, 0x00, 0x00, 0x00, 0x00, 0x00, 0x00, 0x00, 0x00, 0x00, 0x00, 0x00, 0x00,
    0x00, 0x00, 0x00, 0x00, 0x00, 0x00, 0x00, 0x00, 0x00, 0x00, 0x00, 0x00, 0x00, 0x00, 0x00, 0x00,
    0x00, 0x00, 0x00, 0x00, 0x00, 0x00, 0x00, 0x00, 0x49, 0xff, 0xfb, 0x20, 0x00, 0x00, 0x00, 0x00,
    0x00, 0x00, 0xed, 0xff, 0xa3, 0x00, 0x00, 0x00, 0x00, 0x00, 0x21, 0xff, 0xff, 0x71, 0x00, 0x00,
    0x00, 0x00, 0x00, 0x00, 0x00, 0x00, 0x00, 0xa6, 0xff, 0xdd, 0x00, 0x00, 0x00, 0x00, 0x00, 0x00,
    0x00, 0x00, 0x00, 0x00, 0x00, 0x00, 0x00, 0x00, 0x00, 0x00, 0x79, 0xff, 0xff, 0x1e, 0x00, 0x00,
    0x00, 0x00, 0x00, 0x00, 0x00, 0x00, 0x00, 0x00, 0x00, 0x00, 0x9a, 0xff, 0xeb, 0x04, 0x00, 0x00,
    0x00, 0x00, 0x00, 0x00, 0x00, 0x85, 0xff, 0x79, 0x00, 0xbf, 0xff, 0xc7, 0x00, 0x00, 0x00, 0x00,
    0x00, 0x00, 0x65, 0xff, 0xeb, 0x00, 0x00, 0x00, 0x00, 0x00, 0x00, 0x00, 0x00, 0x00, 0x00, 0x00,
    0x00, 0x00, 0xd8, 0xff, 0x91, 0x00, 0x00, 0x00, 0x00, 0x00, 0x00, 0x00, 0x00, 0x00, 0x00, 0x00,
    0x00, 0x00, 0x00, 0x00, 0x00, 0x00, 0x00, 0x00, 0x00, 0x7d, 0xff, 0xf0, 0x0a, 0x00, 0x00, 0x00,
    0x00, 0x00, 0xa8, 0xff, 0xcc, 0x00, 0x00, 0x00, 0x00, 0x00, 0x48, 0xff, 0xff, 0x2c, 0x00, 0x00,
    0x00, 0x4c, 0xff, 0xff, 0x4d, 0x00, 0x00, 0x00, 0x00, 0x00, 0x3f, 0xff, 0xff, 0x66, 0x00, 0x00,
    0x00, 0x00, 0x00, 0x00, 0x00, 0x00, 0x51, 0x60, 0x60, 0x1f, 0x00, 0x00, 0x00, 0x00, 0x00, 0x00,
    0x00, 0x00, 0x00, 0x00, 0x00, 0x00, 0x51, 0x60, 0x60, 0x1f, 0x00, 0x00, 0x00, 0x00, 0x00, 0x00,
    0x00, 0x00, 0x00, 0x00, 0x00, 0x00, 0x00, 0x00, 0x00, 0x00, 0x00, 0x3b, 0xa0, 0xf5, 0x68, 0x00,
    0x00, 0x00, 0x00, 0x00, 0x00, 0x00, 0x00, 0x00, 0x00, 0x00, 0x00, 0x00, 0x00, 0x00, 0x00, 0x00,
    0x00, 0xe4, 0xd4, 0x6f, 0x12, 0x00, 0x00, 0x00, 0x00, 0x00, 0x00, 0x00, 0x00, 0x00, 0x00, 0x00,
    0x00, 0x00, 0x00, 0x00, 0x00, 0x00, 0x00, 0x00, 0x00, 0x01, 0xc4, 0xff, 0xcd, 0x00, 0x00, 0x00,
    0x00, 0x06, 0xde, 0xfb, 0x47, 0x00, 0x00, 0x00, 0x00, 0x00, 0x00, 0x00, 0xb8, 0xff, 0x7e, 0x00,
    0x00, 0x00, 0x00, 0x00, 0x67, 0xff, 0xe5, 0x01, 0x66, 0xff, 0xe8, 0x02, 0x00, 0x00, 0x00, 0x00,
    0x00, 0x00, 0xe8, 0xff, 0xa4, 0x00, 0x00, 0x00, 0x00, 0x00, 0x1c, 0xfd, 0xff, 0x7e, 0x00, 0x00,
    0x00, 0x00, 0xb1, 0xff, 0xf3, 0x0c, 0x00, 0x00, 0x00, 0x00, 0x00, 0x00, 0x00, 0x00, 0x00, 0x00,
    0x00, 0x46, 0xff, 0xff, 0x47, 0x00, 0x00, 0x00, 0x00, 0x00, 0x57, 0xff, 0xff, 0x61, 0x00, 0x00,
    0x00, 0x00, 0x85, 0xff, 0xff, 0x05, 0x00, 0x00, 0x00, 0x00, 0x00, 0x00, 0x00, 0x00, 0x00, 0x00,
    0x00, 0x00, 0x11, 0xff, 0xff, 0x7c, 0x00, 0x00, 0x00, 0x00, 0x00, 0x00, 0x00, 0x00, 0x00, 0x00,
    0x00, 0x29, 0xfe, 0xff, 0x8a, 0x00, 0x00, 0x00, 0x00, 0x00, 0x00, 0x00, 0x00, 0x00, 0x00, 0x00,
    0x00, 0x46, 0xff, 0xff, 0x47, 0x00, 0x00, 0x00, 0x00, 0x00, 0x00, 0xc2, 0xff, 0xca, 0x00, 0x00,
    0x00, 0x00, 0x00, 0x00, 0x00, 0x00, 0x88, 0xff, 0xff, 0x06, 0x00, 0x00, 0x00, 0x00, 0x00, 0x00,
    0x00, 0x00, 0x00, 0x00, 0x00, 0x00, 0x00, 0x00, 0x00, 0x82, 0xff, 0xff, 0x08, 0x00, 0x00, 0x00,
    0x00, 0x46, 0xff, 0xff, 0x47, 0x00, 0x0b, 0xc3, 0xff, 0xf2, 0x37, 0x00, 0x00, 0x00, 0x00, 0x00,
    0x00, 0x00, 0x4b, 0xff, 0xff, 0x42, 0x00, 0x00, 0x00, 0x00, 0x00, 0x00, 0x00, 0x00, 0x00, 0x00,
    0x00, 0xea, 0xff, 0x6c, 0x86, 0xff, 0x46, 0x00, 0x00, 0xcf, 0xf5, 0x0c, 0xf1, 0xff, 0x68, 0x00,
    0x00, 0x40, 0xff, 0xff, 0x40, 0xf1, 0xfe, 0x25, 0x00, 0x00, 0x00, 0xaf, 0xff, 0xc4, 0x00, 0x00,
    0x00, 0x24, 0xff, 0xff, 0x7e, 0x00, 0x00, 0x00, 0x00, 0x00, 0x06, 0xf4, 0xff, 0xa6, 0x00, 0x00,
    0x00, 0x00, 0x85, 0xff, 0xff, 0x05, 0x00, 0x00, 0x00, 0x00, 0x00, 0x6e, 0xff, 0xff, 0x4c, 0x00,
    0x00, 0x24, 0xff, 0xff, 0x7e, 0x00, 0x00, 0x00, 0x00, 0x00, 0x06, 0xf4, 0xff, 0xa6, 0x00, 0x00,
    0x00, 0x33, 0xff, 0xff, 0x5a, 0x00, 0x00, 0x00, 0x00, 0x00, 0x5b, 0xff, 0xff, 0x5e, 0x00, 0x00,
    0x00, 0x35, 0xff, 0xff, 0x58, 0x00, 0x00, 0x00, 0x00, 0x00, 0x00, 0x00, 0x00, 0x00, 0x00, 0x00,
    0x00, 0x00, 0x00, 0x00, 0x00, 0x00, 0x81, 0xff, 0xff, 0x0c, 0x00, 0x00, 0x00, 0x00, 0x00, 0x00,
    0x00, 0x26, 0xff, 0xff, 0x67, 0x00, 0x00, 0x00, 0x00, 0x00, 0x00, 0xe3, 0xff, 0xa7, 0x00, 0x00,
    0x00, 0x00, 0xbb, 0xff, 0xbe, 0x00, 0x00, 0x00, 0x00, 0x00, 0x3c, 0xff, 0xff, 0x40, 0x00, 0x00,
    0x36, 0xff, 0xff, 0x1a, 0x00, 0x00, 0x68, 0xa0, 0xa0, 0x16, 0x00, 0x00, 0x95, 0xff, 0xb9, 0x00,
    0x00, 0x00, 0x00, 0x00, 0xa9, 0xff, 0xdc, 0x07, 0x12, 0xeb, 0xff, 0x81, 0x00, 0x00, 0x00, 0x00,
    0x00, 0x00, 0x00, 0x78, 0xff, 0xf7, 0x1f, 0x00, 0x00, 0x97, 0xff, 0xe9, 0x0f, 0x00, 0x00, 0x00,
    0x00, 0x00, 0x00, 0x00, 0x00, 0x00, 0x00, 0x00, 0x00, 0x87, 0xff, 0xfc, 0x36, 0x00, 0x00, 0x00,
    0x00, 0x00, 0x00, 0x00, 0x00, 0x2c, 0xff, 0xff, 0x24, 0x00, 0x00, 0x00, 0x00, 0x00, 0x00, 0x00,
    0x00, 0x00, 0x00, 0x3e, 0xff, 0xfd, 0x2a, 0x00, 0x00, 0x00, 0x00, 0x00, 0x00, 0x00, 0x00, 0x00,
    0x00, 0x00, 0x00, 0x00, 0x00, 0x00, 0x00, 0xa0, 0xff, 0xb0, 0x00, 0x00, 0x00, 0x00, 0x00, 0x00,
    0x00, 0x01, 0xad, 0xff, 0xb7, 0x06, 0x00, 0x00, 0x00, 0x00, 0x42, 0xf7, 0xf8, 0x3a, 0x00, 0x00,
    0x00, 0x00, 0x00, 0x00, 0x00, 0x00, 0x00, 0x00, 0x00, 0x00, 0x00, 0x00, 0x00, 0x00, 0x00, 0x00,
    0x00, 0x00, 0x00, 0x00, 0x00, 0x00, 0x00, 0x00, 0x00, 0x00, 0x00, 0x00, 0x00, 0x00, 0x00, 0x00,
    0x00, 0x00, 0x25, 0xb0, 0xf4, 0xff, 0xff, 0xff, 0xff, 0xff, 0xcf, 0x26, 0x00, 0x00, 0x00, 0x00,
    0x00, 0x00, 0x92, 0xff, 0xbe, 0x2c, 0xe6, 0xff, 0xff, 0xff, 0xf6, 0x5a, 0x00, 0x00, 0x00, 0x00,
    0x00, 0x00, 0x00, 0x00, 0x00, 0x47, 0xe0, 0xff, 0xff, 0xff, 0xff, 0xfd, 0xb5, 0x26, 0x00, 0x00,
    0x00, 0x00, 0x00, 0x0e, 0xb4, 0xff, 0xff, 0xff, 0xfe, 0x9d, 0x36, 0xff, 0xff, 0x1d, 0x00, 0x00,
    0x00, 0x00, 0x00, 0x00, 0x3f, 0xdf, 0xff, 0xff, 0xff, 0xff, 0xed, 0x4f, 0x00, 0x00, 0x00, 0x00,
    0x00, 0x00, 0x8b, 0xff, 0xff, 0xff, 0xff, 0xff, 0xff, 0xff, 0xff, 0xff, 0xff, 0x60, 0x00, 0x00,
    0x00, 0x00, 0x00, 0x0d, 0xb5, 0xff, 0xff, 0xff, 0xfe, 0x9a, 0x35, 0xff, 0xff, 0x1d, 0x00, 0x00,
    0x00, 0x00, 0x8b, 0xff, 0xc4, 0x0c, 0xbc, 0xfd, 0xff, 0xff, 0xfe, 0x89, 0x03, 0x00, 0x00, 0x00,
    0x00, 0x00, 0x00, 0xc7, 0xff, 0xff, 0xff, 0xff, 0xff, 0x26, 0x00, 0x00, 0x00, 0x00, 0x00, 0x00,
    0x00, 0x00, 0x00, 0x70, 0xff, 0xff, 0xff, 0xff, 0xff, 0xdd, 0x00, 0x00, 0x00, 0x00, 0x00, 0x00,
    0x00, 0x00, 0x08, 0xff, 0xff, 0x5c, 0x00, 0x00, 0x00, 0x00, 0x3c, 0xf1, 0xff, 0x9f, 0x03, 0x00,
    0x00, 0x00, 0x00, 0x00, 0x00, 0x46, 0xff, 0xff, 0x0a, 0x00, 0x00, 0x00, 0x00, 0x00, 0x00, 0x00,
    0x00, 0xa0, 0xff, 0x92, 0xdf, 0xff, 0xff, 0xd6, 0x12, 0xc7, 0xff, 0xff, 0xf5, 0x3e, 0x00, 0x00,
    0x00, 0x00, 0x8b, 0xff, 0xc4, 0x0c, 0xbc, 0xfd, 0xff, 0xff, 0xfe, 0x89, 0x03, 0x00, 0x00, 0x00,
    0x00, 0x00, 0x00, 0x01, 0x75, 0xf9, 0xff, 0xff, 0xff, 0xff, 0xcd, 0x24, 0x00, 0x00, 0x00, 0x00,
    0x00, 0x00, 0x9b, 0xff, 0xb7, 0x2f, 0xe7, 0xff, 0xff, 0xff, 0xf3, 0x50, 0x00, 0x00, 0x00, 0x00,
    0x00, 0x00, 0x00, 0x02, 0x88, 0xfa, 0xff, 0xff, 0xfc, 0xaa, 0x13, 0xff, 0xff, 0x46, 0x00, 0x00,
    0x00, 0x00, 0x00, 0x00, 0x71, 0xff, 0xe1, 0x00, 0x62, 0xdd, 0xff, 0xff, 0xff, 0xf5, 0x5c, 0x00,
    0x00, 0x00, 0x00, 0x04, 0x85, 0xf2, 0xff, 0xff, 0xff, 0xff, 0xff, 0xd3, 0x28, 0x00, 0x00, 0x00,
    0x00, 0x5a, 0xff, 0xff, 0xff, 0xff, 0xff, 0xff, 0xff, 0xff, 0xff, 0xff, 0xfc, 0x00, 0x00, 0x00,
    0x00, 0x00, 0x8b, 0xff, 0xc4, 0x00, 0x00, 0x00, 0x00, 0x00, 0x1a, 0xff, 0xff, 0x3a, 0x00, 0x00,
    0x00, 0x87, 0xff, 0xdd, 0x01, 0x00, 0x00, 0x00, 0x00, 0x00, 0x00, 0x5a, 0xff, 0xf9, 0x12, 0x00,
    0xdc, 0xff, 0x6b, 0x00, 0x00, 0x00, 0x00, 0x00, 0x00, 0x00, 0x00, 0x00, 0x00, 0xe6, 0xff, 0x60,
    0x00, 0x28, 0xf3, 0xff, 0x73, 0x00, 0x00, 0x00, 0x00, 0x00, 0x13, 0xe4, 0xff, 0x9f, 0x00, 0x00,
    0x00, 0x75, 0xff, 0xf1, 0x0b, 0x00, 0x00, 0x00, 0x00, 0x00, 0x00, 0x2b, 0xff, 0xff, 0x47, 0x00,
    0x00, 0x00, 0x25, 0xff, 0xff, 0xff, 0xff, 0xff, 0xff, 0xff, 0xff, 0xff, 0xff, 0x16, 0x00, 0x00,
    0x00, 0x00, 0x00, 0x00, 0x00, 0x00, 0x54, 0xff, 0xff, 0x06, 0x00, 0x00, 0x00, 0x00, 0x00, 0x00,
    0x00, 0x00, 0x00, 0x00, 0x00, 0x00, 0x54, 0xff, 0xd5, 0x00, 0x00, 0x00, 0x00, 0x00, 0x00, 0x00,
    0x00, 0x00, 0x00, 0x00, 0x00, 0x00, 0x81, 0xff, 0xce, 0x00, 0x00, 0x00, 0x00, 0x00, 0x00, 0x00,
    0x00, 0x00, 0x00, 0x00, 0x00, 0x00, 0x00, 0x00, 0x00, 0x00, 0x00, 0x00, 0x00, 0x00, 0x00, 0x00,
    0x00, 0x00, 0x00, 0x00, 0x00, 0x00, 0x00, 0x00, 0x00, 0x00, 0x00, 0x00, 0x00, 0x00, 0x00, 0x00,
    0x00, 0x00, 0x00, 0x00, 0x00, 0x00, 0x81, 0xff, 0xff, 0x0c, 0x00, 0x00, 0x00, 0x00, 0x00, 0x00,
    0x00, 0x00, 0x00, 0x00, 0xbe, 0xff, 0x71, 0x00, 0x00, 0xec, 0xff, 0x43, 0x00, 0x00, 0x00, 0x00,
    0x00, 0x87, 0xff, 0xff, 0xff, 0xff, 0xff, 0xff, 0xff, 0xff, 0xff, 0xff, 0xff, 0xff, 0xff, 0x77,
    0x00, 0x00, 0x89, 0xff, 0xca, 0x00, 0x00, 0x8c, 0xb5, 0x00, 0x00, 0x00, 0x00, 0x00, 0x00, 0x00,
    0x0a, 0xef, 0xbe, 0x13, 0x00, 0x1f, 0xdb, 0xd7, 0x01, 0x00, 0x00, 0x00, 0x00, 0x13, 0x13, 0x00,
    0x00, 0x00, 0x00, 0x50, 0xff, 0xfc, 0x34, 0x00, 0x00, 0x00, 0x00, 0x00, 0x00, 0x00, 0x00, 0x00,
    0x00, 0x00, 0x00, 0x00, 0x00, 0x00, 0x5b, 0xff, 0xd5, 0x00, 0x00, 0x00, 0x00, 0x00, 0x00, 0x00,
    0x00, 0x00, 0x00, 0x00, 0x00, 0x00, 0xe9, 0xff, 0x71, 0x00, 0x00, 0x00, 0x00, 0x00, 0x00, 0x00,
    0x00, 0x00, 0x00, 0x00, 0x00, 0x00, 0x00, 0xef, 0xff, 0x6d, 0x00, 0x00, 0x00, 0x00, 0x00, 0x00,
    0x00, 0x00, 0x00, 0x00, 0x22, 0xa7, 0xfc, 0xfe, 0xfc, 0xe5, 0x64, 0x03, 0x00, 0x00, 0x00, 0x00,
    0x00, 0x00, 0x00, 0x00, 0x00, 0x00, 0x4e, 0xff, 0xce, 0x00, 0x00, 0x00, 0x00, 0x00, 0x00, 0x00,
    0x00, 0x00, 0x00, 0x00, 0x00, 0x00, 0x00, 0x00, 0x00, 0x00, 0x00, 0x00, 0x00, 0x00, 0x00, 0x00,
    0x00, 0x00, 0x00, 0x00, 0x00, 0x00, 0x00, 0x00, 0x00, 0x00, 0x00, 0x00, 0x00, 0x00, 0x00, 0x00,
    0x00, 0x00, 0x00, 0x00, 0x00, 0x00, 0x00, 0x00, 0x00, 0x00, 0x00, 0x00, 0x00, 0x00, 0x00, 0x00,
    0x00, 0x00, 0x00, 0x00, 0x00, 0x00, 0x00, 0x00, 0xc0, 0xff, 0xa4, 0x00, 0x00, 0x00, 0x00, 0x00,
    0x00, 0x0b, 0xff, 0xff, 0x6e, 0x00, 0x00, 0x00, 0x00, 0x00, 0x00, 0xea, 0xff, 0x8e, 0x00, 0x00,
    0x00, 0x00, 0x00, 0x00, 0x00, 0x00, 0x00, 0xa6, 0xff, 0xdd, 0x00, 0x00, 0x00, 0x00, 0x00, 0x00,
    0x00, 0x00, 0x00, 0x00, 0x00, 0x00, 0x00, 0x00, 0x00, 0x00, 0xa8, 0xff, 0xe3, 0x00, 0x00, 0x00,
    0x00, 0x00, 0x00, 0x00, 0x00, 0x00, 0x00, 0x00, 0x00, 0x18, 0xf7, 0xff, 0x99, 0x00, 0x00, 0x00,
    0x00, 0x00, 0x00, 0x00, 0x2d, 0xfa, 0xd9, 0x07, 0x00, 0xbf, 0xff, 0xc7, 0x00, 0x00, 0x00, 0x00,
    0x00, 0x00, 0x65, 0xff, 0xec, 0x2f, 0x5d, 0x5a, 0x31, 0x09, 0x00, 0x00, 0x00, 0x00, 0x00, 0x00,
    0x00, 0x02, 0xfa, 0xff, 0x49, 0x00, 0x05, 0x3e, 0x5a, 0x2f, 0x07, 0x00, 0x00, 0x00, 0x00, 0x00,
    0x00, 0x00, 0x00, 0x00, 0x00, 0x00, 0x00, 0x00, 0x02, 0xdf, 0xff, 0x9a, 0x00, 0x00, 0x00, 0x00,
    0x00, 0x00, 0x54, 0xff, 0xff, 0x26, 0x00, 0x00, 0x00, 0x00, 0xa2, 0xff, 0xd5, 0x00, 0x00, 0x00,
    0x00, 0x5b, 0xff, 0xff, 0x2e, 0x00, 0x00, 0x00, 0x00, 0x00, 0x1d, 0xff, 0xff, 0x7e, 0x00, 0x00,
    0x00, 0x00, 0x00, 0x00, 0x00, 0x00, 0xd8, 0xff, 0xff, 0x53, 0x00, 0x00, 0x00, 0x00, 0x00, 0x00,
    0x00, 0x00, 0x00, 0x00, 0x00, 0x00, 0xd8, 0xff, 0xff, 0x53, 0x00, 0x00, 0x00, 0x00, 0x00, 0x00,
    0x00, 0x00, 0x00, 0x00, 0x00, 0x00, 0x00, 0x00, 0x13, 0x71, 0xd5, 0xff, 0xff, 0xff, 0x65, 0x00,
    0x00, 0x00, 0x00, 0x00, 0x00, 0x00, 0x00, 0x00, 0x00, 0x00, 0x00, 0x00, 0x00, 0x00, 0x00, 0x00,
    0x00, 0xe1, 0xff, 0xff, 0xf7, 0xa5, 0x40, 0x01, 0x00, 0x00, 0x00, 0x00, 0x00, 0x00, 0x00, 0x00,
    0x00, 0x00, 0x00, 0x00, 0x00, 0x00, 0x00, 0x00, 0x00, 0x7d, 0xff, 0xfe, 0x56, 0x00, 0x00, 0x00,
    0x00, 0x69, 0xff, 0xa0, 0x00, 0x00, 0x00, 0x00, 0x05, 0x30, 0x1e, 0x00, 0x5e, 0xff, 0xa6, 0x00,
    0x00, 0x00, 0x00, 0x00, 0xb5, 0xff, 0x9f, 0x00, 0x1f, 0xff, 0xff, 0x39, 0x00, 0x00, 0x00, 0x00,
    0x00, 0x00, 0xe8, 0xff, 0xa4, 0x00, 0x00, 0x00, 0x00, 0x00, 0x77, 0xff, 0xff, 0x30, 0x00, 0x00,
    0x00, 0x00, 0xde, 0xff, 0xb2, 0x00, 0x00, 0x00, 0x00, 0x00, 0x00, 0x00, 0x00, 0x00, 0x00, 0x00,
    0x00, 0x46, 0xff, 0xff, 0x47, 0x00, 0x00, 0x00, 0x00, 0x00, 0x0c, 0xff, 0xff, 0x89, 0x00, 0x00,
    0x00, 0x00, 0x85, 0xff, 0xff, 0x05, 0x00, 0x00, 0x00, 0x00, 0x00, 0x00, 0x00, 0x00, 0x00, 0x00,
    0x00, 0x00, 0x11, 0xff, 0xff, 0x7c, 0x00, 0x00, 0x00, 0x00, 0x00, 0x00, 0x00, 0x00, 0x00, 0x00,
    0x00, 0x55, 0xff, 0xff, 0x3c, 0x00, 0x00, 0x00, 0x00, 0x00, 0x00, 0x00, 0x00, 0x00, 0x00, 0x00,
    0x00, 0x46, 0xff, 0xff, 0x47, 0x00, 0x00, 0x00, 0x00, 0x00, 0x00, 0xc2, 0xff, 0xca, 0x00, 0x00,
    0x00, 0x00, 0x00, 0x00, 0x00, 0x00, 0x88, 0xff, 0xff, 0x06, 0x00, 0x00, 0x00, 0x00, 0x00, 0x00,
    0x00, 0x00, 0x00, 0x00, 0x00, 0x00, 0x00, 0x00, 0x00, 0x82, 0xff, 0xff, 0x08, 0x00, 0x00, 0x00,
    0x00, 0x46, 0xff, 0xff, 0x47, 0x07, 0xba, 0xff, 0xf6, 0x40, 0x00, 0x00, 0x00, 0x00, 0x00, 0x00,
    0x00, 0x00, 0x4b, 0xff, 0xff, 0x42, 0x00, 0x00, 0x00, 0x00, 0x00, 0x00, 0x00, 0x00, 0x00, 0x00,
    0x00, 0xea, 0xff, 0x6c, 0x30, 0xff, 0x9d, 0x00, 0x27, 0xff, 0xab, 0x00, 0xf1, 0xff, 0x68, 0x00,
    0x00, 0x40, 0xff, 0xff, 0x34, 0x94, 0xff, 0x8c, 0x00, 0x00, 0x00, 0xaf, 0xff, 0xc4, 0x00, 0x00,
    0x00, 0x3f, 0xff, 0xff, 0x50, 0x00, 0x00, 0x00, 0x00, 0x00, 0x00, 0xcc, 0xff, 0xc2, 0x00, 0x00,
    0x00, 0x00, 0x85, 0xff, 0xff, 0x05, 0x00, 0x00, 0x00, 0x00, 0x00, 0x8d, 0xff, 0xff, 0x3f, 0x00,
    0x00, 0x3f, 0xff, 0xff, 0x50, 0x00, 0x00, 0x00, 0x00, 0x00, 0x00, 0xcc, 0xff, 0xc2, 0x00, 0x00,
    0x00, 0x33, 0xff, 0xff, 0x5a, 0x00, 0x00, 0x00, 0x00, 0x00, 0x8e, 0xff, 0xff, 0x24, 0x00, 0x00,
    0x00, 0x13, 0xff, 0xff, 0xb4, 0x00, 0x00, 0x00, 0x00, 0x00, 0x00, 0x00, 0x00, 0x00, 0x00, 0x00,
    0x00, 0x00, 0x00, 0x00, 0x00, 0x00, 0x81, 0xff, 0xff, 0x0c, 0x00, 0x00, 0x00, 0x00, 0x00, 0x00,
    0x00, 0x26, 0xff, 0xff, 0x67, 0x00, 0x00, 0x00, 0x00, 0x00, 0x00, 0xe3, 0xff, 0xa7, 0x00, 0x00,
    0x00, 0x00, 0x71, 0xff, 0xf8, 0x0a, 0x00, 0x00, 0x00, 0x00, 0x7f, 0xff, 0xf0, 0x05, 0x00, 0x00,
    0x10, 0xff, 0xff, 0x38, 0x00, 0x00, 0xd1, 0xff, 0xff, 0x50, 0x00, 0x00, 0xb3, 0xff, 0x93, 0x00,
    0x00, 0x00, 0x00, 0x00, 0x1a, 0xf1, 0xff, 0x79, 0x96, 0xff, 0xd7, 0x07, 0x00, 0x00, 0x00, 0x00,
    0x00, 0x00, 0x00, 0x07, 0xdc, 0xff, 0xa4, 0x00, 0x29, 0xfb, 0xff, 0x64, 0x00, 0x00, 0x00, 0x00,
    0x00, 0x00, 0x00, 0x00, 0x00, 0x00, 0x00, 0x00, 0x32, 0xfb, 0xff, 0x87, 0x00, 0x00, 0x00, 0x00,
    0x00, 0x00, 0x00, 0x00, 0x00, 0x2c, 0xff, 0xff, 0x24, 0x00, 0x00, 0x00, 0x00, 0x00, 0x00, 0x00,
    0x00, 0x00, 0x00, 0x00, 0xc6, 0xff, 0x9f, 0x00, 0x00, 0x00, 0x00, 0x00, 0x00, 0x00, 0x00, 0x00,
    0x00, 0x00, 0x00, 0x00, 0x00, 0x00, 0x00, 0xa0, 0xff, 0xb0, 0x00, 0x00, 0x00, 0x00, 0x00, 0x00,
    0x00, 0x80, 0xff, 0xc5, 0x0b, 0x00, 0x00, 0x00, 0x00, 0x00, 0x00, 0x50, 0xfb, 0xe7, 0x1d, 0x00,
    0x00, 0x00, 0x00, 0x00, 0x00, 0x00, 0x00, 0x00, 0x00, 0x00, 0x00, 0x00, 0x00, 0x00, 0x00, 0x00,
    0x00, 0x00, 0x00, 0x00, 0x00, 0x00, 0x00, 0x00, 0x00, 0x00, 0x00, 0x00, 0x00, 0x00, 0x00, 0x00,
    0x00, 0x00, 0x4b, 0xff, 0xfc, 0xce, 0xa9, 0x96, 0xd3, 0xff, 0xff, 0xf1, 0x45, 0x00, 0x00, 0x00,
    0x00, 0x00, 0x92, 0xff, 0xda, 0xe7, 0xf0, 0xaf, 0x9c, 0xdc, 0xff, 0xfe, 0x6c, 0x00, 0x00, 0x00,
    0x00, 0x00, 0x00, 0x00, 0x90, 0xfe, 0xff, 0xe7, 0xb2, 0x93, 0xb7, 0xea, 0xff, 0x5a, 0x00, 0x00,
    0x00, 0x00, 0x0b, 0xd2, 0xff, 0xf9, 0xbb, 0x97, 0xcd, 0xff, 0xc2, 0xff, 0xff, 0x1d, 0x00, 0x00,
    0x00, 0x00, 0x00, 0x77, 0xfc, 0xff, 0xff, 0xc4, 0xb2, 0xfc, 0xff, 0xfe, 0x6f, 0x00, 0x00, 0x00,
    0x00, 0x00, 0x62, 0xb4, 0xb4, 0xb4, 0xef, 0xff, 0xdc, 0xb4, 0xb4, 0xb4, 0xb4, 0x44, 0x00, 0x00,
    0x00, 0x00, 0x0b, 0xd1, 0xff, 0xfc, 0xbf, 0x96, 0xc6, 0xff, 0xb8, 0xff, 0xff, 0x1d, 0x00, 0x00,
    0x00, 0x00, 0x8b, 0xff, 0xca, 0xba, 0xff, 0xdc, 0xbd, 0xfe, 0xff, 0xff, 0x63, 0x00, 0x00, 0x00,
    0x00, 0x00, 0x00, 0x8c, 0xb4, 0xb4, 0xc0, 0xff, 0xff, 0x26, 0x00, 0x00, 0x00, 0x00, 0x00, 0x00,
    0x00, 0x00, 0x00, 0x4f, 0xb4, 0xb4, 0xb4, 0xd6, 0xff, 0xdd, 0x00, 0x00, 0x00, 0x00, 0x00, 0x00,
    0x00, 0x00, 0x08, 0xff, 0xff, 0x5c, 0x00, 0x00, 0x00, 0x43, 0xf4, 0xff, 0x95, 0x02, 0x00, 0x00,
    0x00, 0x00, 0x00, 0x00, 0x00, 0x46, 0xff, 0xff, 0x0a, 0x00, 0x00, 0x00, 0x00, 0x00, 0x00, 0x00,
    0x00, 0xa0, 0xff, 0xfe, 0xd8, 0xb9, 0xff, 0xff, 0xe8, 0xfa, 0xa7, 0xf0, 0xff, 0xbf, 0x00, 0x00,
    0x00, 0x00, 0x8b, 0xff, 0xca, 0xba, 0xff, 0xdc, 0xbd, 0xfe, 0xff, 0xff, 0x63, 0x00, 0x00, 0x00,
    0x00, 0x00, 0x00, 0xa7, 0xff, 0xff, 0xd1, 0x99, 0xb1, 0xf0, 0xff, 0xf1, 0x37, 0x00, 0x00, 0x00,
    0x00, 0x00, 0x9b, 0xff, 0xd7, 0xea, 0xef, 0xad, 0x9e, 0xde, 0xff, 0xfd, 0x5e, 0x00, 0x00, 0x00,
    0x00, 0x00, 0x00, 0xa6, 0xff, 0xff, 0xd3, 0xa3, 0xcd, 0xfe, 0xb8, 0xff, 0xff, 0x46, 0x00, 0x00,
    0x00, 0x00, 0x00, 0x00, 0x71, 0xff, 0xe1, 0x3c, 0xfa, 0xfd, 0xda, 0xbf, 0xe2, 0xff, 0x88, 0x00,
    0x00, 0x00, 0x00, 0x89, 0xff, 0xff, 0xdf, 0xa7, 0x8d, 0xb0, 0xe5, 0xff, 0x3e, 0x00, 0x00, 0x00,
    0x00, 0x3f, 0xb4, 0xb4, 0xb4, 0xe0, 0xff, 0xea, 0xb4, 0xb4, 0xb4, 0xb4, 0xb1, 0x00, 0x00, 0x00,
    0x00, 0x00, 0x8b, 0xff, 0xc4, 0x00, 0x00, 0x00, 0x00, 0x00, 0x1a, 0xff, 0xff, 0x3a, 0x00, 0x00,
    0x00, 0x2d, 0xff, 0xff, 0x36, 0x00, 0x00, 0x00, 0x00, 0x00, 0x00, 0xb2, 0xff, 0xb0, 0x00, 0x00,
    0xa0, 0xff, 0xa2, 0x00, 0x00, 0x00, 0x00, 0x00, 0x00, 0x00, 0x00, 0x00, 0x1e, 0xff, 0xff, 0x24,
    0x00, 0x00, 0x5c, 0xff, 0xf9, 0x35, 0x00, 0x00, 0x00, 0x01, 0xb1, 0xff, 0xd5, 0x0b, 0x00, 0x00,
    0x00, 0x16, 0xf9, 0xff, 0x5e, 0x00, 0x00, 0x00, 0x00, 0x00, 0x00, 0x8a, 0xff, 0xe1, 0x02, 0x00,
    0x00, 0x00, 0x1b, 0xba, 0xba, 0xba, 0xba, 0xba, 0xba, 0xba, 0xda, 0xff, 0xff, 0x16, 0x00, 0x00,
    0x00, 0x00, 0x00, 0x00, 0x00, 0x00, 0x54, 0xff, 0xff, 0x06, 0x00, 0x00, 0x00, 0x00, 0x00, 0x00,
    0x00, 0x00, 0x00, 0x00, 0x00, 0x00, 0x54, 0xff, 0xd5, 0x00, 0x00, 0x00, 0x00, 0x00, 0x00, 0x00,
    0x00, 0x00, 0x00, 0x00, 0x00, 0x00, 0x81, 0xff, 0xce, 0x00, 0x00, 0x00, 0x00, 0x00, 0x00, 0x00,
    0x00, 0x00, 0x00, 0x00, 0x00, 0x00, 0x00, 0x00, 0x00, 0x00, 0x00, 0x00, 0x00, 0x00, 0x00, 0x00,
    0x00, 0x00, 0x00, 0x00, 0x00, 0x00, 0x00, 0x00, 0x00, 0x00, 0x00, 0x00, 0x00, 0x00, 0x00, 0x00,
    0x00, 0x00, 0x00, 0x00, 0x00, 0x00, 0x81, 0xff, 0xff, 0x0c, 0x00, 0x00, 0x00, 0x00, 0x00, 0x00,
    0x00, 0x00, 0x00, 0x00, 0x25, 0x32, 0x16, 0x00, 0x00, 0x2e, 0x32, 0x0d, 0x00, 0x00, 0x00, 0x00,
    0x00, 0x59, 0xa9, 0xa9, 0xbc, 0xff, 0xed, 0xa9, 0xa9, 0xb4, 0xff, 0xf5, 0xa9, 0xa9, 0xa9, 0x4f,
    0x00, 0x00, 0x7e, 0xff, 0xed, 0x08, 0x00, 0x8c, 0xb5, 0x00, 0x00, 0x00, 0x00, 0x00, 0x00, 0x00,
    0x00, 0x8e, 0xff, 0xf7, 0xc7, 0xfc, 0xff, 0x6a, 0x00, 0x00, 0x00, 0x3d, 0xa3, 0xf7, 0x86, 0x00,
    0x00, 0x00, 0x00, 0x0c, 0xf0, 0xff, 0xcf, 0x06, 0x00, 0x00, 0x00, 0x00, 0x00, 0x00, 0x00, 0x00,
    0x00, 0x00, 0x00, 0x00, 0x00, 0x00, 0x12, 0x32, 0x2a, 0x00, 0x00, 0x00, 0x00, 0x00, 0x00, 0x00,
    0x00, 0x00, 0x00, 0x00, 0x00, 0x14, 0xff, 0xff, 0x4d, 0x00, 0x00, 0x00, 0x00, 0x00, 0x00, 0x00,
    0x00, 0x00, 0x00, 0x00, 0x00, 0x00, 0x00, 0xca, 0xff, 0x97, 0x00, 0x00, 0x00, 0x00, 0x00, 0x00,
    0x00, 0x00, 0x14, 0x90, 0xf9, 0xcc, 0x36, 0xf6, 0x83, 0x7f, 0xf6, 0xd5, 0x4d, 0x00, 0x00, 0x00,
    0x00, 0x00, 0x00, 0x00, 0x00, 0x00, 0x4e, 0xff, 0xce, 0x00, 0x00, 0x00, 0x00, 0x00, 0x00, 0x00,
    0x00, 0x00, 0x00, 0x00, 0x00, 0x00, 0x00, 0x00, 0x00, 0x00, 0x00, 0x00, 0x00, 0x00, 0x00, 0x00,
    0x00, 0x00, 0x00, 0x00, 0x00, 0x00, 0x00, 0x00, 0x00, 0x00, 0x00, 0x00, 0x00, 0x00, 0x00, 0x00,
    0x00, 0x00, 0x00, 0x00, 0x00, 0x00, 0x00, 0x00, 0x00, 0x00, 0x00, 0x00, 0x00, 0x00, 0x00, 0x00,
    0x00, 0x00, 0x00, 0x00, 0x00, 0x00, 0x00, 0x38, 0xff, 0xfe, 0x2d, 0x00, 0x00, 0x00, 0x00, 0x00,
    0x00, 0x22, 0xff, 0xff, 0x5d, 0x00, 0x00, 0x0b, 0x00, 0x00, 0x00, 0xd9, 0xff, 0xa5, 0x00, 0x00,
    0x00, 0x00, 0x00, 0x00, 0x00, 0x00, 0x00, 0xa6, 0xff, 0xdd, 0x00, 0x00, 0x00, 0x00, 0x00, 0x00,
    0x00, 0x00, 0x00, 0x00, 0x00, 0x00, 0x00, 0x00, 0x00, 0x12, 0xeb, 0xff, 0x9f, 0x00, 0x00, 0x00,
    0x00, 0x00, 0x00, 0x00, 0x01, 0x16, 0x16, 0x40, 0x88, 0xd7, 0xff, 0xe3, 0x31, 0x00, 0x00, 0x00,
    0x00, 0x00, 0x00, 0x02, 0xc7, 0xff, 0x48, 0x00, 0x00, 0xbf, 0xff, 0xc7, 0x00, 0x00, 0x00, 0x00,
    0x00, 0x00, 0x65, 0xff, 0xff, 0xff, 0xff, 0xff, 0xff, 0xf8, 0x7e, 0x06, 0x00, 0x00, 0x00, 0x00,
    0x00, 0x18, 0xff, 0xff, 0x2f, 0x7b, 0xf1, 0xff, 0xff, 0xff, 0xed, 0x56, 0x00, 0x00, 0x00, 0x00,
    0x00, 0x00, 0x00, 0x00, 0x00, 0x00, 0x00, 0x00, 0x47, 0xff, 0xff, 0x39, 0x00, 0x00, 0x00, 0x00,
    0x00, 0x00, 0x0a, 0xc6, 0xff, 0xc3, 0x59, 0x0c, 0x2d, 0x83, 0xf4, 0xf5, 0x5b, 0x00, 0x00, 0x00,
    0x00, 0x3b, 0xff, 0xff, 0x6b, 0x00, 0x00, 0x00, 0x00, 0x00, 0x62, 0xff, 0xff, 0x94, 0x00, 0x00,
    0x00, 0x00, 0x00, 0x00, 0x00, 0x00, 0xd8, 0xff, 0xff, 0x53, 0x00, 0x00, 0x00, 0x00, 0x00, 0x00,
    0x00, 0x00, 0x00, 0x00, 0x00, 0x00, 0xd8, 0xff, 0xff, 0x53, 0x00, 0x00, 0x00, 0x00, 0x00, 0x00,
    0x00, 0x00, 0x00, 0x00, 0x00, 0x01, 0x41, 0xa6, 0xf8, 0xff, 0xff, 0xf3, 0x9f, 0x3f, 0x01, 0x00,
    0x00, 0xa0, 0xb3, 0xb3, 0xb3, 0xb3, 0xb3, 0xb3, 0xb3, 0xb3, 0xb3, 0xb3, 0xb3, 0xb3, 0x49, 0x00,
    0x00, 0x14, 0x6e, 0xce, 0xff, 0xff, 0xff, 0xd9, 0x75, 0x16, 0x00, 0x00, 0x00, 0x00, 0x00, 0x00,
    0x00, 0x00, 0x00, 0x00, 0x00, 0x00, 0x00, 0x00, 0x6d, 0xfe, 0xff, 0x87, 0x00, 0x00, 0x00, 0x00,
    0x06, 0xe5, 0xfd, 0x27, 0x00, 0x00, 0x02, 0x80, 0xf7, 0xff, 0xff, 0xd9, 0x39, 0xfe, 0xcb, 0x00,
    0x00, 0x00, 0x00, 0x0c, 0xf7, 0xff, 0x58, 0x00, 0x00, 0xd6, 0xff, 0x87, 0x00, 0x00, 0x00, 0x00,
    0x00, 0x00, 0xe8, 0xff, 0xa7, 0x09, 0x09, 0x0f, 0x46, 0x8a, 0xe9, 0xff, 0xce, 0x01, 0x00, 0x00,
    0x00, 0x03, 0xfa, 0xff, 0x99, 0x00, 0x00, 0x00, 0x00, 0x00, 0x00, 0x00, 0x00, 0x00, 0x00, 0x00,
    0x00, 0x46, 0xff, 0xff, 0x47, 0x00, 0x00, 0x00, 0x00, 0x00, 0x00, 0xf3, 0xff, 0xa8, 0x00, 0x00,
    0x00, 0x00, 0x85, 0xff, 0xff, 0x1b, 0x16, 0x16, 0x16, 0x16, 0x16, 0x16, 0x16, 0x06, 0x00, 0x00,
    0x00, 0x00, 0x11, 0xff, 0xff, 0x8b, 0x1c, 0x1c, 0x1c, 0x1c, 0x1c, 0x1c, 0x1c, 0x06, 0x00, 0x00,
    0x00, 0x74, 0xff, 0xff, 0x22, 0x00, 0x00, 0x00, 0x00, 0x00, 0x00, 0x00, 0x00, 0x00, 0x00, 0x00,
    0x00, 0x46, 0xff, 0xff, 0x57, 0x16, 0x16, 0x16, 0x16, 0x16, 0x16, 0xc8, 0xff, 0xca, 0x00, 0x00,
    0x00, 0x00, 0x00, 0x00, 0x00, 0x00, 0x88, 0xff, 0xff, 0x06, 0x00, 0x00, 0x00, 0x00, 0x00, 0x00,
    0x00, 0x00, 0x00, 0x00, 0x00, 0x00, 0x00, 0x00, 0x00, 0x82, 0xff, 0xff, 0x08, 0x00, 0x00, 0x00,
    0x00, 0x46, 0xff, 0xff, 0x4b, 0xb0, 0xff, 0xfb, 0x49, 0x00, 0x00, 0x00, 0x00, 0x00, 0x00, 0x00,
    0x00, 0x00, 0x4b, 0xff, 0xff, 0x42, 0x00, 0x00, 0x00, 0x00, 0x00, 0x00, 0x00, 0x00, 0x00, 0x00,
    0x00, 0xea, 0xff, 0x6c, 0x00, 0xd8, 0xed, 0x06, 0x7e, 0xff, 0x55, 0x00, 0xf1, 0xff, 0x68, 0x00,
    0x00, 0x40, 0xff, 0xff, 0x34, 0x2c, 0xff, 0xec, 0x08, 0x00, 0x00, 0xaf, 0xff, 0xc4, 0x00, 0x00,
    0x00, 0x56, 0xff, 0xff, 0x41, 0x00, 0x00, 0x00, 0x00, 0x00, 0x00, 0xbd, 0xff, 0xd9, 0x00, 0x00,
    0x00, 0x00, 0x85, 0xff, 0xff, 0x05, 0x00, 0x00, 0x00, 0x00, 0x05, 0xe9, 0xff, 0xff, 0x14, 0x00,
    0x00, 0x56, 0xff, 0xff, 0x41, 0x00, 0x00, 0x00, 0x00, 0x00, 0x00, 0xbd, 0xff, 0xd9, 0x00, 0x00,
    0x00, 0x33, 0xff, 0xff, 0x5a, 0x00, 0x00, 0x00, 0x00, 0x03, 0xe6, 0xff, 0xce, 0x00, 0x00, 0x00,
    0x00, 0x00, 0xc5, 0xff, 0xff, 0xca, 0x5e, 0x07, 0x00, 0x00, 0x00, 0x00, 0x00, 0x00, 0x00, 0x00,
    0x00, 0x00, 0x00, 0x00, 0x00, 0x00, 0x81, 0xff, 0xff, 0x0c, 0x00, 0x00, 0x00, 0x00, 0x00, 0x00,
    0x00, 0x26, 0xff, 0xff, 0x67, 0x00, 0x00, 0x00, 0x00, 0x00, 0x00, 0xe3, 0xff, 0xa7, 0x00, 0x00,
    0x00, 0x00, 0x26, 0xff, 0xff, 0x46, 0x00, 0x00, 0x00, 0x00, 0xc3, 0xff, 0xaa, 0x00, 0x00, 0x00,
    0x00, 0xe8, 0xff, 0x56, 0x00, 0x0c, 0xfc, 0xfd, 0xff, 0x87, 0x00, 0x00, 0xd1, 0xff, 0x6d, 0x00,
    0x00, 0x00, 0x00, 0x00, 0x00, 0x6e, 0xff, 0xf5, 0xfc, 0xfe, 0x3d, 0x00, 0x00, 0x00, 0x00, 0x00,
    0x00, 0x00, 0x00, 0x00, 0x4f, 0xff, 0xfe, 0x34, 0xb1, 0xff, 0xcc, 0x02, 0x00, 0x00, 0x00, 0x00,
    0x00, 0x00, 0x00, 0x00, 0x00, 0x00, 0x00, 0x05, 0xcf, 0xff, 0xd5, 0x07, 0x00, 0x00, 0x00, 0x00,
    0x00, 0x00, 0x00, 0x00, 0x00, 0x2c, 0xff, 0xff, 0x24, 0x00, 0x00, 0x00, 0x00, 0x00, 0x00, 0x00,
    0x00, 0x00, 0x00, 0x00, 0x4f, 0xff, 0xf9, 0x1d, 0x00, 0x00, 0x00, 0x00, 0x00, 0x00, 0x00, 0x00,
    0x00, 0x00, 0x00, 0x00, 0x00, 0x00, 0x00, 0xa0, 0xff, 0xb0, 0x00, 0x00, 0x00, 0x00, 0x00, 0x00,
    0x01, 0x37, 0x38, 0x0e, 0x00, 0x00, 0x00, 0x00, 0x00, 0x00, 0x00, 0x00, 0x29, 0x38, 0x1d, 0x00,
    0x00, 0x00, 0x00, 0x00, 0x00, 0x00, 0x00, 0x00, 0x00, 0x00, 0x00, 0x00, 0x00, 0x00, 0x00, 0x00,
    0x00, 0x00, 0x00, 0x00, 0x00, 0x00, 0x00, 0x00, 0x00, 0x00, 0x00, 0x00, 0x00, 0x00, 0x00, 0x00,
    0x00, 0x00, 0x3c, 0x87, 0x1e, 0x00, 0x00, 0x00, 0x00, 0x1d, 0xcf, 0xff, 0xd2, 0x01, 0x00, 0x00,
    0x00, 0x00, 0x92, 0xff, 0xff, 0xe4, 0x26, 0x00, 0x00, 0x07, 0xb1, 0xff, 0xef, 0x0e, 0x00, 0x00,
    0x00, 0x00, 0x00, 0x48, 0xff, 0xff, 0x9d, 0x0a, 0x00, 0x00, 0x00, 0x09, 0x88, 0x55, 0x00, 0x00,
    0x00, 0x00, 0x71, 0xff, 0xf8, 0x4a, 0x00, 0x00, 0x00, 0x83, 0xff, 0xff, 0xff, 0x1d, 0x00, 0x00,
    0x00, 0x00, 0x2f, 0xfc, 0xff, 0xa4, 0x2b, 0x00, 0x00, 0x1e, 0x96, 0xff, 0xf2, 0x16, 0x00, 0x00,
    0x00, 0x00, 0x00, 0x00, 0x00, 0x00, 0xc8, 0xff, 0x88, 0x00, 0x00, 0x00, 0x00, 0x00, 0x00, 0x00,
    0x00, 0x00, 0x70, 0xff, 0xf9, 0x53, 0x00, 0x00, 0x00, 0x75, 0xff, 0xff, 0xff, 0x1d, 0x00, 0x00,
    0x00, 0x00, 0x8b, 0xff, 0xff, 0xdd, 0x56, 0x03, 0x00, 0x2a, 0xd5, 0xff, 0xd4, 0x00, 0x00, 0x00,
    0x00, 0x00, 0x00, 0x00, 0x00, 0x00, 0x2b, 0xff, 0xff, 0x26, 0x00, 0x00, 0x00, 0x00, 0x00, 0x00,
    0x00, 0x00, 0x00, 0x00, 0x00, 0x00, 0x00, 0x73, 0xff, 0xdd, 0x00, 0x00, 0x00, 0x00, 0x00, 0x00,
    0x00, 0x00, 0x08, 0xff, 0xff, 0x5c, 0x00, 0x00, 0x4a, 0xf6, 0xff, 0x8b, 0x01, 0x00, 0x00, 0x00,
    0x00, 0x00, 0x00, 0x00, 0x00, 0x46, 0xff, 0xff, 0x0a, 0x00, 0x00, 0x00, 0x00, 0x00, 0x00, 0x00,
    0x00, 0xa0, 0xff, 0xcf, 0x07, 0x00, 0x94, 0xff, 0xff, 0x41, 0x00, 0x28, 0xff, 0xf9, 0x0c, 0x00,
    0x00, 0x00, 0x8b, 0xff, 0xff, 0xdd, 0x56, 0x03, 0x00, 0x2a, 0xd5, 0xff, 0xd4, 0x00, 0x00, 0x00,
    0x00, 0x00, 0x3e, 0xff, 0xff, 0x85, 0x00, 0x00, 0x00, 0x24, 0xde, 0xff, 0xc0, 0x00, 0x00, 0x00,
    0x00, 0x00, 0x9b, 0xff, 0xff, 0xe1, 0x23, 0x00, 0x00, 0x09, 0xb8, 0xff, 0xe6, 0x07, 0x00, 0x00,
    0x00, 0x00, 0x3d, 0xff, 0xff, 0x7c, 0x00, 0x00, 0x00, 0x66, 0xfd, 0xff, 0xff, 0x46, 0x00, 0x00,
    0x00, 0x00, 0x00, 0x00, 0x71, 0xff, 0xee, 0xe5, 0xb7, 0x17, 0x00, 0x00, 0x00, 0x3c, 0x5a, 0x00,
    0x00, 0x00, 0x09, 0xfb, 0xff, 0x99, 0x00, 0x00, 0x00, 0x00, 0x04, 0x56, 0x26, 0x00, 0x00, 0x00,
    0x00, 0x00, 0x00, 0x00, 0x00, 0x96, 0xff, 0xb9, 0x00, 0x00, 0x00, 0x00, 0x00, 0x00, 0x00, 0x00,
    0x00, 0x00, 0x8b, 0xff, 0xc4, 0x00, 0x00, 0x00, 0x00, 0x00, 0x1a, 0xff, 0xff, 0x3a, 0x00, 0x00,
    0x00, 0x00, 0xd1, 0xff, 0x8e, 0x00, 0x00, 0x00, 0x00, 0x00, 0x12, 0xf9, 0xff, 0x56, 0x00, 0x00,
    0x64, 0xff, 0xd9, 0x00, 0x00, 0x00, 0x00, 0x00, 0x00, 0x00, 0x00, 0x00, 0x55, 0xff, 0xe7, 0x00,
    0x00, 0x00, 0x00, 0x9c, 0xff, 0xdc, 0x0e, 0x00, 0x00, 0x6d, 0xff, 0xf5, 0x2b, 0x00, 0x00, 0x00,
    0x00, 0x00, 0xab, 0xff, 0xbe, 0x00, 0x00, 0x00, 0x00, 0x00, 0x03, 0xe5, 0xff, 0x80, 0x00, 0x00,
    0x00, 0x00, 0x00, 0x00, 0x00, 0x00, 0x00, 0x00, 0x00, 0x16, 0xe1, 0xff, 0xad, 0x01, 0x00, 0x00,
    0x00, 0x00, 0x00, 0x00, 0x00, 0x00, 0x70, 0xff, 0xf4, 0x02, 0x00, 0x00, 0x00, 0x00, 0x00, 0x00,
    0x00, 0x00, 0x00, 0x00, 0x00, 0x00, 0x54, 0xff, 0xd5, 0x00, 0x00, 0x00, 0x00, 0x00, 0x00, 0x00,
    0x00, 0x00, 0x00, 0x00, 0x00, 0x00, 0x72, 0xff, 0xe9, 0x01, 0x00, 0x00, 0x00, 0x00, 0x00, 0x00,
    0x00, 0x00, 0x00, 0x00, 0x00, 0x00, 0x00, 0x00, 0x00, 0x00, 0x00, 0x00, 0x00, 0x00, 0x00, 0x00,
    0x00, 0x00, 0x00, 0x00, 0x00, 0x00, 0x00, 0x00, 0x00, 0x00, 0x00, 0x00, 0x00, 0x00, 0x00, 0x00,
    0x00, 0x00, 0x00, 0x00, 0x00, 0x00, 0x7f, 0xff, 0xff, 0x0a, 0x00, 0x00, 0x00, 0x00, 0x00, 0x00,
    0x00, 0x00, 0x00, 0x00, 0x00, 0x00, 0x00, 0x00, 0x00, 0x00, 0x00, 0x00, 0x00, 0x00, 0x00, 0x00,
    0x00, 0x00, 0x00, 0x00, 0x64, 0xff, 0x9f, 0x00, 0x00, 0x4b, 0xff, 0xb7, 0x00, 0x00, 0x00, 0x00,
    0x00, 0x00, 0x43, 0xff, 0xff, 0x91, 0x17, 0x8c, 0xb5, 0x00, 0x00, 0x00, 0x00, 0x00, 0x00, 0x00,
    0x00, 0x00, 0x3d, 0xa4, 0xea, 0x96, 0x2f, 0x00, 0x12, 0x6f, 0xd5, 0xff, 0xc4, 0x5f, 0x09, 0x00,
    0x00, 0x00, 0x08, 0xbc, 0xff, 0xfd, 0xff, 0x90, 0x00, 0x00, 0x00, 0x00, 0x00, 0x00, 0x00, 0x00,
    0x00, 0x00, 0x00, 0x00, 0x00, 0x00, 0x00, 0x00, 0x00, 0x00, 0x00, 0x00, 0x00, 0x00, 0x00, 0x00,
    0x00, 0x00, 0x00, 0x00, 0x00, 0x3e, 0xff, 0xff, 0x28, 0x00, 0x00, 0x00, 0x00, 0x00, 0x00, 0x00,
    0x00, 0x00, 0x00, 0x00, 0x00, 0x00, 0x00, 0xa5, 0xff, 0xc1, 0x00, 0x00, 0x00, 0x00, 0x00, 0x00,
    0x00, 0x00, 0xb0, 0xee, 0x69, 0x03, 0x00, 0xf6, 0x7b, 0x00, 0x22, 0xb4, 0xff, 0x34, 0x00, 0x00,
    0x00, 0x00, 0x00, 0x00, 0x00, 0x00, 0x4e, 0xff, 0xce, 0x00, 0x00, 0x00, 0x00, 0x00, 0x00, 0x00,
    0x00, 0x00, 0x00, 0x00, 0x00, 0x00, 0x00, 0x00, 0x00, 0x00, 0x00, 0x00, 0x00, 0x00, 0x00, 0x00,
    0x00, 0x00, 0x00, 0x00, 0x00, 0x00, 0x00, 0x00, 0x00, 0x00, 0x00, 0x00, 0x00, 0x00, 0x00, 0x00,
    0x00, 0x00, 0x00, 0x00, 0x00, 0x00, 0x00, 0x00, 0x00, 0x00, 0x00, 0x00, 0x00, 0x00, 0x00, 0x00,
    0x00, 0x00, 0x00, 0x00, 0x00, 0x00, 0x00, 0xb0, 0xff, 0xb4, 0x00, 0x00, 0x00, 0x00, 0x00, 0x00,
    0x00, 0x39, 0xff, 0xff, 0x4c, 0x00, 0x67, 0xf6, 0xce, 0x0c, 0x00, 0xc8, 0xff, 0xbd, 0x00, 0x00,
    0x00, 0x00, 0x00, 0x00, 0x00, 0x00, 0x00, 0xa6, 0xff, 0xdd, 0x00, 0x00, 0x00, 0x00, 0x00, 0x00,
    0x00, 0x00, 0x00, 0x00, 0x00, 0x00, 0x00, 0x00, 0x00, 0xa6, 0xff, 0xec, 0x19, 0x00, 0x00, 0x00,
    0x00, 0x00, 0x00, 0x00, 0x07, 0xff, 0xff, 0xff, 0xff, 0xf8, 0x84, 0x0b, 0x00, 0x00, 0x00, 0x00,
    0x00, 0x00, 0x00, 0x6c, 0xff, 0xae, 0x00, 0x00, 0x00, 0xbf, 0xff, 0xc7, 0x00, 0x00, 0x00, 0x00,
    0x00, 0x00, 0x65, 0xff, 0xf4, 0xd4, 0xc0, 0xe0, 0xfd, 0xff, 0xff, 0xcb, 0x07, 0x00, 0x00, 0x00,
    0x00, 0x34, 0xff, 0xff, 0x79, 0xff, 0xff, 0xc5, 0xcf, 0xff, 0xff, 0xff, 0x74, 0x00, 0x00, 0x00,
    0x00, 0x00, 0x00, 0x00, 0x00, 0x00, 0x00, 0x00, 0xab, 0xff, 0xd7, 0x00, 0x00, 0x00, 0x00, 0x00,
    0x00, 0x00, 0x00, 0x02, 0x63, 0xeb, 0xff, 0xfb, 0xff, 0xff, 0xb3, 0x21, 0x00, 0x00, 0x00, 0x00,
    0x00, 0x18, 0xff, 0xff, 0xac, 0x00, 0x00, 0x00, 0x00, 0x00, 0xab, 0xff, 0xff, 0xab, 0x00, 0x00,
    0x00, 0x00, 0x00, 0x00, 0x00, 0x00, 0xd8, 0xff, 0xff, 0x53, 0x00, 0x00, 0x00, 0x00, 0x00, 0x00,
    0x00, 0x00, 0x00, 0x00, 0x00, 0x00, 0xd8, 0xff, 0xff, 0x53, 0x00, 0x00, 0x00, 0x00, 0x00, 0x00,
    0x00, 0x00, 0x00, 0x17, 0x77, 0xda, 0xff, 0xff, 0xfe, 0xc0, 0x60, 0x0c, 0x00, 0x00, 0x00, 0x00,
    0x00, 0xe4, 0xff, 0xff, 0xff, 0xff, 0xff, 0xff, 0xff, 0xff, 0xff, 0xff, 0xff, 0xff, 0x68, 0x00,
    0x00, 0x00, 0x00, 0x00, 0x2f, 0x8f, 0xea, 0xff, 0xff, 0xf9, 0xab, 0x46, 0x02, 0x00, 0x00, 0x00,
    0x00, 0x00, 0x00, 0x00, 0x00, 0x00, 0x00, 0x52, 0xfe, 0xff, 0x9e, 0x02, 0x00, 0x00, 0x00, 0x00,
    0x2b, 0xff, 0xb5, 0x00, 0x00, 0x00, 0x9c, 0xff, 0xff, 0xd5, 0xc0, 0xff, 0xec, 0xfe, 0xd2, 0x00,
    0x00, 0x00, 0x00, 0x52, 0xff, 0xfd, 0x13, 0x00, 0x00, 0x8f, 0xff, 0xd5, 0x00, 0x00, 0x00, 0x00,
    0x00, 0x00, 0xe8, 0xff, 0xff, 0xff, 0xff, 0xff, 0xff, 0xff, 0xdc, 0x5e, 0x03, 0x00, 0x00, 0x00,
    0x00, 0x1d, 0xff, 0xff, 0x81, 0x00, 0x00, 0x00, 0x00, 0x00, 0x00, 0x00, 0x00, 0x00, 0x00, 0x00,
    0x00, 0x46, 0xff, 0xff, 0x47, 0x00, 0x00, 0x00, 0x00, 0x00, 0x00, 0xdc, 0xff, 0xc7, 0x00, 0x00,
    0x00, 0x00, 0x85, 0xff, 0xff, 0xff, 0xff, 0xff, 0xff, 0xff, 0xff, 0xff, 0xff, 0x40, 0x00, 0x00,
    0x00, 0x00, 0x11, 0xff, 0xff, 0xff, 0xff, 0xff, 0xff, 0xff, 0xff, 0xff, 0xff, 0x33, 0x00, 0x00,
    0x00, 0x93, 0xff, 0xff, 0x0b, 0x00, 0x00, 0x00, 0x00, 0x00, 0x00, 0x00, 0x00, 0x00, 0x00, 0x00,
    0x00, 0x46, 0xff, 0xff, 0xff, 0xff, 0xff, 0xff, 0xff, 0xff, 0xff, 0xff, 0xff, 0xca, 0x00, 0x00,
    0x00, 0x00, 0x00, 0x00, 0x00, 0x00, 0x88, 0xff, 0xff, 0x06, 0x00, 0x00, 0x00, 0x00, 0x00, 0x00,
    0x00, 0x00, 0x00, 0x00, 0x00, 0x00, 0x00, 0x00, 0x00, 0x82, 0xff, 0xff, 0x08, 0x00, 0x00, 0x00,
    0x00, 0x46, 0xff, 0xff, 0xd8, 0xff, 0xff, 0xff, 0x4e, 0x00, 0x00, 0x00, 0x00, 0x00, 0x00, 0x00,
    0x00, 0x00, 0x4b, 0xff, 0xff, 0x42, 0x00, 0x00, 0x00, 0x00, 0x00, 0x00, 0x00, 0x00, 0x00, 0x00,
    0x00, 0xea, 0xff, 0x6c, 0x00, 0x82, 0xff, 0x4b, 0xd5, 0xf3, 0x0a, 0x00, 0xf1, 0xff, 0x68, 0x00,
    0x00, 0x40, 0xff, 0xff, 0x34, 0x00, 0xc2, 0xff, 0x5e, 0x00, 0x00, 0xaf, 0xff, 0xc4, 0x00, 0x00,
    0x00, 0x6d, 0xff, 0xff, 0x32, 0x00, 0x00, 0x00, 0x00, 0x00, 0x00, 0xad, 0xff, 0xf0, 0x00, 0x00,
    0x00, 0x00, 0x85, 0xff, 0xff, 0x05, 0x00, 0x00, 0x00, 0x29, 0x93, 0xff, 0xff, 0xc5, 0x00, 0x00,
    0x00, 0x6d, 0xff, 0xff, 0x32, 0x00, 0x00, 0x00, 0x00, 0x00, 0x00, 0xad, 0xff, 0xf0, 0x00, 0x00,
    0x00, 0x33, 0xff, 0xff, 0x5f, 0x07, 0x07, 0x24, 0x70, 0xc1, 0xff, 0xfc, 0x67, 0x00, 0x00, 0x00,
    0x00, 0x00, 0x2b, 0xeb, 0xff, 0xff, 0xff, 0xf1, 0xb9, 0x69, 0x15, 0x00, 0x00, 0x00, 0x00, 0x00,
    0x00, 0x00, 0x00, 0x00, 0x00, 0x00, 0x81, 0xff, 0xff, 0x0c, 0x00, 0x00, 0x00, 0x00, 0x00, 0x00,
    0x00, 0x26, 0xff, 0xff, 0x67, 0x00, 0x00, 0x00, 0x00, 0x00, 0x00, 0xe3, 0xff, 0xa7, 0x00, 0x00,
    0x00, 0x00, 0x00, 0xdb, 0xff, 0x8a, 0x00, 0x00, 0x00, 0x0d, 0xfa, 0xff, 0x5f, 0x00, 0x00, 0x00,
    0x00, 0xc2, 0xff, 0x75, 0x00, 0x3f, 0xff, 0xb2, 0xff, 0xbd, 0x00, 0x00, 0xf0, 0xff, 0x47, 0x00,
    0x00, 0x00, 0x00, 0x00, 0x00, 0x03, 0xcd, 0xff, 0xff, 0x98, 0x00, 0x00, 0x00, 0x00, 0x00, 0x00,
    0x00, 0x00, 0x00, 0x00, 0x00, 0xba, 0xff, 0xdb, 0xff, 0xfe, 0x3b, 0x00, 0x00, 0x00, 0x00, 0x00,
    0x00, 0x00, 0x00, 0x00, 0x00, 0x00, 0x00, 0x7a, 0xff, 0xfb, 0x36, 0x00, 0x00, 0x00, 0x00, 0x00,
    0x00, 0x00, 0x00, 0x00, 0x00, 0x2c, 0xff, 0xff, 0x24, 0x00, 0x00, 0x00, 0x00, 0x00, 0x00, 0x00,
    0x00, 0x00, 0x00, 0x00, 0x02, 0xd5, 0xff, 0x8e, 0x00, 0x00, 0x00, 0x00, 0x00, 0x00, 0x00, 0x00,
    0x00, 0x00, 0x00, 0x00, 0x00, 0x00, 0x00, 0xa0, 0xff, 0xb0, 0x00, 0x00, 0x00, 0x00, 0x00, 0x00,
    0x00, 0x00, 0x00, 0x00, 0x00, 0x00, 0x00, 0x00, 0x00, 0x00, 0x00, 0x00, 0x00, 0x00, 0x00, 0x00,
    0x00, 0x00, 0x00, 0x00, 0x00, 0x00, 0x00, 0x00, 0x00, 0x00, 0x00, 0x00, 0x00, 0x00, 0x00, 0x00,
    0x00, 0x00, 0x00, 0x00, 0x00, 0x00, 0x00, 0x00, 0x00, 0x00, 0x00, 0x00, 0x00, 0x00, 0x00, 0x00,
    0x00, 0x00, 0x00, 0x00, 0x00, 0x00, 0x00, 0x00, 0x00, 0x00, 0x6f, 0xff, 0xff, 0x24, 0x00, 0x00,
    0x00, 0x00, 0x92, 0xff, 0xff, 0x63, 0x00, 0x00, 0x00, 0x00, 0x18, 0xfb, 0xff, 0x75, 0x00, 0x00,
    0x00, 0x00, 0x05, 0xd8, 0xff, 0xc6, 0x00, 0x00, 0x00, 0x00, 0x00, 0x00, 0x00, 0x01, 0x00, 0x00,
    0x00, 0x05, 0xe3, 0xff, 0x9e, 0x00, 0x00, 0x00, 0x00, 0x01, 0xd9, 0xff, 0xff, 0x1d, 0x00, 0x00,
    0x00, 0x00, 0xbf, 0xff, 0xee, 0x0a, 0x00, 0x00, 0x00, 0x00, 0x0b, 0xf6, 0xff, 0x89, 0x00, 0x00,
    0x00, 0x00, 0x00, 0x00, 0x00, 0x00, 0xc8, 0xff, 0x88, 0x00, 0x00, 0x00, 0x00, 0x00, 0x00, 0x00,
    0x00, 0x05, 0xe3, 0xff, 0xa2, 0x00, 0x00, 0x00, 0x00, 0x00, 0xd2, 0xff, 0xff, 0x1d, 0x00, 0x00,
    0x00, 0x00, 0x8b, 0xff, 0xff, 0x6f, 0x00, 0x00, 0x00, 0x00, 0x86, 0xff, 0xff, 0x0a, 0x00, 0x00,
    0x00, 0x00, 0x00, 0x00, 0x00, 0x00, 0x2b, 0xff, 0xff, 0x26, 0x00, 0x00, 0x00, 0x00, 0x00, 0x00,
    0x00, 0x00, 0x00, 0x00, 0x00, 0x00, 0x00, 0x73, 0xff, 0xdd, 0x00, 0x00, 0x00, 0x00, 0x00, 0x00,
    0x00, 0x00, 0x08, 0xff, 0xff, 0x5c, 0x00, 0x51, 0xf9, 0xff, 0x80, 0x00, 0x00, 0x00, 0x00, 0x00,
    0x00, 0x00, 0x00, 0x00, 0x00, 0x46, 0xff, 0xff, 0x0a, 0x00, 0x00, 0x00, 0x00, 0x00, 0x00, 0x00,
    0x00, 0xa0, 0xff, 0x97, 0x00, 0x00, 0x5a, 0xff, 0xf9, 0x04, 0x00, 0x00, 0xef, 0xff, 0x26, 0x00,
    0x00, 0x00, 0x8b, 0xff, 0xff, 0x6f, 0x00, 0x00, 0x00, 0x00, 0x86, 0xff, 0xff, 0x0a, 0x00, 0x00,
    0x00, 0x00, 0xbc, 0xff, 0xd7, 0x01, 0x00, 0x00, 0x00, 0x00, 0x54, 0xff, 0xff, 0x3f, 0x00, 0x00,
    0x00, 0x00, 0x9b, 0xff, 0xff, 0x5c, 0x00, 0x00, 0x00, 0x00, 0x1f, 0xfd, 0xff, 0x64, 0x00, 0x00,
    0x00, 0x00, 0xb3, 0xff, 0xd0, 0x00, 0x00, 0x00, 0x00, 0x00, 0xb6, 0xff, 0xff, 0x46, 0x00, 0x00,
    0x00, 0x00, 0x00, 0x00, 0x71, 0xff, 0xff, 0xcc, 0x01, 0x00, 0x00, 0x00, 0x00, 0x00, 0x00, 0x00,
    0x00, 0x00, 0x33, 0xff, 0xff, 0x30, 0x00, 0x00, 0x00, 0x00, 0x00, 0x00, 0x00, 0x00, 0x00, 0x00,
    0x00, 0x00, 0x00, 0x00, 0x00, 0x96, 0xff, 0xb9, 0x00, 0x00, 0x00, 0x00, 0x00, 0x00, 0x00, 0x00,
    0x00, 0x00, 0x8b, 0xff, 0xc4, 0x00, 0x00, 0x00, 0x00, 0x00, 0x1a, 0xff, 0xff, 0x3a, 0x00, 0x00,
    0x00, 0x00, 0x76, 0xff, 0xe4, 0x02, 0x00, 0x00, 0x00, 0x00, 0x64, 0xff, 0xf1, 0x09, 0x00, 0x00,
    0x29, 0xff, 0xfe, 0x12, 0x00, 0x00, 0x00, 0x00, 0x00, 0x00, 0x00, 0x00, 0x8c, 0xff, 0xac, 0x00,
    0x00, 0x00, 0x00, 0x0a, 0xd3, 0xff, 0xa6, 0x00, 0x2f, 0xf7, 0xff, 0x61, 0x00, 0x00, 0x00, 0x00,
    0x00, 0x00, 0x47, 0xff, 0xfe, 0x21, 0x00, 0x00, 0x00, 0x00, 0x49, 0xff, 0xfd, 0x1f, 0x00, 0x00,
    0x00, 0x00, 0x00, 0x00, 0x00, 0x00, 0x00, 0x00, 0x04, 0xbf, 0xff, 0xd5, 0x0d, 0x00, 0x00, 0x00,
    0x00, 0x00, 0x00, 0x00, 0x00, 0x00, 0xb2, 0xff, 0xc3, 0x00, 0x00, 0x00, 0x00, 0x00, 0x00, 0x00,
    0x00, 0x00, 0x00, 0x00, 0x00, 0x00, 0x54, 0xff, 0xd5, 0x00, 0x00, 0x00, 0x00, 0x00, 0x00, 0x00,
    0x00, 0x00, 0x00, 0x00, 0x00, 0x00, 0x41, 0xff, 0xff, 0x2d, 0x00, 0x00, 0x00, 0x00, 0x00, 0x00,
    0x00, 0x00, 0x00, 0x00, 0x00, 0x00, 0x00, 0x00, 0x00, 0x00, 0x00, 0x00, 0x00, 0x00, 0x00, 0x00,
    0x00, 0x00, 0x00, 0x00, 0x00, 0x00, 0x00, 0x00, 0x00, 0x00, 0x00, 0x00, 0x00, 0x00, 0x00, 0x00,
    0x00, 0x00, 0x00, 0x00, 0x00, 0x00, 0x72, 0xff, 0xfb, 0x01, 0x00, 0x00, 0x00, 0x00, 0x00, 0x00,
    0x00, 0x00, 0x00, 0x00, 0x00, 0x00, 0x00, 0x00, 0x00, 0x00, 0x00, 0x00, 0x00, 0x00, 0x00, 0x00,
    0x00, 0x00, 0x00, 0x00, 0xa4, 0xff, 0x5f, 0x00, 0x00, 0x8a, 0xff, 0x77, 0x00, 0x00, 0x00, 0x00,
    0x00, 0x00, 0x00, 0xa1, 0xff, 0xff, 0xfa, 0xe6, 0xd2, 0x3b, 0x05, 0x00, 0x00, 0x00, 0x00, 0x00,
    0x00, 0x00, 0x00, 0x00, 0x00, 0x00, 0x3b, 0xa2, 0xf6, 0xee, 0x91, 0x2b, 0x00, 0x00, 0x00, 0x00,
    0x00, 0x06, 0xb4, 0xff, 0xaf, 0x55, 0xff, 0xfe, 0x4f, 0x00, 0x00, 0x00, 0x00, 0x88, 0x90, 0x0e,
    0x00, 0x00, 0x00, 0x00, 0x00, 0x00, 0x00, 0x00, 0x00, 0x00, 0x00, 0x00, 0x00, 0x00, 0x00, 0x00,
    0x00, 0x00, 0x00, 0x00, 0x00, 0x68, 0xff, 0xfc, 0x07, 0x00, 0x00, 0x00, 0x00, 0x00, 0x00, 0x00,
    0x00, 0x00, 0x00, 0x00, 0x00, 0x00, 0x00, 0x80, 0xff, 0xeb, 0x00, 0x00, 0x00, 0x00, 0x00, 0x00,
    0x00, 0x00, 0x21, 0x15, 0x00, 0x00, 0x00, 0xf6, 0x7b, 0x00, 0x00, 0x00, 0x36, 0x00, 0x00, 0x00,
    0x00, 0x22, 0x26, 0x26, 0x26, 0x26, 0x68, 0xff, 0xd5, 0x26, 0x26, 0x26, 0x26, 0x26, 0x0f, 0x00,
    0x00, 0x00, 0x00, 0x00, 0x00, 0x00, 0x00, 0x00, 0x00, 0x00, 0x00, 0x00, 0x00, 0x00, 0x00, 0x00,
    0x00, 0x00, 0x00, 0x00, 0x00, 0x00, 0x00, 0x00, 0x00, 0x00, 0x00, 0x00, 0x00, 0x00, 0x00, 0x00,
    0x00, 0x00, 0x00, 0x00, 0x00, 0x00, 0x00, 0x00, 0x00, 0x00, 0x00, 0x00, 0x00, 0x00, 0x00, 0x00,
    0x00, 0x00, 0x00, 0x00, 0x00, 0x00, 0x29, 0xfd, 0xff, 0x3d, 0x00, 0x00, 0x00, 0x00, 0x00, 0x00,
    0x00, 0x4d, 0xff, 0xff, 0x3e, 0x00, 0xd2, 0xff, 0xff, 0x54, 0x00, 0xba, 0xff, 0xd1, 0x00, 0x00,
    0x00, 0x00, 0x00, 0x00, 0x00, 0x00, 0x00, 0xa6, 0xff, 0xdd, 0x00, 0x00, 0x00, 0x00, 0x00, 0x00,
    0x00, 0x00, 0x00, 0x00, 0x00, 0x00, 0x00, 0x00, 0x57, 0xff, 0xff, 0x57, 0x00, 0x00, 0x00, 0x00,
    0x00, 0x00, 0x00, 0x00, 0x07, 0xff, 0xff, 0xff, 0xff, 0xfd, 0x99, 0x12, 0x00, 0x00, 0x00, 0x00,
    0x00, 0x00, 0x1c, 0xf1, 0xf5, 0x20, 0x00, 0x00, 0x00, 0xbf, 0xff, 0xc7, 0x00, 0x00, 0x00, 0x00,
    0x00, 0x00, 0x3a, 0x50, 0x06, 0x00, 0x00, 0x00, 0x24, 0xb8, 0xff, 0xff, 0x7f, 0x00, 0x00, 0x00,
    0x00, 0x4c, 0xff, 0xff, 0xfc, 0xbd, 0x3a, 0x00, 0x00, 0x3f, 0xc7, 0xff, 0xf2, 0x17, 0x00, 0x00,
    0x00, 0x00, 0x00, 0x00, 0x00, 0x00, 0x00, 0x16, 0xf9, 0xff, 0x76, 0x00, 0x00, 0x00, 0x00, 0x00,
    0x00, 0x00, 0x00, 0x02, 0x60, 0xe7, 0xff, 0xff, 0xff, 0xff, 0xad, 0x21, 0x00, 0x00, 0x00, 0x00,
    0x00, 0x00, 0xbb, 0xff, 0xed, 0x32, 0x00, 0x00, 0x00, 0x40, 0xf0, 0xff, 0xff, 0xbd, 0x00, 0x00,
    0x00, 0x00, 0x00, 0x00, 0x00, 0x00, 0x5e, 0x6f, 0x6f, 0x24, 0x00, 0x00, 0x00, 0x00, 0x00, 0x00,
    0x00, 0x00, 0x00, 0x00, 0x00, 0x00, 0x5e, 0x6f, 0x6f, 0x24, 0x00, 0x00, 0x00, 0x00, 0x00, 0x00,
    0x00, 0x44, 0xac, 0xfa, 0xff, 0xff, 0xe0, 0x81, 0x23, 0x00, 0x00, 0x00, 0x00, 0x00, 0x00, 0x00,
    0x00, 0x63, 0x6f, 0x6f, 0x6f, 0x6f, 0x6f, 0x6f, 0x6f, 0x6f, 0x6f, 0x6f, 0x6f, 0x6f, 0x2d, 0x00,
    0x00, 0x00, 0x00, 0x00, 0x00, 0x00, 0x05, 0x50, 0xb0, 0xfa, 0xff, 0xff, 0xde, 0x7b, 0x15, 0x00,
    0x00, 0x00, 0x00, 0x00, 0x00, 0x00, 0x23, 0xf0, 0xff, 0xab, 0x02, 0x00, 0x00, 0x00, 0x00, 0x00,
    0x4d, 0xff, 0x8b, 0x00, 0x00, 0x36, 0xfe, 0xf0, 0x4b, 0x01, 0x00, 0x34, 0xd6, 0xff, 0xd2, 0x00,
    0x00, 0x00, 0x00, 0xa0, 0xff, 0xc9, 0x00, 0x00, 0x00, 0x48, 0xff, 0xff, 0x24, 0x00, 0x00, 0x00,
    0x00, 0x00, 0xe8, 0xff, 0xff, 0xff, 0xff, 0xff, 0xff, 0xff, 0xea, 0x6d, 0x06, 0x00, 0x00, 0x00,
    0x00, 0x38, 0xff, 0xff, 0x6d, 0x00, 0x00, 0x00, 0x00, 0x00, 0x00, 0x00, 0x00, 0x00, 0x00, 0x00,
    0x00, 0x46, 0xff, 0xff, 0x47, 0x00, 0x00, 0x00, 0x00, 0x00, 0x00, 0xc9, 0xff, 0xe2, 0x00, 0x00,
    0x00, 0x00, 0x85, 0xff, 0xff, 0xff, 0xff, 0xff, 0xff, 0xff, 0xff, 0xff, 0xff, 0x40, 0x00, 0x00,
    0x00, 0x00, 0x11, 0xff, 0xff, 0xff, 0xff, 0xff, 0xff, 0xff, 0xff, 0xff, 0xff, 0x33, 0x00, 0x00,
    0x00, 0xae, 0xff, 0xf6, 0x00, 0x00, 0x00, 0x00, 0x2b, 0xa3, 0xa3, 0xa3, 0xa3, 0x92, 0x00, 0x00,
    0x00, 0x46, 0xff, 0xff, 0xff, 0xff, 0xff, 0xff, 0xff, 0xff, 0xff, 0xff, 0xff, 0xca, 0x00, 0x00,
    0x00, 0x00, 0x00, 0x00, 0x00, 0x00, 0x88, 0xff, 0xff, 0x06, 0x00, 0x00, 0x00, 0x00, 0x00, 0x00,
    0x00, 0x00, 0x00, 0x00, 0x00, 0x00, 0x00, 0x00, 0x00, 0x82, 0xff, 0xff, 0x08, 0x00, 0x00, 0x00,
    0x00, 0x46, 0xff, 0xff, 0xff, 0xfb, 0xe0, 0xff, 0xe7, 0x13, 0x00, 0x00, 0x00, 0x00, 0x00, 0x00,
    0x00, 0x00, 0x4b, 0xff, 0xff, 0x42, 0x00, 0x00, 0x00, 0x00, 0x00, 0x00, 0x00, 0x00, 0x00, 0x00,
    0x00, 0xea, 0xff, 0x6c, 0x00, 0x2b, 0xff, 0xcb, 0xff, 0xa7, 0x00, 0x00, 0xf1, 0xff, 0x68, 0x00,
    0x00, 0x40, 0xff, 0xff, 0x34, 0x00, 0x59, 0xff, 0xc7, 0x00, 0x00, 0xaf, 0xff, 0xc4, 0x00, 0x00,
    0x00, 0x80, 0xff, 0xff, 0x25, 0x00, 0x00, 0x00, 0x00, 0x00, 0x00, 0xa0, 0xff, 0xff, 0x05, 0x00,
    0x00, 0x00, 0x85, 0xff, 0xff, 0xa5, 0xa3, 0xa3, 0xd1, 0xff, 0xff, 0xff, 0xf4, 0x25, 0x00, 0x00,
    0x00, 0x80, 0xff, 0xff, 0x25, 0x00, 0x00, 0x00, 0x00, 0x00, 0x00, 0xa0, 0xff, 0xff, 0x06, 0x00,
    0x00, 0x33, 0xff, 0xff, 0xff, 0xff, 0xff, 0xff, 0xff, 0xfd, 0xa7, 0x29, 0x00, 0x00, 0x00, 0x00,
    0x00, 0x00, 0x00, 0x18, 0xa4, 0xf6, 0xff, 0xff, 0xff, 0xff, 0xfb, 0x8b, 0x06, 0x00, 0x00, 0x00,
    0x00, 0x00, 0x00, 0x00, 0x00, 0x00, 0x81, 0xff, 0xff, 0x0c, 0x00, 0x00, 0x00, 0x00, 0x00, 0x00,
    0x00, 0x26, 0xff, 0xff, 0x67, 0x00, 0x00, 0x00, 0x00, 0x00, 0x00, 0xe3, 0xff, 0xa7, 0x00, 0x00,
    0x00, 0x00, 0x00, 0x90, 0xff, 0xcd, 0x00, 0x00, 0x00, 0x4b, 0xff, 0xfd, 0x16, 0x00, 0x00, 0x00,
    0x00, 0x9c, 0xff, 0x93, 0x00, 0x75, 0xff, 0x5f, 0xdd, 0xf1, 0x02, 0x0f, 0xff, 0xff, 0x21, 0x00,
    0x00, 0x00, 0x00, 0x00, 0x00, 0x01, 0xc3, 0xff, 0xff, 0x86, 0x00, 0x00, 0x00, 0x00, 0x00, 0x00,
    0x00, 0x00, 0x00, 0x00, 0x00, 0x2b, 0xfb, 0xff, 0xff, 0xa4, 0x00, 0x00, 0x00, 0x00, 0x00, 0x00,
    0x00, 0x00, 0x00, 0x00, 0x00, 0x00, 0x28, 0xf7, 0xff, 0x87, 0x00, 0x00, 0x00, 0x00, 0x00, 0x00,
    0x00, 0x00, 0x00, 0x00, 0x00, 0x2c, 0xff, 0xff, 0x24, 0x00, 0x00, 0x00, 0x00, 0x00, 0x00, 0x00,
    0x00, 0x00, 0x00, 0x00, 0x00, 0x5f, 0xff, 0xf3, 0x12, 0x00, 0x00, 0x00, 0x00, 0x00, 0x00, 0x00,
    0x00, 0x00, 0x00, 0x00, 0x00, 0x00, 0x00, 0xa0, 0xff, 0xb0, 0x00, 0x00, 0x00, 0x00, 0x00, 0x00,
    0x00, 0x00, 0x00, 0x00, 0x00, 0x00, 0x00, 0x00, 0x00, 0x00, 0x00, 0x00, 0x00, 0x00, 0x00, 0x00,
    0x00, 0x00, 0x00, 0x00, 0x00, 0x00, 0x00, 0x00, 0x00, 0x00, 0x00, 0x00, 0x00, 0x00, 0x00, 0x00,
    0x00, 0x00, 0x00, 0x00, 0x00, 0x00, 0x00, 0x00, 0x00, 0x00, 0x00, 0x00, 0x00, 0x00, 0x00, 0x00,
    0x00, 0x00, 0x00, 0x00, 0x00, 0x00, 0x00, 0x00, 0x00, 0x00, 0x19, 0xff, 0xff, 0x38, 0x00, 0x00,
    0x00, 0x00, 0x92, 0xff, 0xf9, 0x0d, 0x00, 0x00, 0x00, 0x00, 0x00, 0xb8, 0xff, 0xb4, 0x00, 0x00,
    0x00, 0x00, 0x2e, 0xff, 0xff, 0x4a, 0x00, 0x00, 0x00, 0x00, 0x00, 0x00, 0x00, 0x00, 0x00, 0x00,
    0x00, 0x29, 0xff, 0xff, 0x43, 0x00, 0x00, 0x00, 0x00, 0x00, 0x7d, 0xff, 0xff, 0x1d, 0x00, 0x00,
    0x00, 0x15, 0xff, 0xff, 0x8e, 0x00, 0x00, 0x00, 0x00, 0x00, 0x00, 0xb1, 0xff, 0xbb, 0x00, 0x00,
    0x00, 0x00, 0x00, 0x00, 0x00, 0x00, 0xc8, 0xff, 0x88, 0x00, 0x00, 0x00, 0x00, 0x00, 0x00, 0x00,
    0x00, 0x2a, 0xff, 0xff, 0x43, 0x00, 0x00, 0x00, 0x00, 0x00, 0x77, 0xff, 0xff, 0x1d, 0x00, 0x00,
    0x00, 0x00, 0x8b, 0xff, 0xff, 0x2c, 0x00, 0x00, 0x00, 0x00, 0x49, 0xff, 0xff, 0x25, 0x00, 0x00,
    0x00, 0x00, 0x00, 0x00, 0x00, 0x00, 0x2b, 0xff, 0xff, 0x26, 0x00, 0x00, 0x00, 0x00, 0x00, 0x00,
    0x00, 0x00, 0x00, 0x00, 0x00, 0x00, 0x00, 0x73, 0xff, 0xdd, 0x00, 0x00, 0x00, 0x00, 0x00, 0x00,
    0x00, 0x00, 0x08, 0xff, 0xff, 0x5c, 0x59, 0xfb, 0xfe, 0x75, 0x00, 0x00, 0x00, 0x00, 0x00, 0x00,
    0x00, 0x00, 0x00, 0x00, 0x00, 0x46, 0xff, 0xff, 0x0a, 0x00, 0x00, 0x00, 0x00, 0x00, 0x00, 0x00,
    0x00, 0xa0, 0xff, 0x86, 0x00, 0x00, 0x4b, 0xff, 0xec, 0x00, 0x00, 0x00, 0xe1, 0xff, 0x34, 0x00,
    0x00, 0x00, 0x8b, 0xff, 0xff, 0x2c, 0x00, 0x00, 0x00, 0x00, 0x49, 0xff, 0xff, 0x25, 0x00, 0x00,
    0x00, 0x01, 0xf7, 0xff, 0x78, 0x00, 0x00, 0x00, 0x00, 0x00, 0x05, 0xee, 0xff, 0x7d, 0x00, 0x00,
    0x00, 0x00, 0x9b, 0xff, 0xf6, 0x0a, 0x00, 0x00, 0x00, 0x00, 0x00, 0xc2, 0xff, 0xa5, 0x00, 0x00,
    0x00, 0x01, 0xf8, 0xff, 0x76, 0x00, 0x00, 0x00, 0x00, 0x00, 0x59, 0xff, 0xff, 0x46, 0x00, 0x00,
    0x00, 0x00, 0x00, 0x00, 0x71, 0xff, 0xff, 0x4d, 0x00, 0x00, 0x00, 0x00, 0x00, 0x00, 0x00, 0x00,
    0x00, 0x00, 0x0d, 0xf5, 0xff, 0x74, 0x00, 0x00, 0x00, 0x00, 0x00, 0x00, 0x00, 0x00, 0x00, 0x00,
    0x00, 0x00, 0x00, 0x00, 0x00, 0x96, 0xff, 0xb9, 0x00, 0x00, 0x00, 0x00, 0x00, 0x00, 0x00, 0x00,
    0x00, 0x00, 0x8b, 0xff, 0xc4, 0x00, 0x00, 0x00, 0x00, 0x00, 0x1a, 0xff, 0xff, 0x3a, 0x00, 0x00,
    0x00, 0x00, 0x1e, 0xfd, 0xff, 0x40, 0x00, 0x00, 0x00, 0x00, 0xbc, 0xff, 0x9f, 0x00, 0x00, 0x00,
    0x01, 0xeb, 0xff, 0x47, 0x00, 0x00, 0x5e, 0xfa, 0xd9, 0x00, 0x00, 0x00, 0xc3, 0xff, 0x71, 0x00,
    0x00, 0x00, 0x00, 0x00, 0x29, 0xf4, 0xff, 0x6c, 0xd6, 0xff, 0xa1, 0x00, 0x00, 0x00, 0x00, 0x00,
    0x00, 0x00, 0x02, 0xe0, 0xff, 0x80, 0x00, 0x00, 0x00, 0x00, 0xa8, 0xff, 0xb9, 0x00, 0x00, 0x00,
    0x00, 0x00, 0x00, 0x00, 0x00, 0x00, 0x00, 0x00, 0x90, 0xff, 0xef, 0x25, 0x00, 0x00, 0x00, 0x00,
    0x00, 0x00, 0x00, 0x00, 0x00, 0x2d, 0xf0, 0xff, 0x90, 0x00, 0x00, 0x00, 0x00, 0x00, 0x00, 0x00,
    0x00, 0x00, 0x00, 0x00, 0x00, 0x00, 0x54, 0xff, 0xd5, 0x00, 0x00, 0x00, 0x00, 0x00, 0x00, 0x00,
    0x00, 0x00, 0x00, 0x00, 0x00, 0x00, 0x10, 0xfe, 0xff, 0x8c, 0x0d, 0x00, 0x00, 0x00, 0x00, 0x00,
    0x00, 0x00, 0x31, 0x8f, 0xbb, 0xc2, 0x96, 0x42, 0x01, 0x00, 0x00, 0x00, 0x00, 0x3b, 0x47, 0x00,
    0x00, 0x00, 0x00, 0x00, 0x00, 0x00, 0x00, 0x00, 0x00, 0x00, 0x00, 0x00, 0x00, 0x00, 0x00, 0x00,
    0x00, 0x00, 0x00, 0x00, 0x00, 0x00, 0x63, 0xff, 0xed, 0x00, 0x00, 0x00, 0x00, 0x00, 0x00, 0x00,
    0x00, 0x00, 0x00, 0x00, 0x00, 0x00, 0x00, 0x00, 0x00, 0x00, 0x00, 0x00, 0x00, 0x00, 0x00, 0x00,
    0x00, 0x00, 0x00, 0x00, 0xe4, 0xff, 0x1e, 0x00, 0x00, 0xc9, 0xff, 0x37, 0x00, 0x00, 0x00, 0x00,
    0x00, 0x00, 0x00, 0x03, 0x6b, 0xea, 0xff, 0xff, 0xff, 0xff, 0xf2, 0x88, 0x0b, 0x00, 0x00, 0x00,
    0x00, 0x00, 0x00, 0x11, 0x6e, 0xd4, 0xff, 0xc3, 0x5d, 0x09, 0x00, 0x02, 0x00, 0x00, 0x00, 0x00,
    0x00, 0x79, 0xff, 0xc6, 0x09, 0x00, 0x94, 0xff, 0xed, 0x1f, 0x00, 0x00, 0x00, 0xec, 0xfd, 0x08,
    0x00, 0x00, 0x00, 0x00, 0x00, 0x00, 0x00, 0x00, 0x00, 0x00, 0x00, 0x00, 0x00, 0x00, 0x00, 0x00,
    0x00, 0x00, 0x00, 0x00, 0x00, 0x91, 0xff, 0xdf, 0x00, 0x00, 0x00, 0x00, 0x00, 0x00, 0x00, 0x00,
    0x00, 0x00, 0x00, 0x00, 0x00, 0x00, 0x00, 0x5c, 0xff, 0xff, 0x16, 0x00, 0x00, 0x00, 0x00, 0x00,
    0x00, 0x00, 0x00, 0x00, 0x00, 0x00, 0x00, 0xf6, 0x7b, 0x00, 0x00, 0x00, 0x00, 0x00, 0x00, 0x00,
    0x00, 0xe4, 0xff, 0xff, 0xff, 0xff, 0xff, 0xff, 0xff, 0xff, 0xff, 0xff, 0xff, 0xff, 0x68, 0x00,
    0x00, 0x00, 0x00, 0x00, 0x00, 0x00, 0x00, 0x00, 0x00, 0x00, 0x00, 0x00, 0x00, 0x00, 0x00, 0x00,
    0x00, 0x00, 0x00, 0x00, 0x0c, 0x17, 0x17, 0x17, 0x17, 0x17, 0x17, 0x01, 0x00, 0x00, 0x00, 0x00,
    0x00, 0x00, 0x00, 0x00, 0x00, 0x00, 0x00, 0x00, 0x00, 0x00, 0x00, 0x00, 0x00, 0x00, 0x00, 0x00,
    0x00, 0x00, 0x00, 0x00, 0x00, 0x00, 0x9f, 0xff, 0xc5, 0x00, 0x00, 0x00, 0x00, 0x00, 0x00, 0x00,
    0x00, 0x3f, 0xff, 0xff, 0x48, 0x00, 0x82, 0xfe, 0xe7, 0x13, 0x00, 0xc4, 0xff, 0xc2, 0x00, 0x00,
    0x00, 0x00, 0x00, 0x00, 0x00, 0x00, 0x00, 0xa6, 0xff, 0xdd, 0x00, 0x00, 0x00, 0x00, 0x00, 0x00,
    0x00, 0x00, 0x00, 0x00, 0x00, 0x00, 0x00, 0x35, 0xf4, 0xff, 0x9a, 0x00, 0x00, 0x00, 0x00, 0x00,
    0x00, 0x00, 0x00, 0x00, 0x00, 0x01, 0x01, 0x31, 0x82, 0xd4, 0xff, 0xe9, 0x4e, 0x00, 0x00, 0x00,
    0x00, 0x00, 0xb0, 0xff, 0x7d, 0x00, 0x00, 0x00, 0x00, 0xbf, 0xff, 0xc7, 0x00, 0x00, 0x00, 0x00,
    0x00, 0x00, 0x00, 0x00, 0x00, 0x00, 0x00, 0x00, 0x00, 0x06, 0xd2, 0xff, 0xf8, 0x0d, 0x00, 0x00,
    0x00, 0x40, 0xff, 0xff, 0xff, 0x2a, 0x00, 0x00, 0x00, 0x00, 0x4d, 0xff, 0xff, 0x7c, 0x00, 0x00,
    0x00, 0x00, 0x00, 0x00, 0x00, 0x00, 0x00, 0x74, 0xff, 0xfb, 0x19, 0x00, 0x00, 0x00, 0x00, 0x00,
    0x00, 0x00, 0x27, 0xc9, 0xff, 0xe3, 0x88, 0x31, 0x5a, 0xb7, 0xfb, 0xf7, 0x7e, 0x00, 0x00, 0x00,
    0x00, 0x00, 0x31, 0xfd, 0xff, 0xff, 0xc3, 0x71, 0xca, 0xff, 0xe7, 0xc0, 0xff, 0xab, 0x00, 0x00,
    0x00, 0x00, 0x00, 0x00, 0x00, 0x00, 0x00, 0x00, 0x00, 0x00, 0x00, 0x00, 0x00, 0x00, 0x00, 0x00,
    0x00, 0x00, 0x00, 0x00, 0x00, 0x00, 0x00, 0x00, 0x00, 0x00, 0x00, 0x00, 0x00, 0x00, 0x00, 0x00,
    0x00, 0xe4, 0xff, 0xf8, 0xa2, 0x42, 0x02, 0x00, 0x00, 0x00, 0x00, 0x00, 0x00, 0x00, 0x00, 0x00,
    0x00, 0x00, 0x00, 0x00, 0x00, 0x00, 0x00, 0x00, 0x00, 0x00, 0x00, 0x00, 0x00, 0x00, 0x00, 0x00,
    0x00, 0x00, 0x00, 0x00, 0x00, 0x00, 0x00, 0x00, 0x00, 0x16, 0x71, 0xd4, 0xff, 0xff, 0x68, 0x00,
    0x00, 0x00, 0x00, 0x00, 0x00, 0x00, 0x82, 0xff, 0xe3, 0x0b, 0x00, 0x00, 0x00, 0x00, 0x00, 0x00,
    0x6f, 0xff, 0x6b, 0x00, 0x00, 0x90, 0xff, 0xa5, 0x00, 0x00, 0x00, 0x00, 0x72, 0xff, 0xd2, 0x00,
    0x00, 0x00, 0x03, 0xeb, 0xff, 0x82, 0x00, 0x00, 0x00, 0x09, 0xf7, 0xff, 0x72, 0x00, 0x00, 0x00,
    0x00, 0x00, 0xe8, 0xff, 0xa7, 0x07, 0x07, 0x09, 0x21, 0x4c, 0xc5, 0xff, 0xdb, 0x2b, 0x00, 0x00,
    0x00, 0x25, 0xff, 0xff, 0x7c, 0x00, 0x00, 0x00, 0x00, 0x00, 0x00, 0x00, 0x00, 0x00, 0x00, 0x00,
    0x00, 0x46, 0xff, 0xff, 0x47, 0x00, 0x00, 0x00, 0x00, 0x00, 0x00, 0xd7, 0xff, 0xcf, 0x00, 0x00,
    0x00, 0x00, 0x85, 0xff, 0xff, 0x13, 0x0d, 0x0d, 0x0d, 0x0d, 0x0d, 0x0d, 0x0d, 0x03, 0x00, 0x00,
    0x00, 0x00, 0x11, 0xff, 0xff, 0x80, 0x07, 0x07, 0x07, 0x07, 0x07, 0x07, 0x07, 0x01, 0x00, 0x00,
    0x00, 0x9c, 0xff, 0xfe, 0x05, 0x00, 0x00, 0x00, 0x44, 0xff, 0xff, 0xff, 0xff, 0xe4, 0x00, 0x00,
    0x00, 0x46, 0xff, 0xff, 0x51, 0x0d, 0x0d, 0x0d, 0x0d, 0x0d, 0x0d, 0xc6, 0xff, 0xca, 0x00, 0x00,
    0x00, 0x00, 0x00, 0x00, 0x00, 0x00, 0x88, 0xff, 0xff, 0x06, 0x00, 0x00, 0x00, 0x00, 0x00, 0x00,
    0x00, 0x00, 0x00, 0x00, 0x00, 0x00, 0x00, 0x00, 0x00, 0x82, 0xff, 0xff, 0x08, 0x00, 0x00, 0x00,
    0x00, 0x46, 0xff, 0xff, 0xfd, 0x5d, 0x34, 0xfb, 0xff, 0xa8, 0x00, 0x00, 0x00, 0x00, 0x00, 0x00,
    0x00, 0x00, 0x4b, 0xff, 0xff, 0x42, 0x00, 0x00, 0x00, 0x00, 0x00, 0x00, 0x00, 0x00, 0x00, 0x00,
    0x00, 0xea, 0xff, 0x6c, 0x00, 0x00, 0xd4, 0xff, 0xff, 0x51, 0x00, 0x00, 0xf1, 0xff, 0x68, 0x00,
    0x00, 0x40, 0xff, 0xff, 0x34, 0x00, 0x07, 0xe9, 0xff, 0x30, 0x00, 0xaf, 0xff, 0xc4, 0x00, 0x00,
    0x00, 0x72, 0xff, 0xff, 0x2e, 0x00, 0x00, 0x00, 0x00, 0x00, 0x00, 0xa9, 0xff, 0xf6, 0x00, 0x00,
    0x00, 0x00, 0x85, 0xff, 0xff, 0xff, 0xff, 0xff, 0xff, 0xff, 0xfe, 0xaf, 0x2a, 0x00, 0x00, 0x00,
    0x00, 0x72, 0xff, 0xff, 0x2e, 0x00, 0x00, 0x00, 0x00, 0x00, 0x00, 0xa9, 0xff, 0xfb, 0x01, 0x00,
    0x00, 0x33, 0xff, 0xff, 0xff, 0xff, 0xff, 0xff, 0xff, 0xe7, 0x56, 0x01, 0x00, 0x00, 0x00, 0x00,
    0x00, 0x00, 0x00, 0x00, 0x00, 0x0c, 0x56, 0x98, 0xe4, 0xff, 0xff, 0xff, 0xb6, 0x00, 0x00, 0x00,
    0x00, 0x00, 0x00, 0x00, 0x00, 0x00, 0x81, 0xff, 0xff, 0x0c, 0x00, 0x00, 0x00, 0x00, 0x00, 0x00,
    0x00, 0x26, 0xff, 0xff, 0x67, 0x00, 0x00, 0x00, 0x00, 0x00, 0x00, 0xe3, 0xff, 0xa7, 0x00, 0x00,
    0x00, 0x00, 0x00, 0x45, 0xff, 0xfd, 0x14, 0x00, 0x00, 0x8f, 0xff, 0xc9, 0x00, 0x00, 0x00, 0x00,
    0x00, 0x76, 0xff, 0xb1, 0x00, 0xab, 0xff, 0x25, 0xa3, 0xff, 0x2b, 0x2d, 0xff, 0xf7, 0x02, 0x00,
    0x00, 0x00, 0x00, 0x00, 0x00, 0x66, 0xff, 0xfe, 0xff, 0xf9, 0x27, 0x00, 0x00, 0x00, 0x00, 0x00,
    0x00, 0x00, 0x00, 0x00, 0x00, 0x00, 0xa0, 0xff, 0xff, 0x1e, 0x00, 0x00, 0x00, 0x00, 0x00, 0x00,
    0x00, 0x00, 0x00, 0x00, 0x00, 0x02, 0xc4, 0xff, 0xd5, 0x07, 0x00, 0x00, 0x00, 0x00, 0x00, 0x00,
    0x00, 0x00, 0x00, 0x00, 0x00, 0x2c, 0xff, 0xff, 0x24, 0x00, 0x00, 0x00, 0x00, 0x00, 0x00, 0x00,
    0x00, 0x00, 0x00, 0x00, 0x00, 0x05, 0xe2, 0xff, 0x7d, 0x00, 0x00, 0x00, 0x00, 0x00, 0x00, 0x00,
    0x00, 0x00, 0x00, 0x00, 0x00, 0x00, 0x00, 0xa0, 0xff, 0xb0, 0x00, 0x00, 0x00, 0x00, 0x00, 0x00,
    0x00, 0x00, 0x00, 0x00, 0x00, 0x00, 0x00, 0x00, 0x00, 0x00, 0x00, 0x00, 0x00, 0x00, 0x00, 0x00,
    0x00, 0x00, 0x00, 0x00, 0x00, 0x00, 0x00, 0x00, 0x00, 0x00, 0x00, 0x00, 0x00, 0x00, 0x00, 0x00,
    0x00, 0x00, 0x00, 0x00, 0x00, 0x00, 0x00, 0x00, 0x00, 0x00, 0x00, 0x00, 0x00, 0x00, 0x00, 0x00,
    0x00, 0x00, 0x00, 0x00, 0x43, 0x9e, 0xbc, 0xd9, 0xe5, 0xe5, 0xe5, 0xff, 0xff, 0x4b, 0x00, 0x00,
    0x00, 0x00, 0x92, 0xff, 0xe0, 0x00, 0x00, 0x00, 0x00, 0x00, 0x00, 0x94, 0xff, 0xd2, 0x00, 0x00,
    0x00, 0x00, 0x54, 0xff, 0xff, 0x14, 0x00, 0x00, 0x00, 0x00, 0x00, 0x00, 0x00, 0x00, 0x00, 0x00,
    0x00, 0x48, 0xff, 0xff, 0x1f, 0x00, 0x00, 0x00, 0x00, 0x00, 0x57, 0xff, 0xff, 0x1d, 0x00, 0x00,
    0x00, 0x3b, 0xff, 0xff, 0x6f, 0x4b, 0x4c, 0x4c, 0x4d, 0x4d, 0x4d, 0x9a, 0xff, 0xdf, 0x00, 0x00,
    0x00, 0x00, 0x00, 0x00, 0x00, 0x00, 0xc8, 0xff, 0x88, 0x00, 0x00, 0x00, 0x00, 0x00, 0x00, 0x00,
    0x00, 0x49, 0xff, 0xff, 0x1f, 0x00, 0x00, 0x00, 0x00, 0x00, 0x54, 0xff, 0xff, 0x1d, 0x00, 0x00,
    0x00, 0x00, 0x8b, 0xff, 0xe7, 0x01, 0x00, 0x00, 0x00, 0x00, 0x1c, 0xff, 0xff, 0x39, 0x00, 0x00,
    0x00, 0x00, 0x00, 0x00, 0x00, 0x00, 0x2b, 0xff, 0xff, 0x26, 0x00, 0x00, 0x00, 0x00, 0x00, 0x00,
    0x00, 0x00, 0x00, 0x00, 0x00, 0x00, 0x00, 0x73, 0xff, 0xdd, 0x00, 0x00, 0x00, 0x00, 0x00, 0x00,
    0x00, 0x00, 0x08, 0xff, 0xff, 0xb6, 0xfc, 0xff, 0xe6, 0x0e, 0x00, 0x00, 0x00, 0x00, 0x00, 0x00,
    0x00, 0x00, 0x00, 0x00, 0x00, 0x46, 0xff, 0xff, 0x0a, 0x00, 0x00, 0x00, 0x00, 0x00, 0x00, 0x00,
    0x00, 0xa0, 0xff, 0x7d, 0x00, 0x00, 0x42, 0xff, 0xe3, 0x00, 0x00, 0x00, 0xd8, 0xff, 0x43, 0x00,
    0x00, 0x00, 0x8b, 0xff, 0xe7, 0x01, 0x00, 0x00, 0x00, 0x00, 0x1c, 0xff, 0xff, 0x39, 0x00, 0x00,
    0x00, 0x19, 0xff, 0xff, 0x51, 0x00, 0x00, 0x00, 0x00, 0x00, 0x00, 0xcd, 0xff, 0x9c, 0x00, 0x00,
    0x00, 0x00, 0x9b, 0xff, 0xda, 0x00, 0x00, 0x00, 0x00, 0x00, 0x00, 0x9e, 0xff, 0xc3, 0x00, 0x00,
    0x00, 0x18, 0xff, 0xff, 0x50, 0x00, 0x00, 0x00, 0x00, 0x00, 0x31, 0xff, 0xff, 0x46, 0x00, 0x00,
    0x00, 0x00, 0x00, 0x00, 0x71, 0xff, 0xff, 0x12, 0x00, 0x00, 0x00, 0x00, 0x00, 0x00, 0x00, 0x00,
    0x00, 0x00, 0x00, 0xa6, 0xff, 0xfa, 0xa5, 0x5d, 0x21, 0x01, 0x00, 0x00, 0x00, 0x00, 0x00, 0x00,
    0x00, 0x00, 0x00, 0x00, 0x00, 0x96, 0xff, 0xb9, 0x00, 0x00, 0x00, 0x00, 0x00, 0x00, 0x00, 0x00,
    0x00, 0x00, 0x8b, 0xff, 0xc4, 0x00, 0x00, 0x00, 0x00, 0x00, 0x1a, 0xff, 0xff, 0x3a, 0x00, 0x00,
    0x00, 0x00, 0x00, 0xc0, 0xff, 0x98, 0x00, 0x00, 0x00, 0x19, 0xfc, 0xff, 0x45, 0x00, 0x00, 0x00,
    0x00, 0xb0, 0xff, 0x7e, 0x00, 0x00, 0xa6, 0xff, 0xff, 0x26, 0x00, 0x05, 0xf5, 0xff, 0x35, 0x00,
    0x00, 0x00, 0x00, 0x00, 0x00, 0x5e, 0xff, 0xff, 0xff, 0xd6, 0x0b, 0x00, 0x00, 0x00, 0x00, 0x00,
    0x00, 0x00, 0x00, 0x7e, 0xff, 0xdf, 0x02, 0x00, 0x00, 0x10, 0xf7, 0xff, 0x56, 0x00, 0x00, 0x00,
    0x00, 0x00, 0x00, 0x00, 0x00, 0x00, 0x00, 0x5d, 0xff, 0xfd, 0x4b, 0x00, 0x00, 0x00, 0x00, 0x00,
    0x00, 0x00, 0x22, 0xa2, 0xe1, 0xff, 0xff, 0xac, 0x1a, 0x00, 0x00, 0x00, 0x00, 0x00, 0x00, 0x00,
    0x00, 0x00, 0x00, 0x00, 0x00, 0x00, 0x54, 0xff, 0xd5, 0x00, 0x00, 0x00, 0x00, 0x00, 0x00, 0x00,
    0x00, 0x00, 0x00, 0x00, 0x00, 0x00, 0x00, 0x5b, 0xe8, 0xff, 0xf9, 0xbb, 0x72, 0x00, 0x00, 0x00,
    0x00, 0x91, 0xfd, 0xff, 0xff, 0xff, 0xff, 0xff, 0xe4, 0xa0, 0x5e, 0x67, 0xa7, 0xfd, 0x68, 0x00,
    0x00, 0x00, 0x00, 0x00, 0x00, 0x00, 0x00, 0x00, 0x00, 0x00, 0x00, 0x00, 0x00, 0x00, 0x00, 0x00,
    0x00, 0x00, 0x00, 0x00, 0x00, 0x00, 0x54, 0xff, 0xde, 0x00, 0x00, 0x00, 0x00, 0x00, 0x00, 0x00,
    0x00, 0x00, 0x00, 0x00, 0x00, 0x00, 0x00, 0x00, 0x00, 0x00, 0x00, 0x00, 0x00, 0x00, 0x00, 0x00,
    0x22, 0x22, 0x22, 0x3f, 0xff, 0xe6, 0x22, 0x22, 0x2b, 0xfb, 0xf7, 0x27, 0x22, 0x22, 0x01, 0x00,
    0x00, 0x00, 0x00, 0x00, 0x00, 0x02, 0x33, 0xb9, 0xed, 0xf4, 0xff, 0xff, 0xd5, 0x0c, 0x00, 0x00,
    0x00, 0x39, 0xa0, 0xf6, 0xed, 0x8f, 0x2a, 0x00, 0x0c, 0x66, 0xcf, 0xf1, 0xb6, 0x28, 0x00, 0x00,
    0x00, 0xc3, 0xff, 0x54, 0x00, 0x00, 0x08, 0xcf, 0xff, 0xc6, 0x05, 0x00, 0x02, 0xfa, 0xe4, 0x00,
    0x00, 0x00, 0x00, 0x00, 0x00, 0x00, 0x00, 0x00, 0x00, 0x00, 0x00, 0x00, 0x00, 0x00, 0x00, 0x00,
    0x00, 0x00, 0x00, 0x00, 0x00, 0x8a, 0xff, 0xe5, 0x00, 0x00, 0x00, 0x00, 0x00, 0x00, 0x00, 0x00,
    0x00, 0x00, 0x00, 0x00, 0x00, 0x00, 0x00, 0x62, 0xff, 0xff, 0x0f, 0x00, 0x00, 0x00, 0x00, 0x00,
    0x00, 0x00, 0x00, 0x00, 0x00, 0x00, 0x00, 0x9a, 0x4d, 0x00, 0x00, 0x00, 0x00, 0x00, 0x00, 0x00,
    0x00, 0xe2, 0xfd, 0xfd, 0xfd, 0xfd, 0xfd, 0xff, 0xff, 0xfd, 0xfd, 0xfd, 0xfd, 0xfd, 0x67, 0x00,
    0x00, 0x00, 0x00, 0x00, 0x00, 0x00, 0x00, 0x00, 0x00, 0x00, 0x00, 0x00, 0x00, 0x00, 0x00, 0x00,
    0x00, 0x00, 0x00, 0x00, 0x85, 0xff, 0xff, 0xff, 0xff, 0xff, 0xff, 0x09, 0x00, 0x00, 0x00, 0x00,
    0x00, 0x00, 0x00, 0x00, 0x00, 0x00, 0x00, 0x00, 0x00, 0x00, 0x00, 0x00, 0x00, 0x00, 0x00, 0x00,
    0x00, 0x00, 0x00, 0x00, 0x00, 0x1d, 0xf9, 0xff, 0x4e, 0x00, 0x00, 0x00, 0x00, 0x00, 0x00, 0x00,
    0x00, 0x28, 0xff, 0xff, 0x59, 0x00, 0x00, 0x21, 0x06, 0x00, 0x00, 0xd5, 0xff, 0xab, 0x00, 0x00,
    0x00, 0x00, 0x00, 0x00, 0x00, 0x00, 0x00, 0xa6, 0xff, 0xdd, 0x00, 0x00, 0x00, 0x00, 0x00, 0x00,
    0x00, 0x00, 0x00, 0x00, 0x00, 0x00, 0x27, 0xea, 0xff, 0xb0, 0x04, 0x00, 0x00, 0x00, 0x00, 0x00,
    0x00, 0x00, 0x00, 0x00, 0x00, 0x00, 0x00, 0x00, 0x00, 0x01, 0xd3, 0xff, 0xd9, 0x00, 0x00, 0x00,
    0x00, 0x53, 0xff, 0xdc, 0x08, 0x00, 0x00, 0x00, 0x00, 0xbf, 0xff, 0xc7, 0x00, 0x00, 0x00, 0x00,
    0x00, 0x00, 0x00, 0x00, 0x00, 0x00, 0x00, 0x00, 0x00, 0x00, 0x5a, 0xff, 0xff, 0x36, 0x00, 0x00,
    0x00, 0x2a, 0xff, 0xff, 0xe0, 0x00, 0x00, 0x00, 0x00, 0x00, 0x0f, 0xfb, 0xff, 0xa3, 0x00, 0x00,
    0x00, 0x00, 0x00, 0x00, 0x00, 0x00, 0x01, 0xd8, 0xff, 0xb4, 0x00, 0x00, 0x00, 0x00, 0x00, 0x00,
    0x00, 0x00, 0x99, 0xff, 0xef, 0x07, 0x00, 0x00, 0x00, 0x00, 0x77, 0xff, 0xfe, 0x1d, 0x00, 0x00,
    0x00, 0x00, 0x00, 0x47, 0xe5, 0xff, 0xff, 0xff, 0xff, 0xf5, 0x36, 0xbb, 0xff, 0x8f, 0x00, 0x00,
    0x00, 0x00, 0x00, 0x00, 0x00, 0x00, 0x00, 0x00, 0x00, 0x00, 0x00, 0x00, 0x00, 0x00, 0x00, 0x00,
    0x00, 0x00, 0x00, 0x00, 0x00, 0x00, 0x00, 0x00, 0x00, 0x00, 0x00, 0x00, 0x00, 0x00, 0x00, 0x00,
    0x00, 0xe3, 0xff, 0xfe, 0xc5, 0x66, 0x10, 0x00, 0x00, 0x00, 0x00, 0x00, 0x00, 0x00, 0x00, 0x00,
    0x00, 0x00, 0x00, 0x00, 0x00, 0x00, 0x00, 0x00, 0x00, 0x00, 0x00, 0x00, 0x00, 0x00, 0x00, 0x00,
    0x00, 0x00, 0x00, 0x00, 0x00, 0x00, 0x00, 0x00, 0x00, 0x35, 0x94, 0xec, 0xff, 0xff, 0x68, 0x00,
    0x00, 0x00, 0x00, 0x00, 0x00, 0x00, 0xb0, 0xff, 0xaa, 0x00, 0x00, 0x00, 0x00, 0x00, 0x00, 0x00,
    0x92, 0xff, 0x4c, 0x00, 0x00, 0xb7, 0xff, 0x55, 0x00, 0x00, 0x00, 0x00, 0x23, 0xff, 0xd2, 0x00,
    0x00, 0x00, 0x3d, 0xff, 0xff, 0x3a, 0x00, 0x00, 0x00, 0x00, 0xb9, 0xff, 0xc0, 0x00, 0x00, 0x00,
    0x00, 0x00, 0xe8, 0xff, 0xa4, 0x00, 0x00, 0x00, 0x00, 0x00, 0x0e, 0xf5, 0xff, 0x8f, 0x00, 0x00,
    0x00, 0x08, 0xfe, 0xff, 0x93, 0x00, 0x00, 0x00, 0x00, 0x00, 0x00, 0x00, 0x00, 0x00, 0x00, 0x00,
    0x00, 0x46, 0xff, 0xff, 0x47, 0x00, 0x00, 0x00, 0x00, 0x00, 0x00, 0xee, 0xff, 0xb0, 0x00, 0x00,
    0x00, 0x00, 0x85, 0xff, 0xff, 0x05, 0x00, 0x00, 0x00, 0x00, 0x00, 0x00, 0x00, 0x00, 0x00, 0x00,
    0x00, 0x00, 0x11, 0xff, 0xff, 0x7c, 0x00, 0x00, 0x00, 0x00, 0x00, 0x00, 0x00, 0x00, 0x00, 0x00,
    0x00, 0x7d, 0xff, 0xff, 0x1a, 0x00, 0x00, 0x00, 0x1f, 0x73, 0x73, 0xbe, 0xff, 0xe4, 0x00, 0x00,
    0x00, 0x46, 0xff, 0xff, 0x47, 0x00, 0x00, 0x00, 0x00, 0x00, 0x00, 0xc2, 0xff, 0xca, 0x00, 0x00,
    0x00, 0x00, 0x00, 0x00, 0x00, 0x00, 0x88, 0xff, 0xff, 0x06, 0x00, 0x00, 0x00, 0x00, 0x00, 0x00,
    0x00, 0x00, 0x00, 0x00, 0x00, 0x00, 0x00, 0x00, 0x00, 0x82, 0xff, 0xff, 0x08, 0x00, 0x00, 0x00,
    0x00, 0x46, 0xff, 0xff, 0x7a, 0x00, 0x00, 0x89, 0xff, 0xff, 0x56, 0x00, 0x00, 0x00, 0x00, 0x00,
    0x00, 0x00, 0x4b, 0xff, 0xff, 0x42, 0x00, 0x00, 0x00, 0x00, 0x00, 0x00, 0x00, 0x00, 0x00, 0x00,
    0x00, 0xea, 0xff, 0x6c, 0x00, 0x00, 0x7d, 0xff, 0xf2, 0x08, 0x00, 0x00, 0xf1, 0xff, 0x68, 0x00,
    0x00, 0x40, 0xff, 0xff, 0x34, 0x00, 0x00, 0x87, 0xff, 0x99, 0x00, 0xaf, 0xff, 0xc4, 0x00, 0x00,
    0x00, 0x5c, 0xff, 0xff, 0x3d, 0x00, 0x00, 0x00, 0x00, 0x00, 0x00, 0xb9, 0xff, 0xdf, 0x00, 0x00,
    0x00, 0x00, 0x85, 0xff, 0xff, 0x76, 0x73, 0x73, 0x61, 0x40, 0x1d, 0x00, 0x00, 0x00, 0x00, 0x00,
    0x00, 0x5b, 0xff, 0xff, 0x3d, 0x00, 0x00, 0x00, 0x00, 0x00, 0x00, 0xb9, 0xff, 0xeb, 0x00, 0x00,
    0x00, 0x33, 0xff, 0xff, 0x64, 0x0f, 0x11, 0x45, 0x94, 0xfd, 0xff, 0x8b, 0x00, 0x00, 0x00, 0x00,
    0x00, 0x00, 0x00, 0x00, 0x00, 0x00, 0x00, 0x00, 0x06, 0x5d, 0xd2, 0xff, 0xff, 0x51, 0x00, 0x00,
    0x00, 0x00, 0x00, 0x00, 0x00, 0x00, 0x81, 0xff, 0xff, 0x0c, 0x00, 0x00, 0x00, 0x00, 0x00, 0x00,
    0x00, 0x26, 0xff, 0xff, 0x67, 0x00, 0x00, 0x00, 0x00, 0x00, 0x00, 0xe3, 0xff, 0xa6, 0x00, 0x00,
    0x00, 0x00, 0x00, 0x07, 0xf3, 0xff, 0x55, 0x00, 0x00, 0xd3, 0xff, 0x7e, 0x00, 0x00, 0x00, 0x00,
    0x00, 0x50, 0xff, 0xcf, 0x00, 0xe1, 0xe9, 0x01, 0x69, 0xff, 0x62, 0x4b, 0xff, 0xd4, 0x00, 0x00,
    0x00, 0x00, 0x00, 0x00, 0x19, 0xef, 0xff, 0x93, 0xb8, 0xff, 0xbb, 0x00, 0x00, 0x00, 0x00, 0x00,
    0x00, 0x00, 0x00, 0x00, 0x00, 0x00, 0x88, 0xff, 0xff, 0x06, 0x00, 0x00, 0x00, 0x00, 0x00, 0x00,
    0x00, 0x00, 0x00, 0x00, 0x00, 0x6d, 0xff, 0xfb, 0x35, 0x00, 0x00, 0x00, 0x00, 0x00, 0x00, 0x00,
    0x00, 0x00, 0x00, 0x00, 0x00, 0x2c, 0xff, 0xff, 0x24, 0x00, 0x00, 0x00, 0x00, 0x00, 0x00, 0x00,
    0x00, 0x00, 0x00, 0x00, 0x00, 0x00, 0x70, 0xff, 0xea, 0x0a, 0x00, 0x00, 0x00, 0x00, 0x00, 0x00,
    0x00, 0x00, 0x00, 0x00, 0x00, 0x00, 0x00, 0xa0, 0xff, 0xb0, 0x00, 0x00, 0x00, 0x00, 0x00, 0x00,
    0x00, 0x00, 0x00, 0x00, 0x00, 0x00, 0x00, 0x00, 0x00, 0x00, 0x00, 0x00, 0x00, 0x00, 0x00, 0x00,
    0x00, 0x00, 0x00, 0x00, 0x00, 0x00, 0x00, 0x00, 0x00, 0x00, 0x00, 0x00, 0x00, 0x00, 0x00, 0x00,
    0x00, 0x00, 0x00, 0x00, 0x00, 0x00, 0x00, 0x00, 0x00, 0x00, 0x00, 0x00, 0x00, 0x00, 0x00, 0x00,
    0x00, 0x00, 0x0d, 0xc4, 0xff, 0xff, 0xff, 0xfc, 0xea, 0xe9, 0xe9, 0xff, 0xff, 0x53, 0x00, 0x00,
    0x00, 0x00, 0x92, 0xff, 0xc9, 0x00, 0x00, 0x00, 0x00, 0x00, 0x00, 0x7d, 0xff, 0xf0, 0x00, 0x00,
    0x00, 0x00, 0x7a, 0xff, 0xf3, 0x00, 0x00, 0x00, 0x00, 0x00, 0x00, 0x00, 0x00, 0x00, 0x00, 0x00,
    0x00, 0x66, 0xff, 0xff, 0x08, 0x00, 0x00, 0x00, 0x00, 0x00, 0x3f, 0xff, 0xff, 0x1d, 0x00, 0x00,
    0x00, 0x62, 0xff, 0xff, 0xff, 0xff, 0xff, 0xff, 0xff, 0xff, 0xff, 0xff, 0xff, 0xfb, 0x00, 0x00,
    0x00, 0x00, 0x00, 0x00, 0x00, 0x00, 0xc8, 0xff, 0x88, 0x00, 0x00, 0x00, 0x00, 0x00, 0x00, 0x00,
    0x00, 0x68, 0xff, 0xff, 0x07, 0x00, 0x00, 0x00, 0x00, 0x00, 0x3c, 0xff, 0xff, 0x1d, 0x00, 0x00,
    0x00, 0x00, 0x8b, 0xff, 0xc4, 0x00, 0x00, 0x00, 0x00, 0x00, 0x1a, 0xff, 0xff, 0x3a, 0x00, 0x00,
    0x00, 0x00, 0x00, 0x00, 0x00, 0x00, 0x2b, 0xff, 0xff, 0x26, 0x00, 0x00, 0x00, 0x00, 0x00, 0x00,
    0x00, 0x00, 0x00, 0x00, 0x00, 0x00, 0x00, 0x73, 0xff, 0xdd, 0x00, 0x00, 0x00, 0x00, 0x00, 0x00,
    0x00, 0x00, 0x08, 0xff, 0xff, 0xff, 0xfa, 0xf3, 0xff, 0xa5, 0x00, 0x00, 0x00, 0x00, 0x00, 0x00,
    0x00, 0x00, 0x00, 0x00, 0x00, 0x46, 0xff, 0xff, 0x0a, 0x00, 0x00, 0x00, 0x00, 0x00, 0x00, 0x00,
    0x00, 0xa0, 0xff, 0x79, 0x00, 0x00, 0x3e, 0xff, 0xde, 0x00, 0x00, 0x00, 0xd4, 0xff, 0x48, 0x00,
    0x00, 0x00, 0x8b, 0xff, 0xc4, 0x00, 0x00, 0x00, 0x00, 0x00, 0x1a, 0xff, 0xff, 0x3a, 0x00, 0x00,
    0x00, 0x38, 0xff, 0xff, 0x39, 0x00, 0x00, 0x00, 0x00, 0x00, 0x00, 0xb4, 0xff, 0xbb, 0x00, 0x00,
    0x00, 0x00, 0x9b, 0xff, 0xc2, 0x00, 0x00, 0x00, 0x00, 0x00, 0x00, 0x87, 0xff, 0xe1, 0x00, 0x00,
    0x00, 0x35, 0xff, 0xff, 0x39, 0x00, 0x00, 0x00, 0x00, 0x00, 0x19, 0xff, 0xff, 0x46, 0x00, 0x00,
    0x00, 0x00, 0x00, 0x00, 0x71, 0xff, 0xf1, 0x00, 0x00, 0x00, 0x00, 0x00, 0x00, 0x00, 0x00, 0x00,
    0x00, 0x00, 0x00, 0x29, 0xb4, 0xfe, 0xff, 0xff, 0xff, 0xe2, 0x6b, 0x07, 0x00, 0x00, 0x00, 0x00,
    0x00, 0x00, 0x00, 0x00, 0x00, 0x96, 0xff, 0xb9, 0x00, 0x00, 0x00, 0x00, 0x00, 0x00, 0x00, 0x00,
    0x00, 0x00, 0x8b, 0xff, 0xc4, 0x00, 0x00, 0x00, 0x00, 0x00, 0x1a, 0xff, 0xff, 0x3a, 0x00, 0x00,
    0x00, 0x00, 0x00, 0x66, 0xff, 0xeb, 0x05, 0x00, 0x00, 0x6e, 0xff, 0xe6, 0x03, 0x00, 0x00, 0x00,
    0x00, 0x75, 0xff, 0xb5, 0x00, 0x02, 0xeb, 0xd8, 0xff, 0x6d, 0x00, 0x32, 0xff, 0xf4, 0x04, 0x00,
    0x00, 0x00, 0x00, 0x00, 0x00, 0x00, 0xb5, 0xff, 0xff, 0x3a, 0x00, 0x00, 0x00, 0x00, 0x00, 0x00,
    0x00, 0x00, 0x00, 0x1d, 0xfc, 0xff, 0x43, 0x00, 0x00, 0x68, 0xff, 0xeb, 0x07, 0x00, 0x00, 0x00,
    0x00, 0x00, 0x00, 0x00, 0x00, 0x00, 0x33, 0xf6, 0xff, 0x7c, 0x00, 0x00, 0x00, 0x00, 0x00, 0x00,
    0x00, 0x00, 0x38, 0xff, 0xff, 0xff, 0xd6, 0x1e, 0x00, 0x00, 0x00, 0x00, 0x00, 0x00, 0x00, 0x00,
    0x00, 0x00, 0x00, 0x00, 0x00, 0x00, 0x54, 0xff, 0xd5, 0x00, 0x00, 0x00, 0x00, 0x00, 0x00, 0x00,
    0x00, 0x00, 0x00, 0x00, 0x00, 0x00, 0x00, 0x01, 0x70, 0xff, 0xff, 0xff, 0xbb, 0x00, 0x00, 0x00,
    0x00, 0xe4, 0xde, 0x88, 0x56, 0x5b, 0x92, 0xe7, 0xff, 0xff, 0xff, 0xff, 0xff, 0xdf, 0x34, 0x00,
    0x00, 0x00, 0x00, 0x00, 0x00, 0x00, 0x00, 0x00, 0x00, 0x00, 0x00, 0x00, 0x00, 0x00, 0x00, 0x00,
    0x00, 0x00, 0x00, 0x00, 0x00, 0x00, 0x41, 0xf2, 0xc4, 0x00, 0x00, 0x00, 0x00, 0x00, 0x00, 0x00,
    0x00, 0x00, 0x00, 0x00, 0x00, 0x00, 0x00, 0x00, 0x00, 0x00, 0x00, 0x00, 0x00, 0x00, 0x00, 0x00,
    0xf9, 0xff, 0xff, 0xff, 0xff, 0xff, 0xff, 0xff, 0xff, 0xff, 0xff, 0xff, 0xff, 0xff, 0x05, 0x00,
    0x00, 0x00, 0x00, 0x00, 0x00, 0x00, 0x00, 0x8c, 0xb5, 0x0f, 0x6b, 0xfb, 0xff, 0x93, 0x00, 0x00,
    0x00, 0xb5, 0xc1, 0x5c, 0x08, 0x00, 0x00, 0x06, 0xe4, 0xff, 0xdf, 0xd6, 0xff, 0xf5, 0x2a, 0x00,
    0x0e, 0xfa, 0xfd, 0x13, 0x00, 0x00, 0x00, 0x27, 0xf3, 0xff, 0x8a, 0x00, 0x18, 0xff, 0xc3, 0x00,
    0x00, 0x00, 0x00, 0x00, 0x00, 0x00, 0x00, 0x00, 0x00, 0x00, 0x00, 0x00, 0x00, 0x00, 0x00, 0x00,
    0x00, 0x00, 0x00, 0x00, 0x00, 0x60, 0xff, 0xfe, 0x0b, 0x00, 0x00, 0x00, 0x00, 0x00, 0x00, 0x00,
    0x00, 0x00, 0x00, 0x00, 0x00, 0x00, 0x00, 0x87, 0xff, 0xe4, 0x00, 0x00, 0x00, 0x00, 0x00, 0x00,
    0x00, 0x00, 0x00, 0x00, 0x00, 0x00, 0x00, 0x00, 0x00, 0x00, 0x00, 0x00, 0x00, 0x00, 0x00, 0x00,
    0x00, 0x00, 0x00, 0x00, 0x00, 0x00, 0x4e, 0xff, 0xce, 0x00, 0x00, 0x00, 0x00, 0x00, 0x00, 0x00,
    0x00, 0x00, 0x00, 0x00, 0x00, 0x00, 0x00, 0x00, 0x00, 0x00, 0x00, 0x00, 0x00, 0x00, 0x00, 0x00,
    0x00, 0x00, 0x00, 0x00, 0x81, 0xf8, 0xf8, 0xf8, 0xf8, 0xf8, 0xf8, 0x09, 0x00, 0x00, 0x00, 0x00,
    0x00, 0x00, 0x00, 0x00, 0x00, 0x00, 0x00, 0x00, 0x00, 0x00, 0x00, 0x00, 0x00, 0x00, 0x00, 0x00,
    0x00, 0x00, 0x00, 0x00, 0x00, 0x8f, 0xff, 0xd5, 0x01, 0x00, 0x00, 0x00, 0x00, 0x00, 0x00, 0x00,
    0x00, 0x11, 0xff, 0xff, 0x69, 0x00, 0x00, 0x00, 0x00, 0x00, 0x00, 0xe5, 0xff, 0x94, 0x00, 0x00,
    0x00, 0x00, 0x00, 0x00, 0x00, 0x00, 0x00, 0xa6, 0xff, 0xdd, 0x00, 0x00, 0x00, 0x00, 0x00, 0x00,
    0x00, 0x00, 0x00, 0x00, 0x00, 0x1d, 0xe0, 0xff, 0xc2, 0x09, 0x00, 0x00, 0x00, 0x00, 0x00, 0x00,
    0x00, 0x00, 0x00, 0x00, 0x00, 0x00, 0x00, 0x00, 0x00, 0x00, 0x66, 0xff, 0xff, 0x2a, 0x00, 0x00,
    0x00, 0xb6, 0xff, 0xc0, 0x8b, 0x8b, 0x8b, 0x8b, 0x8b, 0xe2, 0xff, 0xe5, 0x8b, 0x8b, 0x27, 0x00,
    0x00, 0x00, 0x00, 0x00, 0x00, 0x00, 0x00, 0x00, 0x00, 0x00, 0x2e, 0xff, 0xff, 0x60, 0x00, 0x00,
    0x00, 0x13, 0xff, 0xff, 0x97, 0x00, 0x00, 0x00, 0x00, 0x00, 0x00, 0xc8, 0xff, 0xc6, 0x00, 0x00,
    0x00, 0x00, 0x00, 0x00, 0x00, 0x00, 0x3e, 0xff, 0xff, 0x53, 0x00, 0x00, 0x00, 0x00, 0x00, 0x00,
    0x00, 0x01, 0xe5, 0xff, 0x9e, 0x00, 0x00, 0x00, 0x00, 0x00, 0x1f, 0xfe, 0xff, 0x6b, 0x00, 0x00,
    0x00, 0x00, 0x00, 0x00, 0x12, 0x58, 0x84, 0x95, 0x54, 0x12, 0x00, 0xd4, 0xff, 0x73, 0x00, 0x00,
    0x00, 0x00, 0x00, 0x00, 0x00, 0x00, 0x00, 0x00, 0x00, 0x00, 0x00, 0x00, 0x00, 0x00, 0x00, 0x00,
    0x00, 0x00, 0x00, 0x00, 0x00, 0x00, 0x00, 0x00, 0x00, 0x00, 0x00, 0x00, 0x00, 0x00, 0x00, 0x00,
    0x00, 0x21, 0x84, 0xe5, 0xff, 0xff, 0xf6, 0xa7, 0x48, 0x03, 0x00, 0x00, 0x00, 0x00, 0x00, 0x00,
    0x00, 0x87, 0x97, 0x97, 0x97, 0x97, 0x97, 0x97, 0x97, 0x97, 0x97, 0x97, 0x97, 0x97, 0x3e, 0x00,
    0x00, 0x00, 0x00, 0x00, 0x00, 0x00, 0x1a, 0x76, 0xd5, 0xff, 0xff, 0xfd, 0xb8, 0x53, 0x05, 0x00,
    0x00, 0x00, 0x00, 0x00, 0x00, 0x00, 0xc8, 0xff, 0x9b, 0x00, 0x00, 0x00, 0x00, 0x00, 0x00, 0x00,
    0x9b, 0xff, 0x44, 0x00, 0x00, 0xc1, 0xff, 0x40, 0x00, 0x00, 0x00, 0x00, 0x11, 0xfc, 0xd2, 0x00,
    0x00, 0x00, 0x8b, 0xff, 0xff, 0xef, 0xee, 0xee, 0xee, 0xee, 0xf8, 0xff, 0xfb, 0x13, 0x00, 0x00,
    0x00, 0x00, 0xe8, 0xff, 0xa4, 0x00, 0x00, 0x00, 0x00, 0x00, 0x00, 0xa5, 0xff, 0xe0, 0x01, 0x00,
    0x00, 0x00, 0xe6, 0xff, 0xaa, 0x00, 0x00, 0x00, 0x00, 0x00, 0x00, 0x00, 0x00, 0x00, 0x00, 0x00,
    0x00, 0x46, 0xff, 0xff, 0x47, 0x00, 0x00, 0x00, 0x00, 0x00, 0x07, 0xfe, 0xff, 0x91, 0x00, 0x00,
    0x00, 0x00, 0x85, 0xff, 0xff, 0x05, 0x00, 0x00, 0x00, 0x00, 0x00, 0x00, 0x00, 0x00, 0x00, 0x00,
    0x00, 0x00, 0x11, 0xff, 0xff, 0x7c, 0x00, 0x00, 0x00, 0x00, 0x00, 0x00, 0x00, 0x00, 0x00, 0x00,
    0x00, 0x5e, 0xff, 0xff, 0x31, 0x00, 0x00, 0x00, 0x00, 0x00, 0x00, 0x89, 0xff, 0xe4, 0x00, 0x00,
    0x00, 0x46, 0xff, 0xff, 0x47, 0x00, 0x00, 0x00, 0x00, 0x00, 0x00, 0xc2, 0xff, 0xca, 0x00, 0x00,
    0x00, 0x00, 0x00, 0x00, 0x00, 0x00, 0x88, 0xff, 0xff, 0x06, 0x00, 0x00, 0x00, 0x00, 0x00, 0x00,
    0x00, 0x00, 0x00, 0x00, 0x00, 0x00, 0x00, 0x00, 0x00, 0x83, 0xff, 0xff, 0x07, 0x00, 0x00, 0x00,
    0x00, 0x46, 0xff, 0xff, 0x47, 0x00, 0x00, 0x09, 0xd9, 0xff, 0xeb, 0x17, 0x00, 0x00, 0x00, 0x00,
    0x00, 0x00, 0x4b, 0xff, 0xff, 0x42, 0x00, 0x00, 0x00, 0x00, 0x00, 0x00, 0x00, 0x00, 0x00, 0x00,
    0x00, 0xea, 0xff, 0x6c, 0x00, 0x00, 0x15, 0x4e, 0x3b, 0x00, 0x00, 0x00, 0xf1, 0xff, 0x68, 0x00,
    0x00, 0x40, 0xff, 0xff, 0x34, 0x00, 0x00, 0x21, 0xfd, 0xf3, 0x0e, 0xaf, 0xff, 0xc4, 0x00, 0x00,
    0x00, 0x45, 0xff, 0xff, 0x4c, 0x00, 0x00, 0x00, 0x00, 0x00, 0x00, 0xc8, 0xff, 0xc7, 0x00, 0x00,
    0x00, 0x00, 0x85, 0xff, 0xff, 0x05, 0x00, 0x00, 0x00, 0x00, 0x00, 0x00, 0x00, 0x00, 0x00, 0x00,
    0x00, 0x44, 0xff, 0xff, 0x4c, 0x00, 0x00, 0x00, 0x00, 0x00, 0x00, 0xc8, 0xff, 0xda, 0x00, 0x00,
    0x00, 0x33, 0xff, 0xff, 0x5a, 0x00, 0x00, 0x00, 0x00, 0x7b, 0xff, 0xfe, 0x38, 0x00, 0x00, 0x00,
    0x00, 0x00, 0x00, 0x00, 0x00, 0x00, 0x00, 0x00, 0x00, 0x00, 0x24, 0xff, 0xff, 0x9d, 0x00, 0x00,
    0x00, 0x00, 0x00, 0x00, 0x00, 0x00, 0x81, 0xff, 0xff, 0x0c, 0x00, 0x00, 0x00, 0x00, 0x00, 0x00,
    0x00, 0x20, 0xff, 0xff, 0x67, 0x00, 0x00, 0x00, 0x00, 0x00, 0x00, 0xe3, 0xff, 0xa0, 0x00, 0x00,
    0x00, 0x00, 0x00, 0x00, 0xaf, 0xff, 0x99, 0x00, 0x18, 0xfe, 0xff, 0x34, 0x00, 0x00, 0x00, 0x00,
    0x00, 0x2a, 0xff, 0xed, 0x18, 0xff, 0xb0, 0x00, 0x2e, 0xff, 0x98, 0x69, 0xff, 0xae, 0x00, 0x00,
    0x00, 0x00, 0x00, 0x00, 0xaa, 0xff, 0xe6, 0x0f, 0x2b, 0xfb, 0xff, 0x57, 0x00, 0x00, 0x00, 0x00,
    0x00, 0x00, 0x00, 0x00, 0x00, 0x00, 0x88, 0xff, 0xff, 0x06, 0x00, 0x00, 0x00, 0x00, 0x00, 0x00,
    0x00, 0x00, 0x00, 0x00, 0x1f, 0xf3, 0xff, 0x87, 0x00, 0x00, 0x00, 0x00, 0x00, 0x00, 0x00, 0x00,
    0x00, 0x00, 0x00, 0x00, 0x00, 0x2c, 0xff, 0xff, 0x24, 0x00, 0x00, 0x00, 0x00, 0x00, 0x00, 0x00,
    0x00, 0x00, 0x00, 0x00, 0x00, 0x00, 0x0b, 0xec, 0xff, 0x6d, 0x00, 0x00, 0x00, 0x00, 0x00, 0x00,
    0x00, 0x00, 0x00, 0x00, 0x00, 0x00, 0x00, 0xa0, 0xff, 0xb0, 0x00, 0x00, 0x00, 0x00, 0x00, 0x00,
    0x00, 0x00, 0x00, 0x00, 0x00, 0x00, 0x00, 0x00, 0x00, 0x00, 0x00, 0x00, 0x00, 0x00, 0x00, 0x00,
    0x00, 0x00, 0x00, 0x00, 0x00, 0x00, 0x00, 0x00, 0x00, 0x00, 0x00, 0x00, 0x00, 0x00, 0x00, 0x00,
    0x00, 0x00, 0x00, 0x00, 0x00, 0x00, 0x00, 0x00, 0x00, 0x00, 0x00, 0x00, 0x00, 0x00, 0x00, 0x00,
    0x00, 0x00, 0xaa, 0xff, 0xf7, 0x84, 0x48, 0x0f, 0x00, 0x00, 0x06, 0xff, 0xff, 0x53, 0x00, 0x00,
    0x00, 0x00, 0x92, 0xff, 0xca, 0x00, 0x00, 0x00, 0x00, 0x00, 0x00, 0x7f, 0xff, 0xec, 0x00, 0x00,
    0x00, 0x00, 0x77, 0xff, 0xf5, 0x01, 0x00, 0x00, 0x00, 0x00, 0x00, 0x00, 0x00, 0x00, 0x00, 0x00,
    0x00, 0x62, 0xff, 0xff, 0x0a, 0x00, 0x00, 0x00, 0x00, 0x00, 0x41, 0xff, 0xff, 0x1d, 0x00, 0x00,
    0x00, 0x5f, 0xff, 0xfd, 0x82, 0x81, 0x81, 0x81, 0x81, 0x81, 0x81, 0x81, 0x81, 0x80, 0x00, 0x00,
    0x00, 0x00, 0x00, 0x00, 0x00, 0x00, 0xc8, 0xff, 0x88, 0x00, 0x00, 0x00, 0x00, 0x00, 0x00, 0x00,
    0x00, 0x5e, 0xff, 0xff, 0x0e, 0x00, 0x00, 0x00, 0x00, 0x00, 0x44, 0xff, 0xff, 0x1d, 0x00, 0x00,
    0x00, 0x00, 0x8b, 0xff, 0xc4, 0x00, 0x00, 0x00, 0x00, 0x00, 0x1a, 0xff, 0xff, 0x3a, 0x00, 0x00,
    0x00, 0x00, 0x00, 0x00, 0x00, 0x00, 0x2b, 0xff, 0xff, 0x26, 0x00, 0x00, 0x00, 0x00, 0x00, 0x00,
    0x00, 0x00, 0x00, 0x00, 0x00, 0x00, 0x00, 0x73, 0xff, 0xdd, 0x00, 0x00, 0x00, 0x00, 0x00, 0x00,
    0x00, 0x00, 0x08, 0xff, 0xff, 0xf6, 0x4c, 0x5c, 0xff, 0xff, 0x60, 0x00, 0x00, 0x00, 0x00, 0x00,
    0x00, 0x00, 0x00, 0x00, 0x00, 0x46, 0xff, 0xff, 0x0a, 0x00, 0x00, 0x00, 0x00, 0x00, 0x00, 0x00,
    0x00, 0xa0, 0xff, 0x79, 0x00, 0x00, 0x3e, 0xff, 0xde, 0x00, 0x00, 0x00, 0xd4, 0xff, 0x48, 0x00,
    0x00, 0x00, 0x8b, 0xff, 0xc4, 0x00, 0x00, 0x00, 0x00, 0x00, 0x1a, 0xff, 0xff, 0x3a, 0x00, 0x00,
    0x00, 0x36, 0xff, 0xff, 0x3a, 0x00, 0x00, 0x00, 0x00, 0x00, 0x00, 0xb6, 0xff, 0xb9, 0x00, 0x00,
    0x00, 0x00, 0x9b, 0xff, 0xc4, 0x00, 0x00, 0x00, 0x00, 0x00, 0x00, 0x88, 0xff, 0xe2, 0x00, 0x00,
    0x00, 0x39, 0xff, 0xff, 0x38, 0x00, 0x00, 0x00, 0x00, 0x00, 0x19, 0xff, 0xff, 0x46, 0x00, 0x00,
    0x00, 0x00, 0x00, 0x00, 0x71, 0xff, 0xe1, 0x00, 0x00, 0x00, 0x00, 0x00, 0x00, 0x00, 0x00, 0x00,
    0x00, 0x00, 0x00, 0x00, 0x00, 0x29, 0x94, 0xd7, 0xff, 0xff, 0xff, 0xe3, 0x1d, 0x00, 0x00, 0x00,
    0x00, 0x00, 0x00, 0x00, 0x00, 0x96, 0xff, 0xb9, 0x00, 0x00, 0x00, 0x00, 0x00, 0x00, 0x00, 0x00,
    0x00, 0x00, 0x8b, 0xff, 0xc4, 0x00, 0x00, 0x00, 0x00, 0x00, 0x1a, 0xff, 0xff, 0x3a, 0x00, 0x00,
    0x00, 0x00, 0x00, 0x11, 0xf8, 0xff, 0x49, 0x00, 0x00, 0xc7, 0xff, 0x8f, 0x00, 0x00, 0x00, 0x00,
    0x00, 0x39, 0xff, 0xec, 0x01, 0x34, 0xff, 0x66, 0xe3, 0xb5, 0x00, 0x69, 0xff, 0xbd, 0x00, 0x00,
    0x00, 0x00, 0x00, 0x00, 0x00, 0x2e, 0xf6, 0xff, 0xff, 0xa9, 0x00, 0x00, 0x00, 0x00, 0x00, 0x00,
    0x00, 0x00, 0x00, 0x00, 0xb4, 0xff, 0xa3, 0x00, 0x00, 0xc7, 0xff, 0x8f, 0x00, 0x00, 0x00, 0x00,
    0x00, 0x00, 0x00, 0x00, 0x00, 0x15, 0xe1, 0xff, 0xad, 0x01, 0x00, 0x00, 0x00, 0x00, 0x00, 0x00,
    0x00, 0x00, 0x0b, 0x38, 0x79, 0xc6, 0xff, 0xf3, 0x4d, 0x00, 0x00, 0x00, 0x00, 0x00, 0x00, 0x00,
    0x00, 0x00, 0x00, 0x00, 0x00, 0x00, 0x54, 0xff, 0xd5, 0x00, 0x00, 0x00, 0x00, 0x00, 0x00, 0x00,
    0x00, 0x00, 0x00, 0x00, 0x00, 0x00, 0x01, 0xbb, 0xff, 0xea, 0x9d, 0x52, 0x24, 0x00, 0x00, 0x00,
    0x00, 0x77, 0x0b, 0x00, 0x00, 0x00, 0x00, 0x04, 0x43, 0x83, 0xbd, 0xa8, 0x70, 0x09, 0x00, 0x00,
    0x00, 0x00, 0x00, 0x00, 0x00, 0x00, 0x00, 0x00, 0x00, 0x00, 0x00, 0x00, 0x00, 0x00, 0x00, 0x00,
    0x00, 0x00, 0x00, 0x00, 0x00, 0x00, 0x00, 0x00, 0x00, 0x00, 0x00, 0x00, 0x00, 0x00, 0x00, 0x00,
    0x00, 0x00, 0x00, 0x00, 0x00, 0x00, 0x00, 0x00, 0x00, 0x00, 0x00, 0x00, 0x00, 0x00, 0x00, 0x00,
    0xc4, 0xca, 0xca, 0xf2, 0xff, 0xd7, 0xca, 0xca, 0xec, 0xff, 0xdd, 0xca, 0xca, 0xca, 0x04, 0x00,
    0x00, 0x00, 0x00, 0x00, 0x00, 0x00, 0x00, 0x8c, 0xb5, 0x00, 0x00, 0xb2, 0xff, 0xdb, 0x00, 0x00,
    0x00, 0x08, 0x00, 0x00, 0x00, 0x00, 0x00, 0x56, 0xff, 0x71, 0x02, 0x01, 0x58, 0xff, 0xbe, 0x00,
    0x3a, 0xff, 0xfb, 0x08, 0x00, 0x00, 0x00, 0x00, 0x5e, 0xff, 0xfe, 0x4a, 0x5b, 0xff, 0x94, 0x00,
    0x00, 0x00, 0x00, 0x00, 0x00, 0x00, 0x00, 0x00, 0x00, 0x00, 0x00, 0x00, 0x00, 0x00, 0x00, 0x00,
    0x00, 0x00, 0x00, 0x00, 0x00, 0x36, 0xff, 0xff, 0x2f, 0x00, 0x00, 0x00, 0x00, 0x00, 0x00, 0x00,
    0x00, 0x00, 0x00, 0x00, 0x00, 0x00, 0x00, 0xac, 0xff, 0xba, 0x00, 0x00, 0x00, 0x00, 0x00, 0x00,
    0x00, 0x00, 0x00, 0x00, 0x00, 0x00, 0x00, 0x00, 0x00, 0x00, 0x00, 0x00, 0x00, 0x00, 0x00, 0x00,
    0x00, 0x00, 0x00, 0x00, 0x00, 0x00, 0x4e, 0xff, 0xce, 0x00, 0x00, 0x00, 0x00, 0x00, 0x00, 0x00,
    0x00, 0x00, 0x00, 0x00, 0x00, 0x00, 0x00, 0x00, 0x00, 0x00, 0x00, 0x00, 0x00, 0x00, 0x00, 0x00,
    0x00, 0x00, 0x00, 0x00, 0x00, 0x00, 0x00, 0x00, 0x00, 0x00, 0x00, 0x00, 0x00, 0x00, 0x00, 0x00,
    0x00, 0x00, 0x00, 0x00, 0x00, 0x00, 0x00, 0x00, 0x00, 0x00, 0x00, 0x00, 0x00, 0x00, 0x00, 0x00,
    0x00, 0x00, 0x00, 0x00, 0x12, 0xf3, 0xff, 0x5f, 0x00, 0x00, 0x00, 0x00, 0x00, 0x00, 0x00, 0x00,
    0x00, 0x01, 0xf7, 0xff, 0x92, 0x00, 0x00, 0x00, 0x00, 0x00, 0x12, 0xfc, 0xff, 0x7b, 0x00, 0x00,
    0x00, 0x00, 0x00, 0x00, 0x00, 0x00, 0x00, 0xa6, 0xff, 0xdd, 0x00, 0x00, 0x00, 0x00, 0x00, 0x00,
    0x00, 0x00, 0x00, 0x00, 0x16, 0xd7, 0xff, 0xce, 0x0f, 0x00, 0x00, 0x00, 0x00, 0x00, 0x00, 0x00,
    0x00, 0x00, 0x00, 0x00, 0x00, 0x00, 0x00, 0x00, 0x00, 0x00, 0x0e, 0xfd, 0xff, 0x78, 0x00, 0x00,
    0x00, 0xb7, 0xff, 0xff, 0xff, 0xff, 0xff, 0xff, 0xff, 0xff, 0xff, 0xff, 0xff, 0xff, 0x48, 0x00,
    0x00, 0x00, 0x00, 0x00, 0x00, 0x00, 0x00, 0x00, 0x00, 0x00, 0x2f, 0xff, 0xff, 0x5d, 0x00, 0x00,
    0x00, 0x02, 0xfb, 0xff, 0x9b, 0x00, 0x00, 0x00, 0x00, 0x00, 0x00, 0xcc, 0xff, 0xc4, 0x00, 0x00,
    0x00, 0x00, 0x00, 0x00, 0x00, 0x00, 0xa2, 0xff, 0xeb, 0x06, 0x00, 0x00, 0x00, 0x00, 0x00, 0x00,
    0x00, 0x34, 0xff, 0xff, 0x4e, 0x00, 0x00, 0x00, 0x00, 0x00, 0x00, 0xca, 0xff, 0xb9, 0x00, 0x00,
    0x00, 0x00, 0x00, 0x00, 0x00, 0x00, 0x00, 0x00, 0x00, 0x00, 0x13, 0xf7, 0xff, 0x55, 0x00, 0x00,
    0x00, 0x00, 0x00, 0x00, 0x00, 0x00, 0x00, 0x00, 0x00, 0x00, 0x00, 0x00, 0x00, 0x00, 0x00, 0x00,
    0x00, 0x00, 0x00, 0x00, 0x00, 0x00, 0x00, 0x00, 0x00, 0x00, 0x00, 0x00, 0x00, 0x00, 0x00, 0x00,
    0x00, 0x00, 0x00, 0x04, 0x4e, 0xb3, 0xfc, 0xff, 0xff, 0xe4, 0x88, 0x29, 0x00, 0x00, 0x00, 0x00,
    0x00, 0xe4, 0xff, 0xff, 0xff, 0xff, 0xff, 0xff, 0xff, 0xff, 0xff, 0xff, 0xff, 0xff, 0x68, 0x00,
    0x00, 0x00, 0x00, 0x08, 0x57, 0xb6, 0xfc, 0xff, 0xff, 0xe4, 0x82, 0x20, 0x00, 0x00, 0x00, 0x00,
    0x00, 0x00, 0x00, 0x00, 0x00, 0x00, 0xbf, 0xf3, 0x94, 0x00, 0x00, 0x00, 0x00, 0x00, 0x00, 0x00,
    0x76, 0xff, 0x66, 0x00, 0x00, 0x9b, 0xff, 0x8d, 0x00, 0x00, 0x00, 0x00, 0x5b, 0xff, 0xd2, 0x00,
    0x00, 0x00, 0xd9, 0xff, 0xff, 0xff, 0xff, 0xff, 0xff, 0xff, 0xff, 0xff, 0xff, 0x5e, 0x00, 0x00,
    0x00, 0x00, 0xe8, 0xff, 0xa4, 0x00, 0x00, 0x00, 0x00, 0x00, 0x00, 0x57, 0xff, 0xff, 0x31, 0x00,
    0x00, 0x00, 0xc4, 0xff, 0xe4, 0x03, 0x00, 0x00, 0x00, 0x00, 0x00, 0x00, 0x00, 0x00, 0x00, 0x00,
    0x00, 0x46, 0xff, 0xff, 0x47, 0x00, 0x00, 0x00, 0x00, 0x00, 0x3f, 0xff, 0xff, 0x70, 0x00, 0x00,
    0x00, 0x00, 0x85, 0xff, 0xff, 0x05, 0x00, 0x00, 0x00, 0x00, 0x00, 0x00, 0x00, 0x00, 0x00, 0x00,
    0x00, 0x00, 0x11, 0xff, 0xff, 0x7c, 0x00, 0x00, 0x00, 0x00, 0x00, 0x00, 0x00, 0x00, 0x00, 0x00,
    0x00, 0x3c, 0xff, 0xff, 0x69, 0x00, 0x00, 0x00, 0x00, 0x00, 0x00, 0x89, 0xff, 0xe4, 0x00, 0x00,
    0x00, 0x46, 0xff, 0xff, 0x47, 0x00, 0x00, 0x00, 0x00, 0x00, 0x00, 0xc2, 0xff, 0xca, 0x00, 0x00,
    0x00, 0x00, 0x00, 0x00, 0x00, 0x00, 0x88, 0xff, 0xff, 0x06, 0x00, 0x00, 0x00, 0x00, 0x00, 0x00,
    0x00, 0x00, 0x00, 0x00, 0x00, 0x00, 0x00, 0x00, 0x00, 0x90, 0xff, 0xf5, 0x00, 0x00, 0x00, 0x00,
    0x00, 0x46, 0xff, 0xff, 0x47, 0x00, 0x00, 0x00, 0x3e, 0xfd, 0xff, 0xb0, 0x00, 0x00, 0x00, 0x00,
    0x00, 0x00, 0x4b, 0xff, 0xff, 0x42, 0x00, 0x00, 0x00, 0x00, 0x00, 0x00, 0x00, 0x00, 0x00, 0x00,
    0x00, 0xea, 0xff, 0x6c, 0x00, 0x00, 0x00, 0x00, 0x00, 0x00, 0x00, 0x00, 0xf1, 0xff, 0x68, 0x00,
    0x00, 0x40, 0xff, 0xff, 0x34, 0x00, 0x00, 0x00, 0xb5, 0xff, 0x6b, 0xaf, 0xff, 0xc4, 0x00, 0x00,
    0x00, 0x2d, 0xff, 0xff, 0x6e, 0x00, 0x00, 0x00, 0x00, 0x00, 0x01, 0xe9, 0xff, 0xb0, 0x00, 0x00,
    0x00, 0x00, 0x85, 0xff, 0xff, 0x05, 0x00, 0x00, 0x00, 0x00, 0x00, 0x00, 0x00, 0x00, 0x00, 0x00,
    0x00, 0x2d, 0xff, 0xff, 0x6e, 0x00, 0x00, 0x00, 0x00, 0x00, 0x01, 0xe9, 0xff, 0xb1, 0x00, 0x00,
    0x00, 0x33, 0xff, 0xff, 0x5a, 0x00, 0x00, 0x00, 0x00, 0x05, 0xda, 0xff, 0xc2, 0x00, 0x00, 0x00,
    0x00, 0x00, 0x00, 0x00, 0x00, 0x00, 0x00, 0x00, 0x00, 0x00, 0x00, 0xcb, 0xff, 0xc2, 0x00, 0x00,
    0x00, 0x00, 0x00, 0x00, 0x00, 0x00, 0x81, 0xff, 0xff, 0x0c, 0x00, 0x00, 0x00, 0x00, 0x00, 0x00,
    0x00, 0x16, 0xff, 0xff, 0x6d, 0x00, 0x00, 0x00, 0x00, 0x00, 0x00, 0xe8, 0xff, 0x97, 0x00, 0x00,
    0x00, 0x00, 0x00, 0x00, 0x64, 0xff, 0xdc, 0x00, 0x5b, 0xff, 0xe7, 0x01, 0x00, 0x00, 0x00, 0x00,
    0x00, 0x07, 0xfc, 0xff, 0x5a, 0xff, 0x76, 0x00, 0x02, 0xf0, 0xcf, 0x87, 0xff, 0x87, 0x00, 0x00,
    0x00, 0x00, 0x00, 0x4c, 0xff, 0xff, 0x59, 0x00, 0x00, 0x95, 0xff, 0xe4, 0x0d, 0x00, 0x00, 0x00,
    0x00, 0x00, 0x00, 0x00, 0x00, 0x00, 0x88, 0xff, 0xff, 0x06, 0x00, 0x00, 0x00, 0x00, 0x00, 0x00,
    0x00, 0x00, 0x00, 0x00, 0xb8, 0xff, 0xd4, 0x07, 0x00, 0x00, 0x00, 0x00, 0x00, 0x00, 0x00, 0x00,
    0x00, 0x00, 0x00, 0x00, 0x00, 0x2c, 0xff, 0xff, 0x24, 0x00, 0x00, 0x00, 0x00, 0x00, 0x00, 0x00,
    0x00, 0x00, 0x00, 0x00, 0x00, 0x00, 0x00, 0x80, 0xff, 0xdf, 0x04, 0x00, 0x00, 0x00, 0x00, 0x00,
    0x00, 0x00, 0x00, 0x00, 0x00, 0x00, 0x00, 0xa0, 0xff, 0xb0, 0x00, 0x00, 0x00, 0x00, 0x00, 0x00,
    0x00, 0x00, 0x00, 0x00, 0x00, 0x00, 0x00, 0x00, 0x00, 0x00, 0x00, 0x00, 0x00, 0x00, 0x00, 0x00,
    0x00, 0x00, 0x00, 0x00, 0x00, 0x00, 0x00, 0x00, 0x00, 0x00, 0x00, 0x00, 0x00, 0x00, 0x00, 0x00,
    0x00, 0x00, 0x00, 0x00, 0x00, 0x00, 0x00, 0x00, 0x00, 0x00, 0x00, 0x00, 0x00, 0x00, 0x00, 0x00,
    0x00, 0x10, 0xfe, 0xff, 0x96, 0x00, 0x00, 0x00, 0x00, 0x00, 0x25, 0xff, 0xff, 0x53, 0x00, 0x00,
    0x00, 0x00, 0x92, 0xff, 0xe2, 0x00, 0x00, 0x00, 0x00, 0x00, 0x00, 0x96, 0xff, 0xcd, 0x00, 0x00,
    0x00, 0x00, 0x51, 0xff, 0xff, 0x17, 0x00, 0x00, 0x00, 0x00, 0x00, 0x00, 0x00, 0x00, 0x00, 0x00,
    0x00, 0x44, 0xff, 0xff, 0x21, 0x00, 0x00, 0x00, 0x00, 0x00, 0x58, 0xff, 0xff, 0x1d, 0x00, 0x00,
    0x00, 0x39, 0xff, 0xff, 0x19, 0x00, 0x00, 0x00, 0x00, 0x00, 0x00, 0x00, 0x00, 0x00, 0x00, 0x00,
    0x00, 0x00, 0x00, 0x00, 0x00, 0x00, 0xc8, 0xff, 0x88, 0x00, 0x00, 0x00, 0x00, 0x00, 0x00, 0x00,
    0x00, 0x3f, 0xff, 0xff, 0x26, 0x00, 0x00, 0x00, 0x00, 0x00, 0x5b, 0xff, 0xff, 0x1d, 0x00, 0x00,
    0x00, 0x00, 0x8b, 0xff, 0xc4, 0x00, 0x00, 0x00, 0x00, 0x00, 0x1a, 0xff, 0xff, 0x3a, 0x00, 0x00,
    0x00, 0x00, 0x00, 0x00, 0x00, 0x00, 0x2b, 0xff, 0xff, 0x26, 0x00, 0x00, 0x00, 0x00, 0x00, 0x00,
    0x00, 0x00, 0x00, 0x00, 0x00, 0x00, 0x00, 0x73, 0xff, 0xdd, 0x00, 0x00, 0x00, 0x00, 0x00, 0x00,
    0x00, 0x00, 0x08, 0xff, 0xff, 0x6d, 0x00, 0x00, 0xa4, 0xff, 0xf3, 0x27, 0x00, 0x00, 0x00, 0x00,
    0x00, 0x00, 0x00, 0x00, 0x00, 0x46, 0xff, 0xff, 0x0b, 0x00, 0x00, 0x00, 0x00, 0x00, 0x00, 0x00,
    0x00, 0xa0, 0xff, 0x79, 0x00, 0x00, 0x3e, 0xff, 0xde, 0x00, 0x00, 0x00, 0xd4, 0xff, 0x48, 0x00,
    0x00, 0x00, 0x8b, 0xff, 0xc4, 0x00, 0x00, 0x00, 0x00, 0x00, 0x1a, 0xff, 0xff, 0x3a, 0x00, 0x00,
    0x00, 0x17, 0xff, 0xff, 0x53, 0x00, 0x00, 0x00, 0x00, 0x00, 0x00, 0xce, 0xff, 0x9a, 0x00, 0x00,
    0x00, 0x00, 0x9b, 0xff, 0xdc, 0x00, 0x00, 0x00, 0x00, 0x00, 0x00, 0x9f, 0xff, 0xc3, 0x00, 0x00,
    0x00, 0x1b, 0xff, 0xff, 0x4f, 0x00, 0x00, 0x00, 0x00, 0x00, 0x30, 0xff, 0xff, 0x46, 0x00, 0x00,
    0x00, 0x00, 0x00, 0x00, 0x71, 0xff, 0xe1, 0x00, 0x00, 0x00, 0x00, 0x00, 0x00, 0x00, 0x00, 0x00,
    0x00, 0x00, 0x00, 0x00, 0x00, 0x00, 0x00, 0x00, 0x31, 0x95, 0xff, 0xff, 0x76, 0x00, 0x00, 0x00,
    0x00, 0x00, 0x00, 0x00, 0x00, 0x96, 0xff, 0xb9, 0x00, 0x00, 0x00, 0x00, 0x00, 0x00, 0x00, 0x00,
    0x00, 0x00, 0x8a, 0xff, 0xc8, 0x00, 0x00, 0x00, 0x00, 0x00, 0x42, 0xff, 0xff, 0x3a, 0x00, 0x00,
    0x00, 0x00, 0x00, 0x00, 0xaf, 0xff, 0xa1, 0x00, 0x21, 0xfe, 0xff, 0x34, 0x00, 0x00, 0x00, 0x00,
    0x00, 0x06, 0xf6, 0xff, 0x24, 0x7b, 0xfe, 0x1c, 0x99, 0xf5, 0x08, 0xa0, 0xff, 0x81, 0x00, 0x00,
    0x00, 0x00, 0x00, 0x00, 0x0d, 0xd9, 0xff, 0xb9, 0xf6, 0xff, 0x6a, 0x00, 0x00, 0x00, 0x00, 0x00,
    0x00, 0x00, 0x00, 0x00, 0x50, 0xff, 0xf5, 0x0f, 0x27, 0xff, 0xff, 0x2c, 0x00, 0x00, 0x00, 0x00,
    0x00, 0x00, 0x00, 0x00, 0x04, 0xbe, 0xff, 0xd5, 0x0d, 0x00, 0x00, 0x00, 0x00, 0x00, 0x00, 0x00,
    0x00, 0x00, 0x00, 0x00, 0x00, 0x00, 0xdb, 0xff, 0xa5, 0x00, 0x00, 0x00, 0x00, 0x00, 0x00, 0x00,
    0x00, 0x00, 0x00, 0x00, 0x00, 0x00, 0x54, 0xff, 0xd5, 0x00, 0x00, 0x00, 0x00, 0x00, 0x00, 0x00,
    0x00, 0x00, 0x00, 0x00, 0x00, 0x00, 0x22, 0xff, 0xff, 0x54, 0x00, 0x00, 0x00, 0x00, 0x00, 0x00,
    0x00, 0x00, 0x00, 0x00, 0x00, 0x00, 0x00, 0x00, 0x00, 0x00, 0x00, 0x00, 0x00, 0x00, 0x00, 0x00,
    0x00, 0x00, 0x00, 0x00, 0x00, 0x00, 0x00, 0x00, 0x00, 0x00, 0x00, 0x00, 0x00, 0x00, 0x00, 0x00,
    0x00, 0x00, 0x00, 0x00, 0x00, 0x00, 0x00, 0x00, 0x00, 0x00, 0x00, 0x00, 0x00, 0x00, 0x00, 0x00,
    0x00, 0x00, 0x00, 0x00, 0x00, 0x00, 0x00, 0x00, 0x00, 0x00, 0x00, 0x00, 0x00, 0x00, 0x00, 0x00,
    0x00, 0x00, 0x01, 0xe7, 0xff, 0x1b, 0x00, 0x00, 0xcc, 0xff, 0x34, 0x00, 0x00, 0x00, 0x00, 0x00,
    0x00, 0x00, 0x00, 0x00, 0x00, 0x00, 0x00, 0x8c, 0xb5, 0x00, 0x00, 0x72, 0xff, 0xf5, 0x00, 0x00,
    0x00, 0x00, 0x00, 0x00, 0x00, 0x00, 0x00, 0xbe, 0xeb, 0x07, 0x00, 0x00, 0x00, 0xd2, 0xf8, 0x07,
    0x14, 0xff, 0xff, 0x36, 0x00, 0x00, 0x00, 0x00, 0x00, 0xa0, 0xff, 0xeb, 0xd8, 0xf8, 0x1f, 0x00,
    0x00, 0x00, 0x00, 0x00, 0x00, 0x00, 0x00, 0x00, 0x00, 0x00, 0x00, 0x00, 0x00, 0x00, 0x00, 0x00,
    0x00, 0x00, 0x00, 0x00, 0x00, 0x0d, 0xfe, 0xff, 0x53, 0x00, 0x00, 0x00, 0x00, 0x00, 0x00, 0x00,
    0x00, 0x00, 0x00, 0x00, 0x00, 0x00, 0x00, 0xd1, 0xff, 0x90, 0x00, 0x00, 0x00, 0x00, 0x00, 0x00,
    0x00, 0x00, 0x00, 0x00, 0x00, 0x00, 0x00, 0x00, 0x00, 0x00, 0x00, 0x00, 0x00, 0x00, 0x00, 0x00,
    0x00, 0x00, 0x00, 0x00, 0x00, 0x00, 0x4e, 0xff, 0xce, 0x00, 0x00, 0x00, 0x00, 0x00, 0x00, 0x00,
    0x00, 0x00, 0x00, 0x00, 0x00, 0x00, 0x00, 0x00, 0x00, 0x00, 0x00, 0x00, 0x00, 0x00, 0x00, 0x00,
    0x00, 0x00, 0x00, 0x00, 0x00, 0x00, 0x00, 0x00, 0x00, 0x00, 0x00, 0x00, 0x00, 0x00, 0x00, 0x00,
    0x00, 0x00, 0x00, 0x00, 0x00, 0x00, 0x00, 0x00, 0x00, 0x00, 0x00, 0x00, 0x00, 0x00, 0x00, 0x00,
    0x00, 0x00, 0x00, 0x00, 0x7e, 0xff, 0xe2, 0x05, 0x00, 0x00, 0x00, 0x00, 0x00, 0x00, 0x00, 0x00,
    0x00, 0x00, 0xb2, 0xff, 0xd7, 0x00, 0x00, 0x00, 0x00, 0x00, 0x56, 0xff, 0xff, 0x35, 0x00, 0x00,
    0x00, 0x00, 0x00, 0x00, 0x00, 0x00, 0x00, 0xa6, 0xff, 0xdd, 0x00, 0x00, 0x00, 0x00, 0x00, 0x00,
    0x00, 0x00, 0x00, 0x10, 0xce, 0xff, 0xd7, 0x16, 0x00, 0x00, 0x00, 0x00, 0x00, 0x00, 0x00, 0x00,
    0x00, 0x00, 0x00, 0x00, 0x00, 0x00, 0x00, 0x00, 0x00, 0x00, 0x53, 0xff, 0xff, 0x72, 0x00, 0x00,
    0x00, 0x5f, 0x85, 0x85, 0x85, 0x85, 0x85, 0x85, 0x85, 0xe1, 0xff, 0xe4, 0x85, 0x85, 0x25, 0x00,
    0x00, 0x00, 0x00, 0x00, 0x00, 0x00, 0x00, 0x00, 0x00, 0x00, 0x5b, 0xff, 0xff, 0x31, 0x00, 0x00,
    0x00, 0x00, 0xc1, 0xff, 0xe3, 0x01, 0x00, 0x00, 0x00, 0x00, 0x11, 0xfc, 0xff, 0x9f, 0x00, 0x00,
    0x00, 0x00, 0x00, 0x00, 0x00, 0x10, 0xf6, 0xff, 0x90, 0x00, 0x00, 0x00, 0x00, 0x00, 0x00, 0x00,
    0x00, 0x42, 0xff, 0xff, 0x79, 0x00, 0x00, 0x00, 0x00, 0x00, 0x06, 0xee, 0xff, 0xc4, 0x00, 0x00,
    0x00, 0x00, 0x00, 0x00, 0x00, 0x00, 0x00, 0x00, 0x00, 0x00, 0x74, 0xff, 0xf0, 0x0e, 0x00, 0x00,
    0x00, 0x00, 0x00, 0x00, 0x00, 0x00, 0x00, 0x00, 0x00, 0x00, 0x00, 0x00, 0x00, 0x00, 0x00, 0x00,
    0x00, 0x00, 0x00, 0x00, 0x00, 0x00, 0x00, 0x00, 0x00, 0x00, 0x00, 0x00, 0x00, 0x00, 0x00, 0x00,
    0x00, 0x00, 0x00, 0x00, 0x00, 0x00, 0x1c, 0x7e, 0xe0, 0xff, 0xff, 0xff, 0xc9, 0x6a, 0x10, 0x00,
    0x00, 0x82, 0x91, 0x91, 0x91, 0x91, 0x91, 0x91, 0x91, 0x91, 0x91, 0x91, 0x91, 0x91, 0x3b, 0x00,
    0x00, 0x37, 0x98, 0xef, 0xff, 0xff, 0xfb, 0xb2, 0x4d, 0x04, 0x00, 0x00, 0x00, 0x00, 0x00, 0x00,
    0x00, 0x00, 0x00, 0x00, 0x00, 0x00, 0x00, 0x00, 0x00, 0x00, 0x00, 0x00, 0x00, 0x00, 0x00, 0x00,
    0x51, 0xff, 0x8a, 0x00, 0x00, 0x59, 0xff, 0xdd, 0x0d, 0x00, 0x00, 0x04, 0xb3, 0xff, 0xd2, 0x00,
    0x00, 0x28, 0xff, 0xff, 0x66, 0x1b, 0x1b, 0x1b, 0x1b, 0x1b, 0x1b, 0xda, 0xff, 0xac, 0x00, 0x00,
    0x00, 0x00, 0xe8, 0xff, 0xa4, 0x00, 0x00, 0x00, 0x00, 0x00, 0x00, 0x95, 0xff, 0xff, 0x2f, 0x00,
    0x00, 0x00, 0x62, 0xff, 0xff, 0x4b, 0x00, 0x00, 0x00, 0x00, 0x00, 0x00, 0x00, 0x00, 0x00, 0x00,
    0x00, 0x46, 0xff, 0xff, 0x47, 0x00, 0x00, 0x00, 0x00, 0x00, 0xac, 0xff, 0xf3, 0x17, 0x00, 0x00,
    0x00, 0x00, 0x85, 0xff, 0xff, 0x05, 0x00, 0x00, 0x00, 0x00, 0x00, 0x00, 0x00, 0x00, 0x00, 0x00,
    0x00, 0x00, 0x11, 0xff, 0xff, 0x7c, 0x00, 0x00, 0x00, 0x00, 0x00, 0x00, 0x00, 0x00, 0x00, 0x00,
    0x00, 0x02, 0xd6, 0xff, 0xc9, 0x00, 0x00, 0x00, 0x00, 0x00, 0x00, 0x89, 0xff, 0xe4, 0x00, 0x00,
    0x00, 0x46, 0xff, 0xff, 0x47, 0x00, 0x00, 0x00, 0x00, 0x00, 0x00, 0xc2, 0xff, 0xca, 0x00, 0x00,
    0x00, 0x00, 0x00, 0x00, 0x00, 0x00, 0x88, 0xff, 0xff, 0x06, 0x00, 0x00, 0x00, 0x00, 0x00, 0x00,
    0x00, 0x00, 0x00, 0x00, 0x00, 0x00, 0x00, 0x00, 0x00, 0xa5, 0xff, 0xd9, 0x00, 0x00, 0x00, 0x00,
    0x00, 0x46, 0xff, 0xff, 0x47, 0x00, 0x00, 0x00, 0x00, 0x95, 0xff, 0xff, 0x5e, 0x00, 0x00, 0x00,
    0x00, 0x00, 0x4b, 0xff, 0xff, 0x42, 0x00, 0x00, 0x00, 0x00, 0x00, 0x00, 0x00, 0x00, 0x00, 0x00,
    0x00, 0xea, 0xff, 0x6c, 0x00, 0x00, 0x00, 0x00, 0x00, 0x00, 0x00, 0x00, 0xf1, 0xff, 0x68, 0x00,
    0x00, 0x40, 0xff, 0xff, 0x34, 0x00, 0x00, 0x00, 0x4d, 0xff, 0xd3, 0xb0, 0xff, 0xc4, 0x00, 0x00,
    0x00, 0x04, 0xe7, 0xff, 0xb1, 0x00, 0x00, 0x00, 0x00, 0x00, 0x2f, 0xff, 0xff, 0x6d, 0x00, 0x00,
    0x00, 0x00, 0x85, 0xff, 0xff, 0x05, 0x00, 0x00, 0x00, 0x00, 0x00, 0x00, 0x00, 0x00, 0x00, 0x00,
    0x00, 0x04, 0xe6, 0xff, 0xb1, 0x00, 0x00, 0x00, 0x00, 0x00, 0x2f, 0xff, 0xff, 0x72, 0x00, 0x00,
    0x00, 0x33, 0xff, 0xff, 0x5a, 0x00, 0x00, 0x00, 0x00, 0x00, 0x57, 0xff, 0xff, 0x47, 0x00, 0x00,
    0x00, 0x00, 0x00, 0x00, 0x00, 0x00, 0x00, 0x00, 0x00, 0x00, 0x00, 0xd1, 0xff, 0xb4, 0x00, 0x00,
    0x00, 0x00, 0x00, 0x00, 0x00, 0x00, 0x81, 0xff, 0xff, 0x0c, 0x00, 0x00, 0x00, 0x00, 0x00, 0x00,
    0x00, 0x06, 0xfb, 0xff, 0x77, 0x00, 0x00, 0x00, 0x00, 0x00, 0x00, 0xf2, 0xff, 0x84, 0x00, 0x00,
    0x00, 0x00, 0x00, 0x00, 0x1b, 0xfe, 0xff, 0x20, 0x9f, 0xff, 0x9d, 0x00, 0x00, 0x00, 0x00, 0x00,
    0x00, 0x00, 0xdd, 0xff, 0xae, 0xff, 0x3c, 0x00, 0x00, 0xb9, 0xfb, 0xaf, 0xff, 0x61, 0x00, 0x00,
    0x00, 0x00, 0x0c, 0xe1, 0xff, 0xbb, 0x00, 0x00, 0x00, 0x14, 0xef, 0xff, 0x8d, 0x00, 0x00, 0x00,
    0x00, 0x00, 0x00, 0x00, 0x00, 0x00, 0x88, 0xff, 0xff, 0x06, 0x00, 0x00, 0x00, 0x00, 0x00, 0x00,
    0x00, 0x00, 0x00, 0x5f, 0xff, 0xfb, 0x35, 0x00, 0x00, 0x00, 0x00, 0x00, 0x00, 0x00, 0x00, 0x00,
    0x00, 0x00, 0x00, 0x00, 0x00, 0x2c, 0xff, 0xff, 0x24, 0x00, 0x00, 0x00, 0x00, 0x00, 0x00, 0x00,
    0x00, 0x00, 0x00, 0x00, 0x00, 0x00, 0x00, 0x14, 0xf4, 0xff, 0x5c, 0x00, 0x00, 0x00, 0x00, 0x00,
    0x00, 0x00, 0x00, 0x00, 0x00, 0x00, 0x00, 0xa0, 0xff, 0xb0, 0x00, 0x00, 0x00, 0x00, 0x00, 0x00,
    0x00, 0x00, 0x00, 0x00, 0x00, 0x00, 0x00, 0x00, 0x00, 0x00, 0x00, 0x00, 0x00, 0x00, 0x00, 0x00,
    0x00, 0x00, 0x00, 0x00, 0x00, 0x00, 0x00, 0x00, 0x00, 0x00, 0x00, 0x00, 0x00, 0x00, 0x00, 0x00,
    0x00, 0x00, 0x00, 0x00, 0x00, 0x00, 0x00, 0x00, 0x00, 0x00, 0x00, 0x00, 0x00, 0x00, 0x00, 0x00,
    0x00, 0x3f, 0xff, 0xff, 0x23, 0x00, 0x00, 0x00, 0x00, 0x00, 0x53, 0xff, 0xff, 0x53, 0x00, 0x00,
    0x00, 0x00, 0x92, 0xff, 0xfa, 0x11, 0x00, 0x00, 0x00, 0x00, 0x00, 0xbd, 0xff, 0xaf, 0x00, 0x00,
    0x00, 0x00, 0x2b, 0xff, 0xff, 0x51, 0x00, 0x00, 0x00, 0x00, 0x00, 0x00, 0x00, 0x00, 0x00, 0x00,
    0x00, 0x26, 0xff, 0xff, 0x48, 0x00, 0x00, 0x00, 0x00, 0x00, 0x82, 0xff, 0xff, 0x1d, 0x00, 0x00,
    0x00, 0x13, 0xff, 0xff, 0x46, 0x00, 0x00, 0x00, 0x00, 0x00, 0x00, 0x00, 0x00, 0x00, 0x00, 0x00,
    0x00, 0x00, 0x00, 0x00, 0x00, 0x00, 0xc8, 0xff, 0x88, 0x00, 0x00, 0x00, 0x00, 0x00, 0x00, 0x00,
    0x00, 0x1e, 0xff, 0xff, 0x5c, 0x00, 0x00, 0x00, 0x00, 0x00, 0x8f, 0xff, 0xff, 0x1d, 0x00, 0x00,
    0x00, 0x00, 0x8b, 0xff, 0xc4, 0x00, 0x00, 0x00, 0x00, 0x00, 0x1a, 0xff, 0xff, 0x3a, 0x00, 0x00,
    0x00, 0x00, 0x00, 0x00, 0x00, 0x00, 0x2b, 0xff, 0xff, 0x26, 0x00, 0x00, 0x00, 0x00, 0x00, 0x00,
    0x00, 0x00, 0x00, 0x00, 0x00, 0x00, 0x00, 0x73, 0xff, 0xdd, 0x00, 0x00, 0x00, 0x00, 0x00, 0x00,
    0x00, 0x00, 0x08, 0xff, 0xff, 0x5c, 0x00, 0x00, 0x0f, 0xde, 0xff, 0xce, 0x07, 0x00, 0x00, 0x00,
    0x00, 0x00, 0x00, 0x00, 0x00, 0x32, 0xff, 0xff, 0x30, 0x00, 0x00, 0x00, 0x00, 0x00, 0x00, 0x00,
    0x00, 0xa0, 0xff, 0x79, 0x00, 0x00, 0x3e, 0xff, 0xde, 0x00, 0x00, 0x00, 0xd4, 0xff, 0x48, 0x00,
    0x00, 0x00, 0x8b, 0xff, 0xc4, 0x00, 0x00, 0x00, 0x00, 0x00, 0x1a, 0xff, 0xff, 0x3a, 0x00, 0x00,
    0x00, 0x01, 0xf6, 0xff, 0x7d, 0x00, 0x00, 0x00, 0x00, 0x00, 0x08, 0xf1, 0xff, 0x7b, 0x00, 0x00,
    0x00, 0x00, 0x9b, 0xff, 0xf7, 0x0d, 0x00, 0x00, 0x00, 0x00, 0x00, 0xc7, 0xff, 0xa5, 0x00, 0x00,
    0x00, 0x02, 0xf9, 0xff, 0x74, 0x00, 0x00, 0x00, 0x00, 0x00, 0x56, 0xff, 0xff, 0x46, 0x00, 0x00,
    0x00, 0x00, 0x00, 0x00, 0x71, 0xff, 0xe1, 0x00, 0x00, 0x00, 0x00, 0x00, 0x00, 0x00, 0x00, 0x00,
    0x00, 0x00, 0x00, 0x00, 0x00, 0x00, 0x00, 0x00, 0x00, 0x00, 0xb2, 0xff, 0xcf, 0x00, 0x00, 0x00,
    0x00, 0x00, 0x00, 0x00, 0x00, 0x90, 0xff, 0xc8, 0x00, 0x00, 0x00, 0x00, 0x00, 0x00, 0x00, 0x00,
    0x00, 0x00, 0x75, 0xff, 0xf3, 0x04, 0x00, 0x00, 0x00, 0x00, 0x85, 0xff, 0xff, 0x3a, 0x00, 0x00,
    0x00, 0x00, 0x00, 0x00, 0x55, 0xff, 0xf1, 0x09, 0x79, 0xff, 0xd8, 0x00, 0x00, 0x00, 0x00, 0x00,
    0x00, 0x00, 0xc1, 0xff, 0x5b, 0xc2, 0xd0, 0x00, 0x4e, 0xff, 0x45, 0xd7, 0xff, 0x45, 0x00, 0x00,
    0x00, 0x00, 0x00, 0x00, 0xa6, 0xff, 0xdc, 0x0e, 0x68, 0xff, 0xf8, 0x32, 0x00, 0x00, 0x00, 0x00,
    0x00, 0x00, 0x00, 0x00, 0x05, 0xe6, 0xff, 0x66, 0x86, 0xff, 0xc9, 0x00, 0x00, 0x00, 0x00, 0x00,
    0x00, 0x00, 0x00, 0x00, 0x8f, 0xff, 0xef, 0x25, 0x00, 0x00, 0x00, 0x00, 0x00, 0x00, 0x00, 0x00,
    0x00, 0x00, 0x00, 0x00, 0x00, 0x00, 0x9a, 0xff, 0xd8, 0x00, 0x00, 0x00, 0x00, 0x00, 0x00, 0x00,
    0x00, 0x00, 0x00, 0x00, 0x00, 0x00, 0x54, 0xff, 0xd5, 0x00, 0x00, 0x00, 0x00, 0x00, 0x00, 0x00,
    0x00, 0x00, 0x00, 0x00, 0x00, 0x00, 0x54, 0xff, 0xfe, 0x15, 0x00, 0x00, 0x00, 0x00, 0x00, 0x00,
    0x00, 0x00, 0x00, 0x00, 0x00, 0x00, 0x00, 0x00, 0x00, 0x00, 0x00, 0x00, 0x00, 0x00, 0x00, 0x00,
    0x00, 0x00, 0x00, 0x00, 0x00, 0x00, 0x00, 0x00, 0x00, 0x00, 0x00, 0x00, 0x00, 0x00, 0x00, 0x00,
    0x00, 0x00, 0x00, 0x00, 0x00, 0x00, 0x19, 0x32, 0x32, 0x02, 0x00, 0x00, 0x00, 0x00, 0x00, 0x00,
    0x00, 0x00, 0x00, 0x00, 0x00, 0x00, 0x00, 0x00, 0x00, 0x00, 0x00, 0x00, 0x00, 0x00, 0x00, 0x00,
    0x00, 0x00, 0x28, 0xff, 0xd9, 0x00, 0x00, 0x10, 0xfc, 0xf0, 0x03, 0x00, 0x00, 0x00, 0x00, 0x00,
    0x00, 0x00, 0x2b, 0x05, 0x00, 0x00, 0x00, 0x8c, 0xb5, 0x00, 0x00, 0xc6, 0xff, 0xc6, 0x00, 0x00,
    0x00, 0x00, 0x00, 0x00, 0x00, 0x00, 0x00, 0xbb, 0xed, 0x08, 0x00, 0x00, 0x01, 0xd4, 0xe0, 0x03,
    0x00, 0xdf, 0xff, 0xbb, 0x01, 0x00, 0x00, 0x00, 0x00, 0x0c, 0xd8, 0xff, 0xff, 0x8e, 0x00, 0x00,
    0x00, 0x00, 0x00, 0x00, 0x00, 0x00, 0x00, 0x00, 0x00, 0x00, 0x00, 0x00, 0x00, 0x00, 0x00, 0x00,
    0x00, 0x00, 0x00, 0x00, 0x00, 0x00, 0xe1, 0xff, 0x78, 0x00, 0x00, 0x00, 0x00, 0x00, 0x00, 0x00,
    0x00, 0x00, 0x00, 0x00, 0x00, 0x00, 0x01, 0xf5, 0xff, 0x66, 0x00, 0x00, 0x00, 0x00, 0x00, 0x00,
    0x00, 0x00, 0x00, 0x00, 0x00, 0x00, 0x00, 0x00, 0x00, 0x00, 0x00, 0x00, 0x00, 0x00, 0x00, 0x00,
    0x00, 0x00, 0x00, 0x00, 0x00, 0x00, 0x4e, 0xff, 0xce, 0x00, 0x00, 0x00, 0x00, 0x00, 0x00, 0x00,
    0x00, 0x00, 0x00, 0x00, 0x00, 0x00, 0x8e, 0xcf, 0xcf, 0x65, 0x00, 0x00, 0x00, 0x00, 0x00, 0x00,
    0x00, 0x00, 0x00, 0x00, 0x00, 0x00, 0x00, 0x00, 0x00, 0x00, 0x00, 0x00, 0x00, 0x00, 0x00, 0x00,
    0x00, 0x00, 0x00, 0x00, 0x00, 0x00, 0xb5, 0xd6, 0xd6, 0x45, 0x00, 0x00, 0x00, 0x00, 0x00, 0x00,
    0x00, 0x00, 0x00, 0x0a, 0xeb, 0xff, 0x70, 0x00, 0x00, 0x00, 0x00, 0x00, 0x00, 0x00, 0x00, 0x00,
    0x00, 0x00, 0x51, 0xff, 0xff, 0x31, 0x00, 0x00, 0x00, 0x00, 0xaf, 0xff, 0xd3, 0x00, 0x00, 0x00,
    0x00, 0x00, 0x00, 0x00, 0x00, 0x00, 0x00, 0xa6, 0xff, 0xdd, 0x00, 0x00, 0x00, 0x00, 0x00, 0x00,
    0x00, 0x00, 0x0b, 0xc4, 0xff, 0xdf, 0x1c, 0x00, 0x00, 0x00, 0x00, 0x00, 0x00, 0x00, 0x00, 0x00,
    0x00, 0x03, 0x00, 0x00, 0x00, 0x00, 0x00, 0x00, 0x00, 0x00, 0xbc, 0xff, 0xff, 0x42, 0x00, 0x00,
    0x00, 0x00, 0x00, 0x00, 0x00, 0x00, 0x00, 0x00, 0x00, 0xbf, 0xff, 0xc7, 0x00, 0x00, 0x00, 0x00,
    0x00, 0x00, 0x00, 0x00, 0x00, 0x00, 0x00, 0x00, 0x00, 0x06, 0xd3, 0xff, 0xf3, 0x09, 0x00, 0x00,
    0x00, 0x00, 0x61, 0xff, 0xff, 0x2f, 0x00, 0x00, 0x00, 0x00, 0x51, 0xff, 0xff, 0x75, 0x00, 0x00,
    0x00, 0x00, 0x00, 0x00, 0x00, 0x6b, 0xff, 0xff, 0x30, 0x00, 0x00, 0x00, 0x00, 0x00, 0x00, 0x00,
    0x00, 0x14, 0xff, 0xff, 0xd0, 0x00, 0x00, 0x00, 0x00, 0x00, 0x4c, 0xff, 0xff, 0x97, 0x00, 0x00,
    0x00, 0x00, 0x00, 0x00, 0x00, 0x00, 0x00, 0x00, 0x00, 0x1b, 0xe1, 0xff, 0x8c, 0x00, 0x00, 0x00,
    0x00, 0x00, 0x00, 0x00, 0x00, 0x00, 0xb5, 0xd6, 0xd6, 0x45, 0x00, 0x00, 0x00, 0x00, 0x00, 0x00,
    0x00, 0x00, 0x00, 0x00, 0x00, 0x00, 0x8e, 0xcf, 0xcf, 0x65, 0x00, 0x00, 0x00, 0x00, 0x00, 0x00,
    0x00, 0x00, 0x00, 0x00, 0x00, 0x00, 0x00, 0x00, 0x02, 0x49, 0xad, 0xfa, 0xff, 0xff, 0x68, 0x00,
    0x00, 0x00, 0x00, 0x00, 0x00, 0x00, 0x00, 0x00, 0x00, 0x00, 0x00, 0x00, 0x00, 0x00, 0x00, 0x00,
    0x00, 0xe4, 0xff, 0xff, 0xdf, 0x7d, 0x1b, 0x00, 0x00, 0x00, 0x00, 0x00, 0x00, 0x00, 0x00, 0x00,
    0x00, 0x00, 0x00, 0x00, 0x00, 0x00, 0x2c, 0x32, 0x22, 0x00, 0x00, 0x00, 0x00, 0x00, 0x00, 0x00,
    0x2b, 0xff, 0xae, 0x00, 0x00, 0x02, 0xca, 0xff, 0xef, 0x8a, 0x74, 0xe1, 0xfe, 0xff, 0xd2, 0x00,
    0x00, 0x76, 0xff, 0xfd, 0x14, 0x00, 0x00, 0x00, 0x00, 0x00, 0x00, 0x91, 0xff, 0xf2, 0x07, 0x00,
    0x00, 0x00, 0xe8, 0xff, 0xa4, 0x00, 0x00, 0x00, 0x00, 0x00, 0x07, 0xec, 0xff, 0xf9, 0x06, 0x00,
    0x00, 0x00, 0x05, 0xe0, 0xff, 0xc4, 0x0a, 0x00, 0x00, 0x00, 0x00, 0x00, 0x00, 0x10, 0x00, 0x00,
    0x00, 0x46, 0xff, 0xff, 0x47, 0x00, 0x00, 0x00, 0x00, 0x59, 0xfb, 0xff, 0x84, 0x00, 0x00, 0x00,
    0x00, 0x00, 0x85, 0xff, 0xff, 0x05, 0x00, 0x00, 0x00, 0x00, 0x00, 0x00, 0x00, 0x00, 0x00, 0x00,
    0x00, 0x00, 0x11, 0xff, 0xff, 0x7c, 0x00, 0x00, 0x00, 0x00, 0x00, 0x00, 0x00, 0x00, 0x00, 0x00,
    0x00, 0x00, 0x5c, 0xff, 0xff, 0x47, 0x00, 0x00, 0x00, 0x00, 0x00, 0x89, 0xff, 0xe4, 0x00, 0x00,
    0x00, 0x46, 0xff, 0xff, 0x47, 0x00, 0x00, 0x00, 0x00, 0x00, 0x00, 0xc2, 0xff, 0xca, 0x00, 0x00,
    0x00, 0x00, 0x00, 0x00, 0x00, 0x00, 0x88, 0xff, 0xff, 0x06, 0x00, 0x00, 0x00, 0x00, 0x00, 0x00,
    0x00, 0x55, 0x15, 0x00, 0x00, 0x00, 0x00, 0x00, 0x02, 0xdf, 0xff, 0xbc, 0x00, 0x00, 0x00, 0x00,
    0x00, 0x46, 0xff, 0xff, 0x47, 0x00, 0x00, 0x00, 0x00, 0x0d, 0xe1, 0xff, 0xef, 0x1c, 0x00, 0x00,
    0x00, 0x00, 0x4b, 0xff, 0xff, 0x42, 0x00, 0x00, 0x00, 0x00, 0x00, 0x00, 0x00, 0x00, 0x00, 0x00,
    0x00, 0xea, 0xff, 0x6c, 0x00, 0x00, 0x00, 0x00, 0x00, 0x00, 0x00, 0x00, 0xf1, 0xff, 0x68, 0x00,
    0x00, 0x40, 0xff, 0xff, 0x34, 0x00, 0x00, 0x00, 0x03, 0xe0, 0xff, 0xe7, 0xff, 0xc4, 0x00, 0x00,
    0x00, 0x00, 0x89, 0xff, 0xf1, 0x15, 0x00, 0x00, 0x00, 0x00, 0x84, 0xff, 0xf7, 0x12, 0x00, 0x00,
    0x00, 0x00, 0x85, 0xff, 0xff, 0x05, 0x00, 0x00, 0x00, 0x00, 0x00, 0x00, 0x00, 0x00, 0x00, 0x00,
    0x00, 0x00, 0x88, 0xff, 0xf1, 0x15, 0x00, 0x00, 0x00, 0x00, 0x84, 0xff, 0xfe, 0x2c, 0x00, 0x00,
    0x00, 0x33, 0xff, 0xff, 0x5a, 0x00, 0x00, 0x00, 0x00, 0x00, 0x03, 0xda, 0xff, 0xc5, 0x00, 0x00,
    0x00, 0x01, 0x38, 0x00, 0x00, 0x00, 0x00, 0x00, 0x00, 0x00, 0x43, 0xff, 0xff, 0x87, 0x00, 0x00,
    0x00, 0x00, 0x00, 0x00, 0x00, 0x00, 0x81, 0xff, 0xff, 0x0c, 0x00, 0x00, 0x00, 0x00, 0x00, 0x00,
    0x00, 0x00, 0xd7, 0xff, 0xaa, 0x00, 0x00, 0x00, 0x00, 0x00, 0x27, 0xff, 0xff, 0x5a, 0x00, 0x00,
    0x00, 0x00, 0x00, 0x00, 0x00, 0xce, 0xff, 0x64, 0xe2, 0xff, 0x53, 0x00, 0x00, 0x00, 0x00, 0x00,
    0x00, 0x00, 0xb7, 0xff, 0xf6, 0xf9, 0x08, 0x00, 0x00, 0x7e, 0xff, 0xf5, 0xff, 0x3b, 0x00, 0x00,
    0x00, 0x00, 0x8f, 0xff, 0xf8, 0x26, 0x00, 0x00, 0x00, 0x00, 0x72, 0xff, 0xfb, 0x2d, 0x00, 0x00,
    0x00, 0x00, 0x00, 0x00, 0x00, 0x00, 0x88, 0xff, 0xff, 0x06, 0x00, 0x00, 0x00, 0x00, 0x00, 0x00,
    0x00, 0x00, 0x18, 0xed, 0xff, 0x86, 0x00, 0x00, 0x00, 0x00, 0x00, 0x00, 0x00, 0x00, 0x00, 0x00,
    0x00, 0x00, 0x00, 0x00, 0x00, 0x2c, 0xff, 0xff, 0x24, 0x00, 0x00, 0x00, 0x00, 0x00, 0x00, 0x00,
    0x00, 0x00, 0x00, 0x00, 0x00, 0x00, 0x00, 0x00, 0x91, 0xff, 0xd2, 0x01, 0x00, 0x00, 0x00, 0x00,
    0x00, 0x00, 0x00, 0x00, 0x00, 0x00, 0x00, 0xa0, 0xff, 0xb0, 0x00, 0x00, 0x00, 0x00, 0x00, 0x00,
    0x00, 0x00, 0x00, 0x00, 0x00, 0x00, 0x00, 0x00, 0x00, 0x00, 0x00, 0x00, 0x00, 0x00, 0x00, 0x00,
    0x00, 0x00, 0x00, 0x00, 0x00, 0x00, 0x00, 0x00, 0x00, 0x00, 0x00, 0x00, 0x00, 0x00, 0x00, 0x00,
    0x00, 0x00, 0x00, 0x00, 0x00, 0x00, 0x00, 0x00, 0x00, 0x00, 0x00, 0x00, 0x00, 0x00, 0x00, 0x00,
    0x00, 0x38, 0xff, 0xff, 0x48, 0x00, 0x00, 0x00, 0x00, 0x01, 0xca, 0xff, 0xff, 0x53, 0x00, 0x00,
    0x00, 0x00, 0x92, 0xff, 0xff, 0x6a, 0x00, 0x00, 0x00, 0x00, 0x1d, 0xfd, 0xff, 0x67, 0x00, 0x00,
    0x00, 0x00, 0x03, 0xd0, 0xff, 0xce, 0x01, 0x00, 0x00, 0x00, 0x00, 0x00, 0x00, 0x03, 0x00, 0x00,
    0x00, 0x03, 0xdb, 0xff, 0xa4, 0x00, 0x00, 0x00, 0x00, 0x02, 0xdf, 0xff, 0xff, 0x1d, 0x00, 0x00,
    0x00, 0x00, 0xb9, 0xff, 0xc6, 0x01, 0x00, 0x00, 0x00, 0x00, 0x00, 0x00, 0x00, 0x00, 0x00, 0x00,
    0x00, 0x00, 0x00, 0x00, 0x00, 0x00, 0xc8, 0xff, 0x88, 0x00, 0x00, 0x00, 0x00, 0x00, 0x00, 0x00,
    0x00, 0x00, 0xc1, 0xff, 0xc3, 0x01, 0x00, 0x00, 0x00, 0x09, 0xea, 0xff, 0xff, 0x1d, 0x00, 0x00,
    0x00, 0x00, 0x8b, 0xff, 0xc4, 0x00, 0x00, 0x00, 0x00, 0x00, 0x1a, 0xff, 0xff, 0x3a, 0x00, 0x00,
    0x00, 0x00, 0x00, 0x00, 0x00, 0x00, 0x2b, 0xff, 0xff, 0x26, 0x00, 0x00, 0x00, 0x00, 0x00, 0x00,
    0x00, 0x00, 0x00, 0x00, 0x00, 0x00, 0x00, 0x73, 0xff, 0xdd, 0x00, 0x00, 0x00, 0x00, 0x00, 0x00,
    0x00, 0x00, 0x08, 0xff, 0xff, 0x5c, 0x00, 0x00, 0x00, 0x3a, 0xfb, 0xff, 0x91, 0x00, 0x00, 0x00,
    0x00, 0x00, 0x00, 0x00, 0x00, 0x10, 0xff, 0xff, 0x6d, 0x00, 0x00, 0x00, 0x00, 0x00, 0x00, 0x00,
    0x00, 0xa0, 0xff, 0x79, 0x00, 0x00, 0x3e, 0xff, 0xde, 0x00, 0x00, 0x00, 0xd4, 0xff, 0x48, 0x00,
    0x00, 0x00, 0x8b, 0xff, 0xc4, 0x00, 0x00, 0x00, 0x00, 0x00, 0x1a, 0xff, 0xff, 0x3a, 0x00, 0x00,
    0x00, 0x00, 0xb5, 0xff, 0xdd, 0x02, 0x00, 0x00, 0x00, 0x00, 0x5b, 0xff, 0xff, 0x3a, 0x00, 0x00,
    0x00, 0x00, 0x9b, 0xff, 0xff, 0x63, 0x00, 0x00, 0x00, 0x00, 0x25, 0xfe, 0xff, 0x61, 0x00, 0x00,
    0x00, 0x00, 0xbc, 0xff, 0xcd, 0x00, 0x00, 0x00, 0x00, 0x00, 0xb2, 0xff, 0xff, 0x46, 0x00, 0x00,
    0x00, 0x00, 0x00, 0x00, 0x71, 0xff, 0xe1, 0x00, 0x00, 0x00, 0x00, 0x00, 0x00, 0x00, 0x00, 0x00,
    0x00, 0x00, 0x00, 0x00, 0x00, 0x00, 0x00, 0x00, 0x00, 0x00, 0x97, 0xff, 0xd8, 0x00, 0x00, 0x00,
    0x00, 0x00, 0x00, 0x00, 0x00, 0x72, 0xff, 0xfa, 0x0e, 0x00, 0x00, 0x00, 0x00, 0x00, 0x00, 0x00,
    0x00, 0x00, 0x5a, 0xff, 0xff, 0x35, 0x00, 0x00, 0x00, 0x00, 0xc8, 0xff, 0xff, 0x3a, 0x00, 0x00,
    0x00, 0x00, 0x00, 0x00, 0x09, 0xf1, 0xff, 0x53, 0xd1, 0xff, 0x7e, 0x00, 0x00, 0x00, 0x00, 0x00,
    0x00, 0x00, 0x85, 0xff, 0xa0, 0xfa, 0x86, 0x00, 0x0b, 0xf8, 0x9c, 0xfd, 0xfc, 0x0d, 0x00, 0x00,
    0x00, 0x00, 0x00, 0x68, 0xff, 0xf9, 0x35, 0x00, 0x00, 0xac, 0xff, 0xdc, 0x0f, 0x00, 0x00, 0x00,
    0x00, 0x00, 0x00, 0x00, 0x00, 0x87, 0xff, 0xc8, 0xe3, 0xff, 0x67, 0x00, 0x00, 0x00, 0x00, 0x00,
    0x00, 0x00, 0x00, 0x5c, 0xff, 0xfd, 0x4b, 0x00, 0x00, 0x00, 0x00, 0x00, 0x00, 0x00, 0x00, 0x00,
    0x00, 0x00, 0x00, 0x00, 0x00, 0x00, 0x5e, 0xff, 0xfd, 0x04, 0x00, 0x00, 0x00, 0x00, 0x00, 0x00,
    0x00, 0x00, 0x00, 0x00, 0x00, 0x00, 0x54, 0xff, 0xd5, 0x00, 0x00, 0x00, 0x00, 0x00, 0x00, 0x00,
    0x00, 0x00, 0x00, 0x00, 0x00, 0x00, 0x7d, 0xff, 0xd8, 0x00, 0x00, 0x00, 0x00, 0x00, 0x00, 0x00,
    0x00, 0x00, 0x00, 0x00, 0x00, 0x00, 0x00, 0x00, 0x00, 0x00, 0x00, 0x00, 0x00, 0x00, 0x00, 0x00,
    0x00, 0x00, 0x00, 0x00, 0x00, 0x00, 0x00, 0x00, 0x00, 0x00, 0x00, 0x00, 0x00, 0x00, 0x00, 0x00,
    0x00, 0x00, 0x00, 0x00, 0x00, 0x00, 0x81, 0xff, 0xff, 0x0c, 0x00, 0x00, 0x00, 0x00, 0x00, 0x00,
    0x00, 0x00, 0x00, 0x00, 0x00, 0x00, 0x00, 0x00, 0x00, 0x00, 0x00, 0x00, 0x00, 0x00, 0x00, 0x00,
    0x00, 0x00, 0x68, 0xff, 0x98, 0x00, 0x00, 0x4e, 0xff, 0xb3, 0x00, 0x00, 0x00, 0x00, 0x00, 0x00,
    0x00, 0x00, 0x9b, 0xe0, 0x6d, 0x20, 0x01, 0x8c, 0xb5, 0x1f, 0x7d, 0xff, 0xff, 0x5a, 0x00, 0x00,
    0x00, 0x00, 0x00, 0x00, 0x00, 0x00, 0x00, 0x56, 0xff, 0x7a, 0x05, 0x02, 0x60, 0xff, 0x7a, 0x00,
    0x00, 0x53, 0xff, 0xff, 0xa0, 0x10, 0x00, 0x00, 0x00, 0x22, 0xc0, 0xff, 0xff, 0x84, 0x00, 0x00,
    0x00, 0x00, 0x00, 0x00, 0x00, 0x00, 0x00, 0x00, 0x00, 0x00, 0x00, 0x00, 0x00, 0x00, 0x00, 0x00,
    0x00, 0x00, 0x00, 0x00, 0x00, 0x00, 0xb0, 0xff, 0xa1, 0x00, 0x00, 0x00, 0x00, 0x00, 0x00, 0x00,
    0x00, 0x00, 0x00, 0x00, 0x00, 0x00, 0x22, 0xff, 0xff, 0x35, 0x00, 0x00, 0x00, 0x00, 0x00, 0x00,
    0x00, 0x00, 0x00, 0x00, 0x00, 0x00, 0x00, 0x00, 0x00, 0x00, 0x00, 0x00, 0x00, 0x00, 0x00, 0x00,
    0x00, 0x00, 0x00, 0x00, 0x00, 0x00, 0x4e, 0xff, 0xce, 0x00, 0x00, 0x00, 0x00, 0x00, 0x00, 0x00,
    0x00, 0x00, 0x00, 0x00, 0x00, 0x00, 0xae, 0xff, 0xff, 0x7d, 0x00, 0x00, 0x00, 0x00, 0x00, 0x00,
    0x00, 0x00, 0x00, 0x00, 0x00, 0x00, 0x00, 0x00, 0x00, 0x00, 0x00, 0x00, 0x00, 0x00, 0x00, 0x00,
    0x00, 0x00, 0x00, 0x00, 0x00, 0x00, 0xd8, 0xff, 0xff, 0x53, 0x00, 0x00, 0x00, 0x00, 0x00, 0x00,
    0x00, 0x00, 0x00, 0x6d, 0xff, 0xec, 0x0b, 0x00, 0x00, 0x00, 0x00, 0x00, 0x00, 0x00, 0x00, 0x00,
    0x00, 0x00, 0x06, 0xe9, 0xff, 0xda, 0x14, 0x00, 0x00, 0x6c, 0xff, 0xff, 0x71, 0x00, 0x00, 0x00,
    0x00, 0x00, 0x00, 0x15, 0x24, 0x24, 0x24, 0xb2, 0xff, 0xe2, 0x24, 0x24, 0x24, 0x1b, 0x00, 0x00,
    0x00, 0x04, 0xb8, 0xff, 0xf2, 0x46, 0x24, 0x24, 0x24, 0x24, 0x24, 0x24, 0x24, 0x0c, 0x00, 0x00,
    0x00, 0x46, 0xca, 0x65, 0x14, 0x00, 0x00, 0x09, 0x4b, 0x97, 0xfe, 0xff, 0xd3, 0x08, 0x00, 0x00,
    0x00, 0x00, 0x00, 0x00, 0x00, 0x00, 0x00, 0x00, 0x00, 0xbf, 0xff, 0xc7, 0x00, 0x00, 0x00, 0x00,
    0x00, 0x32, 0xbc, 0x54, 0x09, 0x00, 0x00, 0x00, 0x28, 0xbc, 0xff, 0xff, 0x6b, 0x00, 0x00, 0x00,
    0x00, 0x00, 0x0c, 0xf3, 0xff, 0xc7, 0x48, 0x01, 0x02, 0x4d, 0xcf, 0xff, 0xeb, 0x11, 0x00, 0x00,
    0x00, 0x00, 0x00, 0x00, 0x00, 0xd0, 0xff, 0xce, 0x00, 0x00, 0x00, 0x00, 0x00, 0x00, 0x00, 0x00,
    0x00, 0x00, 0xbe, 0xff, 0xff, 0x78, 0x18, 0x00, 0x02, 0x40, 0xc6, 0xff, 0xfd, 0x41, 0x00, 0x00,
    0x00, 0x00, 0x06, 0x81, 0x1a, 0x00, 0x00, 0x05, 0x3e, 0xe2, 0xff, 0xf9, 0x1d, 0x00, 0x00, 0x00,
    0x00, 0x00, 0x00, 0x00, 0x00, 0x00, 0xd8, 0xff, 0xff, 0x53, 0x00, 0x00, 0x00, 0x00, 0x00, 0x00,
    0x00, 0x00, 0x00, 0x00, 0x00, 0x00, 0xae, 0xff, 0xff, 0x7d, 0x00, 0x00, 0x00, 0x00, 0x00, 0x00,
    0x00, 0x00, 0x00, 0x00, 0x00, 0x00, 0x00, 0x00, 0x00, 0x00, 0x00, 0x18, 0x78, 0xdc, 0x68, 0x00,
    0x00, 0x00, 0x00, 0x00, 0x00, 0x00, 0x00, 0x00, 0x00, 0x00, 0x00, 0x00, 0x00, 0x00, 0x00, 0x00,
    0x00, 0xde, 0xac, 0x47, 0x02, 0x00, 0x00, 0x00, 0x00, 0x00, 0x00, 0x00, 0x00, 0x00, 0x00, 0x00,
    0x00, 0x00, 0x00, 0x00, 0x00, 0x00, 0xde, 0xff, 0xae, 0x00, 0x00, 0x00, 0x00, 0x00, 0x00, 0x00,
    0x08, 0xf6, 0xf5, 0x1b, 0x00, 0x00, 0x1b, 0xc3, 0xff, 0xff, 0xff, 0xfc, 0x63, 0xfc, 0xd2, 0x00,
    0x00, 0xc4, 0xff, 0xc9, 0x00, 0x00, 0x00, 0x00, 0x00, 0x00, 0x00, 0x49, 0xff, 0xff, 0x49, 0x00,
    0x00, 0x00, 0xe8, 0xff, 0xac, 0x17, 0x17, 0x18, 0x2d, 0x50, 0xba, 0xff, 0xff, 0x90, 0x00, 0x00,
    0x00, 0x00, 0x00, 0x66, 0xff, 0xff, 0xc4, 0x1e, 0x00, 0x00, 0x00, 0x25, 0xae, 0x80, 0x00, 0x00,
    0x00, 0x46, 0xff, 0xff, 0x57, 0x1c, 0x3c, 0x61, 0xaf, 0xff, 0xff, 0xe4, 0x10, 0x00, 0x00, 0x00,
    0x00, 0x00, 0x85, 0xff, 0xff, 0x28, 0x24, 0x24, 0x24, 0x24, 0x24, 0x24, 0x24, 0x1f, 0x00, 0x00,
    0x00, 0x00, 0x11, 0xff, 0xff, 0x7c, 0x00, 0x00, 0x00, 0x00, 0x00, 0x00, 0x00, 0x00, 0x00, 0x00,
    0x00, 0x00, 0x04, 0xd9, 0xff, 0xf8, 0x5b, 0x05, 0x00, 0x00, 0x10, 0xb6, 0xff, 0xe4, 0x00, 0x00,
    0x00, 0x46, 0xff, 0xff, 0x47, 0x00, 0x00, 0x00, 0x00, 0x00, 0x00, 0xc2, 0xff, 0xca, 0x00, 0x00,
    0x00, 0x00, 0x11, 0x24, 0x24, 0x24, 0x98, 0xff, 0xff, 0x28, 0x24, 0x24, 0x22, 0x00, 0x00, 0x00,
    0x00, 0xa0, 0xeb, 0x5f, 0x0e, 0x00, 0x00, 0x01, 0x79, 0xff, 0xff, 0x65, 0x00, 0x00, 0x00, 0x00,
    0x00, 0x46, 0xff, 0xff, 0x47, 0x00, 0x00, 0x00, 0x00, 0x00, 0x48, 0xff, 0xff, 0xb7, 0x01, 0x00,
    0x00, 0x00, 0x4b, 0xff, 0xff, 0x5d, 0x24, 0x24, 0x24, 0x24, 0x24, 0x24, 0x24, 0x24, 0x0c, 0x00,
    0x00, 0xea, 0xff, 0x6c, 0x00, 0x00, 0x00, 0x00, 0x00, 0x00, 0x00, 0x00, 0xf1, 0xff, 0x68, 0x00,
    0x00, 0x40, 0xff, 0xff, 0x34, 0x00, 0x00, 0x00, 0x00, 0x7a, 0xff, 0xff, 0xff, 0xc4, 0x00, 0x00,
    0x00, 0x00, 0x28, 0xfe, 0xff, 0xc3, 0x0e, 0x00, 0x00, 0x51, 0xfc, 0xff, 0xa7, 0x00, 0x00, 0x00,
    0x00, 0x00, 0x85, 0xff, 0xff, 0x05, 0x00, 0x00, 0x00, 0x00, 0x00, 0x00, 0x00, 0x00, 0x00, 0x00,
    0x00, 0x00, 0x27, 0xfe, 0xff, 0xc3, 0x0e, 0x00, 0x00, 0x51, 0xfc, 0xff, 0xa9, 0x00, 0x00, 0x00,
    0x00, 0x33, 0xff, 0xff, 0x5a, 0x00, 0x00, 0x00, 0x00, 0x00, 0x00, 0x65, 0xff, 0xff, 0x45, 0x00,
    0x00, 0x03, 0xff, 0xba, 0x3f, 0x05, 0x00, 0x00, 0x0e, 0x52, 0xcc, 0xff, 0xfb, 0x35, 0x00, 0x00,
    0x00, 0x00, 0x00, 0x00, 0x00, 0x00, 0x81, 0xff, 0xff, 0x0c, 0x00, 0x00, 0x00, 0x00, 0x00, 0x00,
    0x00, 0x00, 0x67, 0xff, 0xff, 0x78, 0x02, 0x00, 0x00, 0x1f, 0xd8, 0xff, 0xdf, 0x0a, 0x00, 0x00,
    0x00, 0x00, 0x00, 0x00, 0x00, 0x83, 0xff, 0xcd, 0xff, 0xf9, 0x0e, 0x00, 0x00, 0x00, 0x00, 0x00,
    0x00, 0x00, 0x91, 0xff, 0xff, 0xc7, 0x00, 0x00, 0x00, 0x44, 0xff, 0xff, 0xff, 0x15, 0x00, 0x00,
    0x00, 0x34, 0xfc, 0xff, 0x81, 0x00, 0x00, 0x00, 0x00, 0x00, 0x06, 0xda, 0xff, 0xc2, 0x01, 0x00,
    0x00, 0x00, 0x00, 0x00, 0x00, 0x00, 0x88, 0xff, 0xff, 0x06, 0x00, 0x00, 0x00, 0x00, 0x00, 0x00,
    0x00, 0x00, 0xab, 0xff, 0xe3, 0x2b, 0x24, 0x24, 0x24, 0x24, 0x24, 0x24, 0x24, 0x24, 0x19, 0x00,
    0x00, 0x00, 0x00, 0x00, 0x00, 0x2c, 0xff, 0xff, 0x24, 0x00, 0x00, 0x00, 0x00, 0x00, 0x00, 0x00,
    0x00, 0x00, 0x00, 0x00, 0x00, 0x00, 0x00, 0x00, 0x1e, 0xfa, 0xff, 0x4b, 0x00, 0x00, 0x00, 0x00,
    0x00, 0x00, 0x00, 0x00, 0x00, 0x00, 0x00, 0xa0, 0xff, 0xb0, 0x00, 0x00, 0x00, 0x00, 0x00, 0x00,
    0x00, 0x00, 0x00, 0x00, 0x00, 0x00, 0x00, 0x00, 0x00, 0x00, 0x00, 0x00, 0x00, 0x00, 0x00, 0x00,
    0x00, 0x00, 0x00, 0x00, 0x00, 0x00, 0x00, 0x00, 0x00, 0x00, 0x00, 0x00, 0x00, 0x00, 0x00, 0x00,
    0x00, 0x00, 0x00, 0x00, 0x00, 0x00, 0x00, 0x00, 0x00, 0x00, 0x00, 0x00, 0x00, 0x00, 0x00, 0x00,
    0x00, 0x0d, 0xf9, 0xff, 0xb6, 0x0f, 0x00, 0x00, 0x08, 0x99, 0xfe, 0xff, 0xff, 0x53, 0x00, 0x00,
    0x00, 0x00, 0x92, 0xff, 0xff, 0xeb, 0x31, 0x00, 0x00, 0x0b, 0xbe, 0xff, 0xe7, 0x08, 0x00, 0x00,
    0x00, 0x00, 0x00, 0x3e, 0xfe, 0xff, 0xae, 0x11, 0x00, 0x00, 0x00, 0x0b, 0x90, 0x57, 0x00, 0x00,
    0x00, 0x00, 0x67, 0xff, 0xfb, 0x58, 0x00, 0x00, 0x01, 0x93, 0xff, 0xff, 0xff, 0x1d, 0x00, 0x00,
    0x00, 0x00, 0x28, 0xf9, 0xff, 0xa4, 0x13, 0x00, 0x00, 0x00, 0x00, 0x36, 0x9f, 0x6b, 0x00, 0x00,
    0x00, 0x00, 0x00, 0x00, 0x00, 0x00, 0xc8, 0xff, 0x88, 0x00, 0x00, 0x00, 0x00, 0x00, 0x00, 0x00,
    0x00, 0x00, 0x47, 0xff, 0xff, 0x9c, 0x0f, 0x00, 0x14, 0xb9, 0xf9, 0xff, 0xff, 0x1d, 0x00, 0x00,
    0x00, 0x00, 0x8b, 0xff, 0xc4, 0x00, 0x00, 0x00, 0x00, 0x00, 0x1a, 0xff, 0xff, 0x3a, 0x00, 0x00,
    0x00, 0x00, 0x00, 0x00, 0x00, 0x00, 0x2b, 0xff, 0xff, 0x26, 0x00, 0x00, 0x00, 0x00, 0x00, 0x00,
    0x00, 0x00, 0x00, 0x00, 0x00, 0x00, 0x00, 0x73, 0xff, 0xdd, 0x00, 0x00, 0x00, 0x00, 0x00, 0x00,
    0x00, 0x00, 0x08, 0xff, 0xff, 0x5c, 0x00, 0x00, 0x00, 0x00, 0x7f, 0xff, 0xfe, 0x4d, 0x00, 0x00,
    0x00, 0x00, 0x00, 0x00, 0x00, 0x00, 0xc1, 0xff, 0xdc, 0x57, 0x03, 0x00, 0x00, 0x00, 0x00, 0x00,
    0x00, 0xa0, 0xff, 0x79, 0x00, 0x00, 0x3e, 0xff, 0xde, 0x00, 0x00, 0x00, 0xd4, 0xff, 0x48, 0x00,
    0x00, 0x00, 0x8b, 0xff, 0xc4, 0x00, 0x00, 0x00, 0x00, 0x00, 0x1a, 0xff, 0xff, 0x3a, 0x00, 0x00,
    0x00, 0x00, 0x37, 0xff, 0xff, 0x96, 0x02, 0x00, 0x00, 0x2e, 0xe6, 0xff, 0xbb, 0x00, 0x00, 0x00,
    0x00, 0x00, 0x9b, 0xff, 0xff, 0xe8, 0x2d, 0x00, 0x00, 0x0e, 0xc4, 0xff, 0xe3, 0x06, 0x00, 0x00,
    0x00, 0x00, 0x45, 0xff, 0xff, 0x74, 0x00, 0x00, 0x00, 0x5d, 0xfc, 0xff, 0xff, 0x46, 0x00, 0x00,
    0x00, 0x00, 0x00, 0x00, 0x71, 0xff, 0xe1, 0x00, 0x00, 0x00, 0x00, 0x00, 0x00, 0x00, 0x00, 0x00,
    0x00, 0x00, 0x45, 0x92, 0x2b, 0x00, 0x00, 0x00, 0x00, 0x2a, 0xf8, 0xff, 0xa2, 0x00, 0x00, 0x00,
    0x00, 0x00, 0x00, 0x00, 0x00, 0x47, 0xff, 0xff, 0x87, 0x1d, 0x00, 0x00, 0x00, 0x00, 0x00, 0x00,
    0x00, 0x00, 0x24, 0xfd, 0xff, 0xa5, 0x1b, 0x00, 0x1d, 0x8d, 0xfa, 0xff, 0xff, 0x3a, 0x00, 0x00,
    0x00, 0x00, 0x00, 0x00, 0x00, 0x9f, 0xff, 0xcf, 0xff, 0xfe, 0x24, 0x00, 0x00, 0x00, 0x00, 0x00,
    0x00, 0x00, 0x49, 0xff, 0xfa, 0xff, 0x3c, 0x00, 0x00, 0xb9, 0xfa, 0xff, 0xcd, 0x00, 0x00, 0x00,
    0x00, 0x00, 0x31, 0xf7, 0xff, 0x75, 0x00, 0x00, 0x00, 0x11, 0xe0, 0xff, 0xac, 0x00, 0x00, 0x00,
    0x00, 0x00, 0x00, 0x00, 0x00, 0x24, 0xfe, 0xff, 0xff, 0xf6, 0x10, 0x00, 0x00, 0x00, 0x00, 0x00,
    0x00, 0x00, 0x2f, 0xf6, 0xff, 0x7c, 0x00, 0x00, 0x00, 0x00, 0x00, 0x00, 0x00, 0x00, 0x00, 0x00,
    0x00, 0x00, 0x00, 0x00, 0x00, 0x00, 0x54, 0xff, 0xff, 0x06, 0x00, 0x00, 0x00, 0x00, 0x00, 0x00,
    0x00, 0x00, 0x00, 0x00, 0x00, 0x00, 0x54, 0xff, 0xd5, 0x00, 0x00, 0x00, 0x00, 0x00, 0x00, 0x00,
    0x00, 0x00, 0x00, 0x00, 0x00, 0x00, 0x81, 0xff, 0xce, 0x00, 0x00, 0x00, 0x00, 0x00, 0x00, 0x00,
    0x00, 0x00, 0x00, 0x00, 0x00, 0x00, 0x00, 0x00, 0x00, 0x00, 0x00, 0x00, 0x00, 0x00, 0x00, 0x00,
    0x00, 0x00, 0x00, 0x00, 0x00, 0x00, 0x00, 0x00, 0x00, 0x00, 0x00, 0x00, 0x00, 0x00, 0x00, 0x00,
    0x00, 0x00, 0x00, 0x00, 0x00, 0x00, 0x81, 0xff, 0xff, 0x0c, 0x00, 0x00, 0x00, 0x00, 0x00, 0x00,
    0x00, 0x00, 0x00, 0x00, 0x00, 0x00, 0x00, 0x00, 0x00, 0x00, 0x00, 0x00, 0x00, 0x00, 0x00, 0x00,
    0x00, 0x00, 0xa8, 0xff, 0x58, 0x00, 0x00, 0x8f, 0xff, 0x73, 0x00, 0x00, 0x00, 0x00, 0x00, 0x00,
    0x00, 0x00, 0x91, 0xff, 0xff, 0xff, 0xf2, 0xeb, 0xf7, 0xfe, 0xff, 0xfc, 0x84, 0x00, 0x00, 0x00,
    0x00, 0x00, 0x00, 0x00, 0x00, 0x00, 0x00, 0x06, 0xe3, 0xff, 0xe7, 0xde, 0xff, 0xf1, 0x17, 0x00,
    0x00, 0x00, 0x96, 0xff, 0xff, 0xee, 0xba, 0x9c, 0xc0, 0xfd, 0xff, 0xd5, 0xff, 0xfd, 0x43, 0x00,
    0x00, 0x00, 0x00, 0x00, 0x00, 0x00, 0x00, 0x00, 0x00, 0x00, 0x00, 0x00, 0x00, 0x00, 0x00, 0x00,
    0x00, 0x00, 0x00, 0x00, 0x00, 0x00, 0x41, 0xff, 0xf2, 0x0e, 0x00, 0x00, 0x00, 0x00, 0x00, 0x00,
    0x00, 0x00, 0x00, 0x00, 0x00, 0x00, 0x82, 0xff, 0xc6, 0x00, 0x00, 0x00, 0x00, 0x00, 0x00, 0x00,
    0x00, 0x00, 0x00, 0x00, 0x00, 0x00, 0x00, 0x00, 0x00, 0x00, 0x00, 0x00, 0x00, 0x00, 0x00, 0x00,
    0x00, 0x00, 0x00, 0x00, 0x00, 0x00, 0x2d, 0x93, 0x77, 0x00, 0x00, 0x00, 0x00, 0x00, 0x00, 0x00,
    0x00, 0x00, 0x00, 0x00, 0x00, 0x00, 0xb0, 0xff, 0xff, 0x7a, 0x00, 0x00, 0x00, 0x00, 0x00, 0x00,
    0x00, 0x00, 0x00, 0x00, 0x00, 0x00, 0x00, 0x00, 0x00, 0x00, 0x00, 0x00, 0x00, 0x00, 0x00, 0x00,
    0x00, 0x00, 0x00, 0x00, 0x00, 0x00, 0xd8, 0xff, 0xff, 0x53, 0x00, 0x00, 0x00, 0x00, 0x00, 0x00,
    0x00, 0x00, 0x05, 0xe0, 0xff, 0x81, 0x00, 0x00, 0x00, 0x00, 0x00, 0x00, 0x00, 0x00, 0x00, 0x00,
    0x00, 0x00, 0x00, 0x3a, 0xf0, 0xff, 0xf9, 0xbe, 0xe0, 0xff, 0xff, 0xa8, 0x04, 0x00, 0x00, 0x00,
    0x00, 0x00, 0x00, 0x9a, 0xff, 0xff, 0xff, 0xff, 0xff, 0xff, 0xff, 0xff, 0xff, 0xc4, 0x00, 0x00,
    0x00, 0x16, 0xff, 0xff, 0xff, 0xff, 0xff, 0xff, 0xff, 0xff, 0xff, 0xff, 0xff, 0x53, 0x00, 0x00,
    0x00, 0x46, 0xff, 0xff, 0xff, 0xef, 0xd1, 0xf6, 0xff, 0xff, 0xff, 0xf3, 0x2a, 0x00, 0x00, 0x00,
    0x00, 0x00, 0x00, 0x00, 0x00, 0x00, 0x00, 0x00, 0x00, 0xbf, 0xff, 0xc7, 0x00, 0x00, 0x00, 0x00,
    0x00, 0x33, 0xff, 0xff, 0xfe, 0xe6, 0xce, 0xeb, 0xff, 0xff, 0xff, 0xb0, 0x01, 0x00, 0x00, 0x00,
    0x00, 0x00, 0x00, 0x4f, 0xf6, 0xff, 0xff, 0xd2, 0xdb, 0xff, 0xff, 0xfd, 0x61, 0x00, 0x00, 0x00,
    0x00, 0x00, 0x00, 0x00, 0x35, 0xff, 0xff, 0x6d, 0x00, 0x00, 0x00, 0x00, 0x00, 0x00, 0x00, 0x00,
    0x00, 0x00, 0x1e, 0xee, 0xff, 0xff, 0xfb, 0xbc, 0xe2, 0xff, 0xff, 0xff, 0x8c, 0x00, 0x00, 0x00,
    0x00, 0x00, 0x08, 0xff, 0xfe, 0xe7, 0xd0, 0xf6, 0xff, 0xff, 0xec, 0x40, 0x00, 0x00, 0x00, 0x00,
    0x00, 0x00, 0x00, 0x00, 0x00, 0x00, 0xd8, 0xff, 0xff, 0x53, 0x00, 0x00, 0x00, 0x00, 0x00, 0x00,
    0x00, 0x00, 0x00, 0x00, 0x00, 0x00, 0xb0, 0xff, 0xff, 0x7a, 0x00, 0x00, 0x00, 0x00, 0x00, 0x00,
    0x00, 0x00, 0x00, 0x00, 0x00, 0x00, 0x00, 0x00, 0x00, 0x00, 0x00, 0x00, 0x00, 0x01, 0x0f, 0x00,
    0x00, 0x00, 0x00, 0x00, 0x00, 0x00, 0x00, 0x00, 0x00, 0x00, 0x00, 0x00, 0x00, 0x00, 0x00, 0x00,
    0x00, 0x10, 0x00, 0x00, 0x00, 0x00, 0x00, 0x00, 0x00, 0x00, 0x00, 0x00, 0x00, 0x00, 0x00, 0x00,
    0x00, 0x00, 0x00, 0x00, 0x00, 0x00, 0xde, 0xff, 0xae, 0x00, 0x00, 0x00, 0x00, 0x00, 0x00, 0x00,
    0x00, 0x82, 0xff, 0x9b, 0x00, 0x00, 0x00, 0x04, 0x45, 0x79, 0x68, 0x28, 0x00, 0x4c, 0x3f, 0x00,
    0x16, 0xfc, 0xff, 0x83, 0x00, 0x00, 0x00, 0x00, 0x00, 0x00, 0x00, 0x0a, 0xf6, 0xff, 0x97, 0x00,
    0x00, 0x00, 0xe8, 0xff, 0xff, 0xff, 0xff, 0xff, 0xff, 0xff, 0xff, 0xff, 0xb5, 0x05, 0x00, 0x00,
    0x00, 0x00, 0x00, 0x00, 0x6b, 0xfa, 0xff, 0xff, 0xe2, 0xc0, 0xe9, 0xff, 0xff, 0x80, 0x00, 0x00,
    0x00, 0x46, 0xff, 0xff, 0xff, 0xff, 0xff, 0xff, 0xff, 0xff, 0xa0, 0x11, 0x00, 0x00, 0x00, 0x00,
    0x00, 0x00, 0x85, 0xff, 0xff, 0xff, 0xff, 0xff, 0xff, 0xff, 0xff, 0xff, 0xff, 0xdd, 0x00, 0x00,
    0x00, 0x00, 0x11, 0xff, 0xff, 0x7c, 0x00, 0x00, 0x00, 0x00, 0x00, 0x00, 0x00, 0x00, 0x00, 0x00,
    0x00, 0x00, 0x00, 0x19, 0xc5, 0xff, 0xff, 0xf6, 0xc6, 0xc8, 0xf2, 0xff, 0xff, 0xa6, 0x00, 0x00,
    0x00, 0x46, 0xff, 0xff, 0x47, 0x00, 0x00, 0x00, 0x00, 0x00, 0x00, 0xc2, 0xff, 0xca, 0x00, 0x00,
    0x00, 0x00, 0x78, 0xff, 0xff, 0xff, 0xff, 0xff, 0xff, 0xff, 0xff, 0xff, 0xf5, 0x00, 0x00, 0x00,
    0x00, 0xa0, 0xff, 0xff, 0xfd, 0xd9, 0xbe, 0xe4, 0xff, 0xff, 0xdd, 0x05, 0x00, 0x00, 0x00, 0x00,
    0x00, 0x46, 0xff, 0xff, 0x47, 0x00, 0x00, 0x00, 0x00, 0x00, 0x00, 0xa1, 0xff, 0xff, 0x66, 0x00,
    0x00, 0x00, 0x4b, 0xff, 0xff, 0xff, 0xff, 0xff, 0xff, 0xff, 0xff, 0xff, 0xff, 0xff, 0x55, 0x00,
    0x00, 0xea, 0xff, 0x6c, 0x00, 0x00, 0x00, 0x00, 0x00, 0x00, 0x00, 0x00, 0xf1, 0xff, 0x68, 0x00,
    0x00, 0x40, 0xff, 0xff, 0x34, 0x00, 0x00, 0x00, 0x00, 0x17, 0xf9, 0xff, 0xff, 0xc4, 0x00, 0x00,
    0x00, 0x00, 0x00, 0x67, 0xfc, 0xff, 0xfa, 0xc8, 0xe4, 0xff, 0xff, 0xcd, 0x16, 0x00, 0x00, 0x00,
    0x00, 0x00, 0x85, 0xff, 0xff, 0x05, 0x00, 0x00, 0x00, 0x00, 0x00, 0x00, 0x00, 0x00, 0x00, 0x00,
    0x00, 0x00, 0x00, 0x65, 0xfc, 0xff, 0xfa, 0xc8, 0xe4, 0xff, 0xff, 0xe4, 0x20, 0x00, 0x00, 0x00,
    0x00, 0x33, 0xff, 0xff, 0x5a, 0x00, 0x00, 0x00, 0x00, 0x00, 0x00, 0x07, 0xe5, 0xff, 0xc4, 0x00,
    0x00, 0x03, 0xff, 0xff, 0xff, 0xfa, 0xd5, 0xc5, 0xfa, 0xff, 0xff, 0xff, 0x7b, 0x00, 0x00, 0x00,
    0x00, 0x00, 0x00, 0x00, 0x00, 0x00, 0x81, 0xff, 0xff, 0x0c, 0x00, 0x00, 0x00, 0x00, 0x00, 0x00,
    0x00, 0x00, 0x02, 0xc6, 0xff, 0xff, 0xf1, 0xc3, 0xd9, 0xfe, 0xff, 0xfe, 0x4b, 0x00, 0x00, 0x00,
    0x00, 0x00, 0x00, 0x00, 0x00, 0x39, 0xff, 0xff, 0xff, 0xbc, 0x00, 0x00, 0x00, 0x00, 0x00, 0x00,
    0x00, 0x00, 0x6b, 0xff, 0xff, 0x8d, 0x00, 0x00, 0x00, 0x0d, 0xfc, 0xff, 0xee, 0x00, 0x00, 0x00,
    0x04, 0xce, 0xff, 0xdb, 0x08, 0x00, 0x00, 0x00, 0x00, 0x00, 0x00, 0x4e, 0xff, 0xff, 0x5e, 0x00,
    0x00, 0x00, 0x00, 0x00, 0x00, 0x00, 0x88, 0xff, 0xff, 0x06, 0x00, 0x00, 0x00, 0x00, 0x00, 0x00,
    0x00, 0x09, 0xff, 0xff, 0xff, 0xff, 0xff, 0xff, 0xff, 0xff, 0xff, 0xff, 0xff, 0xff, 0xb5, 0x00,
    0x00, 0x00, 0x00, 0x00, 0x00, 0x2c, 0xff, 0xff, 0x24, 0x00, 0x00, 0x00, 0x00, 0x00, 0x00, 0x00,
    0x00, 0x00, 0x00, 0x00, 0x00, 0x00, 0x00, 0x00, 0x00, 0xa1, 0xff, 0xc2, 0x00, 0x00, 0x00, 0x00,
    0x00, 0x00, 0x00, 0x00, 0x00, 0x00, 0x00, 0xa0, 0xff, 0xb0, 0x00, 0x00, 0x00, 0x00, 0x00, 0x00,
    0x00, 0x00, 0x00, 0x00, 0x00, 0x00, 0x00, 0x00, 0x00, 0x00, 0x00, 0x00, 0x00, 0x00, 0x00, 0x00,
    0x00, 0x00, 0x00, 0x00, 0x00, 0x00, 0x00, 0x00, 0x00, 0x00, 0x00, 0x00, 0x00, 0x00, 0x00, 0x00,
    0x00, 0x00, 0x00, 0x00, 0x00, 0x00, 0x00, 0x00, 0x00, 0x00, 0x00, 0x00, 0x00, 0x00, 0x00, 0x00,
    0x00, 0x00, 0x7c, 0xff, 0xff, 0xf8, 0xb3, 0xb1, 0xe6, 0xfe, 0x69, 0xff, 0xff, 0x53, 0x00, 0x00,
    0x00, 0x00, 0x92, 0xff, 0xd5, 0xdf, 0xf7, 0xc0, 0xae, 0xe9, 0xff, 0xfb, 0x5a, 0x00, 0x00, 0x00,
    0x00, 0x00, 0x00, 0x00, 0x80, 0xfc, 0xff, 0xf2, 0xc3, 0xa4, 0xc7, 0xf2, 0xff, 0x5a, 0x00, 0x00,
    0x00, 0x00, 0x08, 0xc6, 0xff, 0xfd, 0xcd, 0xa8, 0xdd, 0xff, 0xb5, 0xff, 0xff, 0x1d, 0x00, 0x00,
    0x00, 0x00, 0x00, 0x69, 0xf8, 0xff, 0xf2, 0xc4, 0xa3, 0xbd, 0xe4, 0xff, 0xff, 0x73, 0x00, 0x00,
    0x00, 0x00, 0x00, 0x00, 0x00, 0x00, 0xc8, 0xff, 0x88, 0x00, 0x00, 0x00, 0x00, 0x00, 0x00, 0x00,
    0x00, 0x00, 0x00, 0x89, 0xff, 0xff, 0xfd, 0xe1, 0xfd, 0xf4, 0x68, 0xff, 0xff, 0x1d, 0x00, 0x00,
    0x00, 0x00, 0x8b, 0xff, 0xc4, 0x00, 0x00, 0x00, 0x00, 0x00, 0x1a, 0xff, 0xff, 0x3a, 0x00, 0x00,
    0x00, 0x00, 0x9b, 0xcc, 0xcc, 0xcc, 0xd4, 0xff, 0xff, 0xd3, 0xcc, 0xcc, 0xcc, 0x97, 0x00, 0x00,
    0x00, 0x00, 0x00, 0x00, 0x00, 0x00, 0x00, 0x73, 0xff, 0xdd, 0x00, 0x00, 0x00, 0x00, 0x00, 0x00,
    0x00, 0x00, 0x08, 0xff, 0xff, 0x5c, 0x00, 0x00, 0x00, 0x00, 0x03, 0xc3, 0xff, 0xeb, 0x1b, 0x00,
    0x00, 0x00, 0x00, 0x00, 0x00, 0x00, 0x38, 0xf6, 0xff, 0xff, 0xf8, 0xf6, 0xf6, 0x03, 0x00, 0x00,
    0x00, 0xa0, 0xff, 0x79, 0x00, 0x00, 0x3e, 0xff, 0xde, 0x00, 0x00, 0x00, 0xd4, 0xff, 0x48, 0x00,
    0x00, 0x00, 0x8b, 0xff, 0xc4, 0x00, 0x00, 0x00, 0x00, 0x00, 0x1a, 0xff, 0xff, 0x3a, 0x00, 0x00,
    0x00, 0x00, 0x00, 0x9a, 0xff, 0xff, 0xe1, 0xaa, 0xc3, 0xf7, 0xff, 0xeb, 0x32, 0x00, 0x00, 0x00,
    0x00, 0x00, 0x9b, 0xff, 0xd2, 0xe4, 0xf6, 0xbf, 0xaf, 0xea, 0xff, 0xfa, 0x57, 0x00, 0x00, 0x00,
    0x00, 0x00, 0x00, 0xb1, 0xff, 0xff, 0xcb, 0x9b, 0xc4, 0xfd, 0xbb, 0xff, 0xff, 0x46, 0x00, 0x00,
    0x00, 0x00, 0x00, 0x00, 0x71, 0xff, 0xe1, 0x00, 0x00, 0x00, 0x00, 0x00, 0x00, 0x00, 0x00, 0x00,
    0x00, 0x00, 0x52, 0xff, 0xff, 0xda, 0xb4, 0xa1, 0xdb, 0xff, 0xff, 0xe9, 0x1d, 0x00, 0x00, 0x00,
    0x00, 0x00, 0x00, 0x00, 0x00, 0x01, 0xc5, 0xff, 0xff, 0xfe, 0xde, 0xd9, 0xd6, 0x00, 0x00, 0x00,
    0x00, 0x00, 0x00, 0xb0, 0xff, 0xff, 0xfa, 0xc2, 0xfa, 0xfd, 0x72, 0xff, 0xff, 0x3a, 0x00, 0x00,
    0x00, 0x00, 0x00, 0x00, 0x00, 0x44, 0xff, 0xff, 0xff, 0xc7, 0x00, 0x00, 0x00, 0x00, 0x00, 0x00,
    0x00, 0x00, 0x10, 0xfd, 0xff, 0xee, 0x04, 0x00, 0x00, 0x6e, 0xff, 0xff, 0x91, 0x00, 0x00, 0x00,
    0x00, 0x0e, 0xdb, 0xff, 0xb8, 0x02, 0x00, 0x00, 0x00, 0x00, 0x3b, 0xfb, 0xff, 0x6e, 0x00, 0x00,
    0x00, 0x00, 0x00, 0x00, 0x00, 0x00, 0xbd, 0xff, 0xff, 0xa5, 0x00, 0x00, 0x00, 0x00, 0x00, 0x00,
    0x00, 0x00, 0x72, 0xff, 0xff, 0xe4, 0xe2, 0xe2, 0xe2, 0xe2, 0xe2, 0xe2, 0xe2, 0x14, 0x00, 0x00,
    0x00, 0x00, 0x00, 0x00, 0x00, 0x00, 0x54, 0xff, 0xff, 0x06, 0x00, 0x00, 0x00, 0x00, 0x00, 0x00,
    0x00, 0x00, 0x00, 0x00, 0x00, 0x00, 0x54, 0xff, 0xd5, 0x00, 0x00, 0x00, 0x00, 0x00, 0x00, 0x00,
    0x00, 0x00, 0x00, 0x00, 0x00, 0x00, 0x81, 0xff, 0xce, 0x00, 0x00, 0x00, 0x00, 0x00, 0x00, 0x00,
    0x00, 0x00, 0x00, 0x00, 0x00, 0x00, 0x00, 0x00, 0x00, 0x00, 0x00, 0x00, 0x00, 0x00, 0x00, 0x00,
    0x00, 0x00, 0x00, 0x00, 0x00, 0x00, 0x00, 0x00, 0x00, 0x00, 0x00, 0x00, 0x00, 0x00, 0x00, 0x00,
    0x00, 0x00, 0x00, 0x00, 0x00, 0x00, 0x81, 0xff, 0xff, 0x0c, 0x00, 0x00, 0x00, 0x00, 0x00, 0x00,
    0x00, 0x00, 0x00, 0x00, 0x00, 0x00, 0x00, 0x00, 0x00, 0x00, 0x00, 0x00, 0x00, 0x00, 0x00, 0x00,
    0x00, 0x01, 0xe8, 0xfe, 0x18, 0x00, 0x00, 0xcf, 0xff, 0x33, 0x00, 0x00, 0x00, 0x00, 0x00, 0x00,
    0x00, 0x00, 0x01, 0x33, 0x85, 0xbb, 0xde, 0xfc, 0xfb, 0xd3, 0xa1, 0x32, 0x00, 0x00, 0x00, 0x00,
    0x00, 0x00, 0x00, 0x00, 0x00, 0x00, 0x00, 0x00, 0x0a, 0x5f, 0xc6, 0xd1, 0x69, 0x0e, 0x00, 0x00,
    0x00, 0x00, 0x00, 0x50, 0xe1, 0xff, 0xff, 0xff, 0xff, 0xe0, 0x57, 0x01, 0xac, 0xff, 0xe7, 0x17,
    0x00, 0x00, 0x00, 0x00, 0x00, 0x00, 0x00, 0x00, 0x00, 0x00, 0x00, 0x00, 0x00, 0x00, 0x00, 0x00,
    0x00, 0x00, 0x00, 0x00, 0x00, 0x00, 0x00, 0xc5, 0xff, 0x70, 0x00, 0x00, 0x00, 0x00, 0x00, 0x00,
    0x00, 0x00, 0x00, 0x00, 0x00, 0x07, 0xe8, 0xff, 0x4a, 0x00, 0x00, 0x00, 0x00, 0x00, 0x00, 0x00,
    0x00, 0x00, 0x00, 0x00, 0x00, 0x00, 0x00, 0x00, 0x00, 0x00, 0x00, 0x00, 0x00, 0x00, 0x00, 0x00,
    0x00, 0x00, 0x00, 0x00, 0x00, 0x00, 0x00, 0x00, 0x00, 0x00, 0x00, 0x00, 0x00, 0x00, 0x00, 0x00,
    0x00, 0x00, 0x00, 0x00, 0x00, 0x00, 0xdd, 0xff, 0xfb, 0x24, 0x00, 0x00, 0x00, 0x00, 0x00, 0x00,
    0x00, 0x00, 0x00, 0x00, 0x00, 0x00, 0x00, 0x00, 0x00, 0x00, 0x00, 0x00, 0x00, 0x00, 0x00, 0x00,
    0x00, 0x00, 0x00, 0x00, 0x00, 0x00, 0xd8, 0xff, 0xff, 0x53, 0x00, 0x00, 0x00, 0x00, 0x00, 0x00,
    0x00, 0x00, 0x5d, 0xff, 0xf4, 0x14, 0x00, 0x00, 0x00, 0x00, 0x00, 0x00, 0x00, 0x00, 0x00, 0x00,
    0x00, 0x00, 0x00, 0x00, 0x36, 0xd5, 0xfe, 0xff, 0xff, 0xf1, 0x95, 0x03, 0x00, 0x00, 0x00, 0x00,
    0x00, 0x00, 0x00, 0x9a, 0xff, 0xff, 0xff, 0xff, 0xff, 0xff, 0xff, 0xff, 0xff, 0xc4, 0x00, 0x00,
    0x00, 0x16, 0xff, 0xff, 0xff, 0xff, 0xff, 0xff, 0xff, 0xff, 0xff, 0xff, 0xff, 0x53, 0x00, 0x00,
    0x00, 0x21, 0xa2, 0xe5, 0xff, 0xff, 0xff, 0xff, 0xff, 0xfb, 0x99, 0x1b, 0x00, 0x00, 0x00, 0x00,
    0x00, 0x00, 0x00, 0x00, 0x00, 0x00, 0x00, 0x00, 0x00, 0xbf, 0xff, 0xc7, 0x00, 0x00, 0x00, 0x00,
    0x00, 0x1e, 0xbf, 0xf9, 0xff, 0xff, 0xff, 0xff, 0xff, 0xe4, 0x5a, 0x01, 0x00, 0x00, 0x00, 0x00,
    0x00, 0x00, 0x00, 0x00, 0x3a, 0xd7, 0xfe, 0xff, 0xff, 0xff, 0xdc, 0x3f, 0x00, 0x00, 0x00, 0x00,
    0x00, 0x00, 0x00, 0x00, 0x99, 0xff, 0xf8, 0x13, 0x00, 0x00, 0x00, 0x00, 0x00, 0x00, 0x00, 0x00,
    0x00, 0x00, 0x00, 0x1d, 0xa0, 0xfd, 0xff, 0xff, 0xff, 0xff, 0xde, 0x58, 0x01, 0x00, 0x00, 0x00,
    0x00, 0x00, 0x05, 0xc6, 0xfd, 0xff, 0xff, 0xff, 0xf6, 0xbf, 0x24, 0x00, 0x00, 0x00, 0x00, 0x00,
    0x00, 0x00, 0x00, 0x00, 0x00, 0x00, 0xd8, 0xff, 0xff, 0x53, 0x00, 0x00, 0x00, 0x00, 0x00, 0x00,
    0x00, 0x00, 0x00, 0x00, 0x00, 0x00, 0xdd, 0xff, 0xfb, 0x24, 0x00, 0x00, 0x00, 0x00, 0x00, 0x00,
    0x00, 0x00, 0x00, 0x00, 0x00, 0x00, 0x00, 0x00, 0x00, 0x00, 0x00, 0x00, 0x00, 0x00, 0x00, 0x00,
    0x00, 0x00, 0x00, 0x00, 0x00, 0x00, 0x00, 0x00, 0x00, 0x00, 0x00, 0x00, 0x00, 0x00, 0x00, 0x00,
    0x00, 0x00, 0x00, 0x00, 0x00, 0x00, 0x00, 0x00, 0x00, 0x00, 0x00, 0x00, 0x00, 0x00, 0x00, 0x00,
    0x00, 0x00, 0x00, 0x00, 0x00, 0x00, 0xde, 0xff, 0xae, 0x00, 0x00, 0x00, 0x00, 0x00, 0x00, 0x00,
    0x00, 0x0b, 0xe4, 0xfc, 0x2f, 0x00, 0x00, 0x00, 0x00, 0x00, 0x00, 0x00, 0x00, 0x00, 0x00, 0x00,
    0x61, 0xff, 0xff, 0x3c, 0x00, 0x00, 0x00, 0x00, 0x00, 0x00, 0x00, 0x00, 0xb8, 0xff, 0xe4, 0x01,
    0x00, 0x00, 0xe8, 0xff, 0xff, 0xff, 0xff, 0xfd, 0xe7, 0xca, 0xa5, 0x3b, 0x00, 0x00, 0x00, 0x00,
    0x00, 0x00, 0x00, 0x00, 0x00, 0x3c, 0xca, 0xf8, 0xff, 0xff, 0xff, 0xfd, 0xb9, 0x37, 0x00, 0x00,
    0x00, 0x46, 0xff, 0xff, 0xff, 0xfb, 0xda, 0xb3, 0x8c, 0x44, 0x00, 0x00, 0x00, 0x00, 0x00, 0x00,
    0x00, 0x00, 0x85, 0xff, 0xff, 0xff, 0xff, 0xff, 0xff, 0xff, 0xff, 0xff, 0xff, 0xdd, 0x00, 0x00,
    0x00, 0x00, 0x11, 0xff, 0xff, 0x7c, 0x00, 0x00, 0x00, 0x00, 0x00, 0x00, 0x00, 0x00, 0x00, 0x00,
    0x00, 0x00, 0x00, 0x00, 0x06, 0x90, 0xe4, 0xff, 0xff, 0xff, 0xff, 0xdc, 0x52, 0x00, 0x00, 0x00,
    0x00, 0x46, 0xff, 0xff, 0x47, 0x00, 0x00, 0x00, 0x00, 0x00, 0x00, 0xc2, 0xff, 0xca, 0x00, 0x00,
    0x00, 0x00, 0x78, 0xff, 0xff, 0xff, 0xff, 0xff, 0xff, 0xff, 0xff, 0xff, 0xf5, 0x00, 0x00, 0x00,
    0x00, 0x37, 0x9e, 0xef, 0xff, 0xff, 0xff, 0xff, 0xff, 0xa3, 0x16, 0x00, 0x00, 0x00, 0x00, 0x00,
    0x00, 0x46, 0xff, 0xff, 0x47, 0x00, 0x00, 0x00, 0x00, 0x00, 0x00, 0x12, 0xe8, 0xff, 0xf2, 0x20,
    0x00, 0x00, 0x4b, 0xff, 0xff, 0xff, 0xff, 0xff, 0xff, 0xff, 0xff, 0xff, 0xff, 0xff, 0x55, 0x00,
    0x00, 0xea, 0xff, 0x6c, 0x00, 0x00, 0x00, 0x00, 0x00, 0x00, 0x00, 0x00, 0xf1, 0xff, 0x68, 0x00,
    0x00, 0x40, 0xff, 0xff, 0x34, 0x00, 0x00, 0x00, 0x00, 0x00, 0xa8, 0xff, 0xff, 0xc4, 0x00, 0x00,
    0x00, 0x00, 0x00, 0x00, 0x55, 0xe0, 0xff, 0xff, 0xff, 0xf6, 0xaf, 0x0e, 0x00, 0x00, 0x00, 0x00,
    0x00, 0x00, 0x85, 0xff, 0xff, 0x05, 0x00, 0x00, 0x00, 0x00, 0x00, 0x00, 0x00, 0x00, 0x00, 0x00,
    0x00, 0x00, 0x00, 0x00, 0x54, 0xdf, 0xff, 0xff, 0xff, 0xff, 0xd9, 0x19, 0x00, 0x00, 0x00, 0x00,
    0x00, 0x33, 0xff, 0xff, 0x5a, 0x00, 0x00, 0x00, 0x00, 0x00, 0x00, 0x00, 0x73, 0xff, 0xff, 0x44,
    0x00, 0x01, 0x65, 0xb6, 0xf9, 0xff, 0xff, 0xff, 0xff, 0xff, 0xce, 0x4b, 0x00, 0x00, 0x00, 0x00,
    0x00, 0x00, 0x00, 0x00, 0x00, 0x00, 0x81, 0xff, 0xff, 0x0c, 0x00, 0x00, 0x00, 0x00, 0x00, 0x00,
    0x00, 0x00, 0x00, 0x0a, 0x80, 0xf5, 0xff, 0xff, 0xff, 0xff, 0xca, 0x38, 0x00, 0x00, 0x00, 0x00,
    0x00, 0x00, 0x00, 0x00, 0x00, 0x03, 0xeb, 0xff, 0xff, 0x72, 0x00, 0x00, 0x00, 0x00, 0x00, 0x00,
    0x00, 0x00, 0x44, 0xff, 0xff, 0x53, 0x00, 0x00, 0x00, 0x00, 0xce, 0xff, 0xc8, 0x00, 0x00, 0x00,
    0x75, 0xff, 0xff, 0x47, 0x00, 0x00, 0x00, 0x00, 0x00, 0x00, 0x00, 0x00, 0xbc, 0xff, 0xe8, 0x10,
    0x00, 0x00, 0x00, 0x00, 0x00, 0x00, 0x88, 0xff, 0xff, 0x06, 0x00, 0x00, 0x00, 0x00, 0x00, 0x00,
    0x00, 0x09, 0xff, 0xff, 0xff, 0xff, 0xff, 0xff, 0xff, 0xff, 0xff, 0xff, 0xff, 0xff, 0xb5, 0x00,
    0x00, 0x00, 0x00, 0x00, 0x00, 0x2c, 0xff, 0xff, 0x24, 0x00, 0x00, 0x00, 0x00, 0x00, 0x00, 0x00,
    0x00, 0x00, 0x00, 0x00, 0x00, 0x00, 0x00, 0x00, 0x00, 0x2b, 0xfe, 0xff, 0x3a, 0x00, 0x00, 0x00,
    0x00, 0x00, 0x00, 0x00, 0x00, 0x00, 0x00, 0xa0, 0xff, 0xb0, 0x00, 0x00, 0x00, 0x00, 0x00, 0x00,
    0x00, 0x00, 0x00, 0x00, 0x00, 0x00, 0x00, 0x00, 0x00, 0x00, 0x00, 0x00, 0x00, 0x00, 0x00, 0x00,
    0x00, 0x00, 0x00, 0x00, 0x00, 0x00, 0x00, 0x00, 0x00, 0x00, 0x00, 0x00, 0x00, 0x00, 0x00, 0x00,
    0x00, 0x00, 0x00, 0x00, 0x00, 0x00, 0x00, 0x00, 0x00, 0x00, 0x00, 0x00, 0x00, 0x00, 0x00, 0x00,
    0x00, 0x00, 0x04, 0x7c, 0xf5, 0xff, 0xff, 0xff, 0xe8, 0x66, 0x00, 0xff, 0xff, 0x53, 0x00, 0x00,
    0x00, 0x00, 0x92, 0xff, 0xbe, 0x23, 0xd8, 0xff, 0xff, 0xff, 0xe9, 0x47, 0x00, 0x00, 0x00, 0x00,
    0x00, 0x00, 0x00, 0x00, 0x00, 0x38, 0xcf, 0xfe, 0xff, 0xff, 0xff, 0xf9, 0xa4, 0x20, 0x00, 0x00,
    0x00, 0x00, 0x00, 0x08, 0xa3, 0xfc, 0xff, 0xff, 0xf8, 0x8a, 0x34, 0xff, 0xff, 0x1d, 0x00, 0x00,
    0x00, 0x00, 0x00, 0x00, 0x2a, 0xc3, 0xfc, 0xff, 0xff, 0xff, 0xff, 0xe6, 0x96, 0x29, 0x00, 0x00,
    0x00, 0x00, 0x00, 0x00, 0x00, 0x00, 0xc8, 0xff, 0x88, 0x00, 0x00, 0x00, 0x00, 0x00, 0x00, 0x00,
    0x00, 0x00, 0x00, 0x00, 0x60, 0xc6, 0xf8, 0xf2, 0xb7, 0x47, 0x38, 0xff, 0xff, 0x0f, 0x00, 0x00,
    0x00, 0x00, 0x8b, 0xff, 0xc4, 0x00, 0x00, 0x00, 0x00, 0x00, 0x1a, 0xff, 0xff, 0x3a, 0x00, 0x00,
    0x00, 0x00, 0xc2, 0xff, 0xff, 0xff, 0xff, 0xff, 0xff, 0xff, 0xff, 0xff, 0xff, 0xbd, 0x00, 0x00,
    0x00, 0x00, 0x00, 0x00, 0x00, 0x00, 0x00, 0x73, 0xff, 0xdd, 0x00, 0x00, 0x00, 0x00, 0x00, 0x00,
    0x00, 0x00, 0x08, 0xff, 0xff, 0x5c, 0x00, 0x00, 0x00, 0x00, 0x00, 0x20, 0xf0, 0xff, 0xbf, 0x03,
    0x00, 0x00, 0x00, 0x00, 0x00, 0x00, 0x00, 0x2b, 0xb2, 0xe4, 0xff, 0xff, 0xff, 0x03, 0x00, 0x00,
    0x00, 0xa0, 0xff, 0x79, 0x00, 0x00, 0x3e, 0xff, 0xde, 0x00, 0x00, 0x00, 0xd4, 0xff, 0x48, 0x00,
    0x00, 0x00, 0x8b, 0xff, 0xc4, 0x00, 0x00, 0x00, 0x00, 0x00, 0x1a, 0xff, 0xff, 0x3a, 0x00, 0x00,
    0x00, 0x00, 0x00, 0x00, 0x65, 0xf0, 0xff, 0xff, 0xff, 0xfe, 0xbe, 0x1c, 0x00, 0x00, 0x00, 0x00,
    0x00, 0x00, 0x9b, 0xff, 0xb7, 0x29, 0xdd, 0xff, 0xff, 0xff, 0xe8, 0x43, 0x00, 0x00, 0x00, 0x00,
    0x00, 0x00, 0x00, 0x04, 0x92, 0xfd, 0xff, 0xff, 0xfe, 0xb3, 0x15, 0xff, 0xff, 0x46, 0x00, 0x00,
    0x00, 0x00, 0x00, 0x00, 0x71, 0xff, 0xe1, 0x00, 0x00, 0x00, 0x00, 0x00, 0x00, 0x00, 0x00, 0x00,
    0x00, 0x00, 0x2b, 0xb4, 0xf3, 0xff, 0xff, 0xff, 0xff, 0xfe, 0xad, 0x2a, 0x00, 0x00, 0x00, 0x00,
    0x00, 0x00, 0x00, 0x00, 0x00, 0x00, 0x0d, 0x81, 0xcd, 0xeb, 0xff, 0xff, 0xfc, 0x00, 0x00, 0x00,
    0x00, 0x00, 0x00, 0x13, 0xba, 0xff, 0xff, 0xff, 0xe9, 0x68, 0x1a, 0xff, 0xff, 0x3a, 0x00, 0x00,
    0x00, 0x00, 0x00, 0x00, 0x00, 0x03, 0xe5, 0xff, 0xff, 0x6d, 0x00, 0x00, 0x00, 0x00, 0x00, 0x00,
    0x00, 0x00, 0x00, 0xd1, 0xff, 0xa7, 0x00, 0x00, 0x00, 0x24, 0xff, 0xff, 0x56, 0x00, 0x00, 0x00,
    0x00, 0xaa, 0xff, 0xe8, 0x17, 0x00, 0x00, 0x00, 0x00, 0x00, 0x00, 0x7c, 0xff, 0xf9, 0x35, 0x00,
    0x00, 0x00, 0x00, 0x00, 0x00, 0x00, 0x5e, 0xff, 0xff, 0x43, 0x00, 0x00, 0x00, 0x00, 0x00, 0x00,
    0x00, 0x00, 0x72, 0xff, 0xff, 0xff, 0xff, 0xff, 0xff, 0xff, 0xff, 0xff, 0xff, 0x16, 0x00, 0x00,
    0x00, 0x00, 0x00, 0x00, 0x00, 0x00, 0x51, 0xff, 0xff, 0x0d, 0x00, 0x00, 0x00, 0x00, 0x00, 0x00,
    0x00, 0x00, 0x00, 0x00, 0x00, 0x00, 0x54, 0xff, 0xd5, 0x00, 0x00, 0x00, 0x00, 0x00, 0x00, 0x00,
    0x00, 0x00, 0x00, 0x00, 0x00, 0x00, 0x88, 0xff, 0xcb, 0x00, 0x00, 0x00, 0x00, 0x00, 0x00, 0x00,
    0x00, 0x00, 0x00, 0x00, 0x00, 0x00, 0x00, 0x00, 0x00, 0x00, 0x00, 0x00, 0x00, 0x00, 0x00, 0x00,
    0x00, 0x00, 0x00, 0x00, 0x00, 0x00, 0x00, 0x00, 0x00, 0x00, 0x00, 0x00, 0x00, 0x00, 0x00, 0x00,
    0x00, 0x00, 0x00, 0x00, 0x00, 0x00, 0x00, 0x00, 0x00, 0x00, 0x00, 0x00, 0x00, 0x00, 0x00, 0x00,
    0x00, 0x00, 0x00, 0x00, 0x00, 0x00, 0x00, 0x00, 0x00, 0x00, 0x00, 0x00, 0x00, 0x00, 0x00, 0x00,
    0x00, 0x00, 0x00, 0x00, 0x00, 0x00, 0x00, 0x00, 0x00, 0x00, 0x00, 0x00, 0x00, 0x00, 0x00, 0x00,
    0x00, 0x00, 0x00, 0x00, 0x00, 0x00, 0x00, 0x8f, 0xb7, 0x00, 0x00, 0x00, 0x00, 0x00, 0x00, 0x00,
    0x00, 0x00, 0x00, 0x00, 0x00, 0x00, 0x00, 0x00, 0x00, 0x00, 0x00, 0x00, 0x00, 0x00, 0x00, 0x00,
    0x00, 0x00, 0x00, 0x00, 0x01, 0x1d, 0x48, 0x47, 0x1b, 0x00, 0x00, 0x00, 0x00, 0x00, 0x00, 0x00,
    0x00, 0x00, 0x00, 0x00, 0x00, 0x00, 0x00, 0x00, 0x00, 0x00, 0x00, 0x00, 0x00, 0x00, 0x00, 0x00,
    0x00, 0x00, 0x00, 0x00, 0x00, 0x00, 0x00, 0x49, 0xff, 0xdd, 0x03, 0x00, 0x00, 0x00, 0x00, 0x00,
    0x00, 0x00, 0x00, 0x00, 0x00, 0x5f, 0xff, 0xcc, 0x01, 0x00, 0x00, 0x00, 0x00, 0x00, 0x00, 0x00,
    0x00, 0x00, 0x00, 0x00, 0x00, 0x00, 0x00, 0x00, 0x00, 0x00, 0x00, 0x00, 0x00, 0x00, 0x00, 0x00,
    0x00, 0x00, 0x00, 0x00, 0x00, 0x00, 0x00, 0x00, 0x00, 0x00, 0x00, 0x00, 0x00, 0x00, 0x00, 0x00,
    0x00, 0x00, 0x00, 0x00, 0x00, 0x20, 0xff, 0xff, 0x9b, 0x00, 0x00, 0x00, 0x00, 0x00, 0x00, 0x00,
    0x00, 0x00, 0x00, 0x00, 0x00, 0x00, 0x00, 0x00, 0x00, 0x00, 0x00, 0x00, 0x00, 0x00, 0x00, 0x00,
    0x00, 0x00, 0x00, 0x00, 0x00, 0x00, 0x00, 0x00, 0x00, 0x00, 0x00, 0x00, 0x00, 0x00, 0x00, 0x00,
    0x00, 0x01, 0xd3, 0xff, 0x91, 0x00, 0x00, 0x00, 0x00, 0x00, 0x00, 0x00, 0x00, 0x00, 0x00, 0x00,
    0x00, 0x00, 0x00, 0x00, 0x00, 0x00, 0x14, 0x4a, 0x30, 0x03, 0x00, 0x00, 0x00, 0x00, 0x00, 0x00,
    0x00, 0x00, 0x00, 0x00, 0x00, 0x00, 0x00, 0x00, 0x00, 0x00, 0x00, 0x00, 0x00, 0x00, 0x00, 0x00,
    0x00, 0x00, 0x00, 0x00, 0x00, 0x00, 0x00, 0x00, 0x00, 0x00, 0x00, 0x00, 0x00, 0x00, 0x00, 0x00,
    0x00, 0x00, 0x00, 0x00, 0x20, 0x3a, 0x51, 0x4c, 0x2a, 0x09, 0x00, 0x00, 0x00, 0x00, 0x00, 0x00,
    0x00, 0x00, 0x00, 0x00, 0x00, 0x00, 0x00, 0x00, 0x00, 0x00, 0x00, 0x00, 0x00, 0x00, 0x00, 0x00,
    0x00, 0x00, 0x00, 0x0c, 0x33, 0x46, 0x57, 0x40, 0x19, 0x00, 0x00, 0x00, 0x00, 0x00, 0x00, 0x00,
    0x00, 0x00, 0x00, 0x00, 0x00, 0x00, 0x10, 0x43, 0x47, 0x1c, 0x00, 0x00, 0x00, 0x00, 0x00, 0x00,
    0x00, 0x00, 0x00, 0x00, 0x00, 0x00, 0x00, 0x00, 0x00, 0x00, 0x00, 0x00, 0x00, 0x00, 0x00, 0x00,
    0x00, 0x00, 0x00, 0x00, 0x00, 0x0d, 0x31, 0x52, 0x42, 0x1f, 0x02, 0x00, 0x00, 0x00, 0x00, 0x00,
    0x00, 0x00, 0x00, 0x00, 0x18, 0x40, 0x54, 0x2f, 0x05, 0x00, 0x00, 0x00, 0x00, 0x00, 0x00, 0x00,
    0x00, 0x00, 0x00, 0x00, 0x00, 0x00, 0x00, 0x00, 0x00, 0x00, 0x00, 0x00, 0x00, 0x00, 0x00, 0x00,
    0x00, 0x00, 0x00, 0x00, 0x00, 0x20, 0xff, 0xff, 0x9b, 0x00, 0x00, 0x00, 0x00, 0x00, 0x00, 0x00,
    0x00, 0x00, 0x00, 0x00, 0x00, 0x00, 0x00, 0x00, 0x00, 0x00, 0x00, 0x00, 0x00, 0x00, 0x00, 0x00,
    0x00, 0x00, 0x00, 0x00, 0x00, 0x00, 0x00, 0x00, 0x00, 0x00, 0x00, 0x00, 0x00, 0x00, 0x00, 0x00,
    0x00, 0x00, 0x00, 0x00, 0x00, 0x00, 0x00, 0x00, 0x00, 0x00, 0x00, 0x00, 0x00, 0x00, 0x00, 0x00,
    0x00, 0x00, 0x00, 0x00, 0x00, 0x00, 0x00, 0x00, 0x00, 0x00, 0x00, 0x00, 0x00, 0x00, 0x00, 0x00,
    0x00, 0x00, 0x5d, 0xff, 0xf0, 0x52, 0x00, 0x00, 0x00, 0x00, 0x00, 0x00, 0x00, 0x00, 0x00, 0x00,
    0x00, 0x00, 0x00, 0x00, 0x00, 0x00, 0x00, 0x00, 0x00, 0x00, 0x00, 0x00, 0x00, 0x00, 0x00, 0x00,
    0x00, 0x00, 0x00, 0x00, 0x00, 0x00, 0x00, 0x00, 0x00, 0x00, 0x00, 0x00, 0x00, 0x00, 0x00, 0x00,
    0x00, 0x00, 0x00, 0x00, 0x00, 0x00, 0x00, 0x06, 0x32, 0x54, 0x3b, 0x17, 0x00, 0x00, 0x00, 0x00,
    0x00, 0x00, 0x00, 0x00, 0x00, 0x00, 0x00, 0x00, 0x00, 0x00, 0x00, 0x00, 0x00, 0x00, 0x00, 0x00,
    0x00, 0x00, 0x00, 0x00, 0x00, 0x00, 0x00, 0x00, 0x00, 0x00, 0x00, 0x00, 0x00, 0x00, 0x00, 0x00,
    0x00, 0x00, 0x00, 0x00, 0x00, 0x00, 0x00, 0x00, 0x00, 0x00, 0x00, 0x00, 0x00, 0x00, 0x00, 0x00,
    0x00, 0x00, 0x00, 0x00, 0x00, 0x00, 0x00, 0x19, 0x4b, 0x40, 0x13, 0x00, 0x00, 0x00, 0x00, 0x00,
    0x00, 0x00, 0x00, 0x00, 0x00, 0x00, 0x00, 0x00, 0x00, 0x00, 0x00, 0x00, 0x00, 0x00, 0x00, 0x00,
    0x00, 0x00, 0x00, 0x00, 0x00, 0x00, 0x00, 0x00, 0x00, 0x00, 0x00, 0x00, 0x00, 0x00, 0x00, 0x00,
    0x00, 0x00, 0x00, 0x06, 0x29, 0x47, 0x53, 0x32, 0x0e, 0x00, 0x00, 0x00, 0x00, 0x00, 0x00, 0x00,
    0x00, 0x00, 0x00, 0x00, 0x00, 0x00, 0x00, 0x00, 0x00, 0x00, 0x00, 0x00, 0x00, 0x00, 0x00, 0x00,
    0x00, 0x00, 0x00, 0x00, 0x00, 0x00, 0x00, 0x00, 0x00, 0x00, 0x00, 0x00, 0x00, 0x00, 0x00, 0x00,
    0x00, 0x00, 0x00, 0x00, 0x00, 0x00, 0x00, 0x00, 0x00, 0x00, 0x00, 0x00, 0x00, 0x00, 0x00, 0x00,
    0x00, 0x00, 0x00, 0x00, 0x00, 0x00, 0x00, 0x00, 0x00, 0x00, 0x00, 0x00, 0x00, 0x00, 0x00, 0x00,
    0x00, 0x00, 0x00, 0x00, 0x00, 0x00, 0x18, 0x4c, 0x34, 0x05, 0x00, 0x00, 0x00, 0x00, 0x00, 0x00,
    0x00, 0x00, 0x00, 0x00, 0x00, 0x00, 0x00, 0x00, 0x00, 0x00, 0x00, 0x00, 0x00, 0x00, 0x00, 0x00,
    0x00, 0x00, 0x00, 0x00, 0x00, 0x00, 0x18, 0x4e, 0xa1, 0xff, 0xfc, 0x60, 0x00, 0x00, 0x00, 0x00,
    0x00, 0x00, 0x00, 0x00, 0x00, 0x00, 0x00, 0x00, 0x00, 0x00, 0x00, 0x00, 0x00, 0x00, 0x00, 0x00,
    0x00, 0x00, 0x00, 0x00, 0x0c, 0x2d, 0x47, 0x54, 0x37, 0x17, 0x01, 0x00, 0x00, 0x00, 0x00, 0x00,
    0x00, 0x00, 0x00, 0x00, 0x00, 0x00, 0x00, 0x00, 0x00, 0x00, 0x00, 0x00, 0x00, 0x00, 0x00, 0x00,
    0x00, 0x00, 0x00, 0x00, 0x00, 0x08, 0x2c, 0x51, 0x40, 0x19, 0x00, 0x00, 0x00, 0x00, 0x00, 0x00,
    0x00, 0x00, 0x00, 0x00, 0x00, 0x00, 0x00, 0x00, 0x00, 0x00, 0x00, 0x00, 0x00, 0x00, 0x00, 0x00,
    0x00, 0x00, 0x00, 0x00, 0x00, 0x00, 0x00, 0x00, 0x00, 0x00, 0x00, 0x00, 0x00, 0x00, 0x00, 0x00,
    0x00, 0x00, 0x00, 0x00, 0x00, 0x00, 0x00, 0x00, 0x00, 0x00, 0x00, 0x00, 0x00, 0x00, 0x00, 0x00,
    0x00, 0x00, 0x00, 0x00, 0x00, 0x00, 0x00, 0x00, 0x00, 0x00, 0x00, 0x00, 0x00, 0x00, 0x00, 0x00,
    0x00, 0x00, 0x00, 0x00, 0x00, 0x00, 0x00, 0x00, 0x00, 0x00, 0x00, 0x00, 0x00, 0x00, 0x00, 0x00,
    0x00, 0x00, 0x00, 0x00, 0x00, 0x2c, 0xff, 0xff, 0x24, 0x00, 0x00, 0x00, 0x00, 0x00, 0x00, 0x00,
    0x00, 0x00, 0x00, 0x00, 0x00, 0x00, 0x00, 0x00, 0x00, 0x00, 0xb2, 0xff, 0xb1, 0x00, 0x00, 0x00,
    0x00, 0x00, 0x00, 0x00, 0x00, 0x00, 0x00, 0xa0, 0xff, 0xb0, 0x00, 0x00, 0x00, 0x00, 0x00, 0x00,
    0x00, 0x00, 0x00, 0x00, 0x00, 0x00, 0x00, 0x00, 0x00, 0x00, 0x00, 0x00, 0x00, 0x00, 0x00, 0x00,
    0x00, 0x00, 0x00, 0x00, 0x00, 0x00, 0x00, 0x00, 0x00, 0x00, 0x00, 0x00, 0x00, 0x00, 0x00, 0x00,
    0x00, 0x00, 0x00, 0x00, 0x00, 0x00, 0x00, 0x00, 0x00, 0x00, 0x00, 0x00, 0x00, 0x00, 0x00, 0x00,
    0x00, 0x00, 0x00, 0x00, 0x0f, 0x3a, 0x50, 0x20, 0x00, 0x00, 0x00, 0x00, 0x00, 0x00, 0x00, 0x00,
    0x00, 0x00, 0x00, 0x00, 0x00, 0x00, 0x00, 0x1f, 0x4e, 0x26, 0x01, 0x00, 0x00, 0x00, 0x00, 0x00,
    0x00, 0x00, 0x00, 0x00, 0x00, 0x00, 0x00, 0x0c, 0x36, 0x54, 0x39, 0x11, 0x00, 0x00, 0x00, 0x00,
    0x00, 0x00, 0x00, 0x00, 0x00, 0x0c, 0x40, 0x40, 0x09, 0x00, 0x00, 0x00, 0x00, 0x00, 0x00, 0x00,
    0x00, 0x00, 0x00, 0x00, 0x00, 0x00, 0x09, 0x31, 0x54, 0x41, 0x25, 0x02, 0x00, 0x00, 0x00, 0x00,
    0x00, 0x00, 0x00, 0x00, 0x00, 0x00, 0x00, 0x00, 0x00, 0x00, 0x00, 0x00, 0x00, 0x00, 0x00, 0x00,
    0x00, 0x00, 0x00, 0x00, 0x00, 0x00, 0x07, 0x04, 0x00, 0x00, 0x52, 0xff, 0xec, 0x00, 0x00, 0x00,
    0x00, 0x00, 0x00, 0x00, 0x00, 0x00, 0x00, 0x00, 0x00, 0x00, 0x00, 0x00, 0x00, 0x00, 0x00, 0x00,
    0x00, 0x00, 0x00, 0x00, 0x00, 0x00, 0x00, 0x00, 0x00, 0x00, 0x00, 0x00, 0x00, 0x00, 0x00, 0x00,
    0x00, 0x00, 0x00, 0x00, 0x00, 0x00, 0x00, 0x84, 0xff, 0xd3, 0x00, 0x00, 0x00, 0x00, 0x00, 0x00,
    0x00, 0x00, 0x00, 0x00, 0x00, 0x00, 0x00, 0x00, 0x00, 0x00, 0x00, 0x00, 0x00, 0x00, 0x00, 0x00,
    0x00, 0x00, 0x00, 0x00, 0x00, 0x00, 0x00, 0x00, 0x00, 0x00, 0x00, 0x00, 0x00, 0x00, 0x00, 0x00,
    0x00, 0x00, 0x00, 0x00, 0x00, 0x00, 0x00, 0x00, 0x00, 0x00, 0x00, 0x00, 0x00, 0x00, 0x00, 0x00,
    0x00, 0x00, 0x00, 0x00, 0x00, 0x00, 0x00, 0x00, 0x00, 0x00, 0x00, 0x00, 0x00, 0x00, 0x00, 0x00,
    0x00, 0x00, 0x00, 0x00, 0x00, 0x01, 0x23, 0x4e, 0x3a, 0x0d, 0x00, 0x00, 0x00, 0x00, 0x00, 0x00,
    0x00, 0x00, 0x9b, 0xff, 0xb7, 0x00, 0x00, 0x21, 0x4f, 0x25, 0x01, 0x00, 0x00, 0x00, 0x00, 0x00,
    0x00, 0x00, 0x00, 0x00, 0x00, 0x0f, 0x44, 0x54, 0x17, 0x00, 0x0d, 0xff, 0xff, 0x46, 0x00, 0x00,
    0x00, 0x00, 0x00, 0x00, 0x00, 0x00, 0x00, 0x00, 0x00, 0x00, 0x00, 0x00, 0x00, 0x00, 0x00, 0x00,
    0x00, 0x00, 0x00, 0x00, 0x06, 0x2e, 0x48, 0x55, 0x39, 0x16, 0x00, 0x00, 0x00, 0x00, 0x00, 0x00,
    0x00, 0x00, 0x00, 0x00, 0x00, 0x00, 0x00, 0x00, 0x00, 0x00, 0x00, 0x00, 0x00, 0x00, 0x00, 0x00,
    0x00, 0x00, 0x00, 0x00, 0x01, 0x22, 0x4e, 0x2b, 0x01, 0x00, 0x00, 0x00, 0x00, 0x00, 0x00, 0x00,
    0x00, 0x00, 0x00, 0x00, 0x00, 0x00, 0x00, 0x00, 0x00, 0x00, 0x00, 0x00, 0x00, 0x00, 0x00, 0x00,
    0x00, 0x00, 0x00, 0x00, 0x00, 0x00, 0x00, 0x00, 0x00, 0x00, 0x00, 0x00, 0x00, 0x00, 0x00, 0x00,
    0x00, 0x00, 0x00, 0x00, 0x00, 0x00, 0x00, 0x00, 0x00, 0x00, 0x00, 0x00, 0x00, 0x00, 0x00, 0x00,
    0x00, 0x00, 0x00, 0x00, 0x00, 0x00, 0x89, 0xff, 0xde, 0x02, 0x00, 0x00, 0x00, 0x00, 0x00, 0x00,
    0x00, 0x00, 0x00, 0x00, 0x00, 0x00, 0x00, 0x00, 0x00, 0x00, 0x00, 0x00, 0x00, 0x00, 0x00, 0x00,
    0x00, 0x00, 0x00, 0x00, 0x00, 0x00, 0x39, 0xff, 0xff, 0x3f, 0x00, 0x00, 0x00, 0x00, 0x00, 0x00,
    0x00, 0x00, 0x00, 0x00, 0x00, 0x00, 0x54, 0xff, 0xd5, 0x00, 0x00, 0x00, 0x00, 0x00, 0x00, 0x00,
    0x00, 0x00, 0x00, 0x00, 0x00, 0x00, 0xbc, 0xff, 0xb3, 0x00, 0x00, 0x00, 0x00, 0x00, 0x00, 0x00,
    0x00, 0x00, 0x00, 0x00, 0x00, 0x00, 0x00, 0x00, 0x00, 0x00, 0x00, 0x00, 0x00, 0x00, 0x00, 0x00,
    0x00, 0x00, 0x00, 0x00, 0x00, 0x00, 0x00, 0x00, 0x00, 0x00, 0x00, 0x00, 0x00, 0x00, 0x00, 0x00,
    0x00, 0x00, 0x00, 0x00, 0x00, 0x00, 0x00, 0x00, 0x00, 0x00, 0x00, 0x00, 0x00, 0x00, 0x00, 0x00,
    0x00, 0x00, 0x00, 0x00, 0x00, 0x00, 0x00, 0x00, 0x00, 0x00, 0x00, 0x00, 0x00, 0x00, 0x00, 0x00,
    0x00, 0x00, 0x00, 0x00, 0x00, 0x00, 0x00, 0x00, 0x00, 0x00, 0x00, 0x00, 0x00, 0x00, 0x00, 0x00,
    0x00, 0x00, 0x00, 0x00, 0x00, 0x00, 0x00, 0x8e, 0xb6, 0x00, 0x00, 0x00, 0x00, 0x00, 0x00, 0x00,
    0x00, 0x00, 0x00, 0x00, 0x00, 0x00, 0x00, 0x00, 0x00, 0x00, 0x00, 0x00, 0x00, 0x00, 0x00, 0x00,
    0x00, 0x00, 0x00, 0x00, 0x00, 0x00, 0x00, 0x00, 0x00, 0x00, 0x00, 0x00, 0x00, 0x00, 0x00, 0x00,
    0x00, 0x00, 0x00, 0x00, 0x00, 0x00, 0x00, 0x00, 0x00, 0x00, 0x00, 0x00, 0x00, 0x00, 0x00, 0x00,
    0x00, 0x00, 0x00, 0x00, 0x00, 0x00, 0x00, 0x00, 0xcb, 0xff, 0x4f, 0x00, 0x00, 0x00, 0x00, 0x00,
    0x00, 0x00, 0x00, 0x00, 0x00, 0xcc, 0xff, 0x51, 0x00, 0x00, 0x00, 0x00, 0x00, 0x00, 0x00, 0x00,
    0x00, 0x00, 0x00, 0x00, 0x00, 0x00, 0x00, 0x00, 0x00, 0x00, 0x00, 0x00, 0x00, 0x00, 0x00, 0x00,
    0x00, 0x00, 0x00, 0x00, 0x00, 0x00, 0x00, 0x00, 0x00, 0x00, 0x00, 0x00, 0x00, 0x00, 0x00, 0x00,
    0x00, 0x00, 0x00, 0x00, 0x00, 0x62, 0xff, 0xf9, 0x1f, 0x00, 0x00, 0x00, 0x00, 0x00, 0x00, 0x00,
    0x00, 0x00, 0x00, 0x00, 0x00, 0x00, 0x00, 0x00, 0x00, 0x00, 0x00, 0x00, 0x00, 0x00, 0x00, 0x00,
    0x00, 0x00, 0x00, 0x00, 0x00, 0x00, 0x00, 0x00, 0x00, 0x00, 0x00, 0x00, 0x00, 0x00, 0x00, 0x00,
    0x00, 0x4c, 0xff, 0xfa, 0x1f, 0x00, 0x00, 0x00, 0x00, 0x00, 0x00, 0x00, 0x00, 0x00, 0x00, 0x00,
    0x00, 0x00, 0x00, 0x00, 0x00, 0x00, 0x00, 0x00, 0x00, 0x00, 0x00, 0x00, 0x00, 0x00, 0x00, 0x00,
    0x00, 0x00, 0x00, 0x00, 0x00, 0x00, 0x00, 0x00, 0x00, 0x00, 0x00, 0x00, 0x00, 0x00, 0x00, 0x00,
    0x00, 0x00, 0x00, 0x00, 0x00, 0x00, 0x00, 0x00, 0x00, 0x00, 0x00, 0x00, 0x00, 0x00, 0x00, 0x00,
    0x00, 0x00, 0x00, 0x00, 0x00, 0x00, 0x00, 0x00, 0x00, 0x00, 0x00, 0x00, 0x00, 0x00, 0x00, 0x00,
    0x00, 0x00, 0x00, 0x00, 0x00, 0x00, 0x00, 0x00, 0x00, 0x00, 0x00, 0x00, 0x00, 0x00, 0x00, 0x00,
    0x00, 0x00, 0x00, 0x00, 0x00, 0x00, 0x00, 0x00, 0x00, 0x00, 0x00, 0x00, 0x00, 0x00, 0x00, 0x00,
    0x00, 0x00, 0x00, 0x00, 0x00, 0x00, 0x00, 0x00, 0x00, 0x00, 0x00, 0x00, 0x00, 0x00, 0x00, 0x00,
    0x00, 0x00, 0x00, 0x00, 0x00, 0x00, 0x00, 0x00, 0x00, 0x00, 0x00, 0x00, 0x00, 0x00, 0x00, 0x00,
    0x00, 0x00, 0x00, 0x00, 0x00, 0x00, 0x00, 0x00, 0x00, 0x00, 0x00, 0x00, 0x00, 0x00, 0x00, 0x00,
    0x00, 0x00, 0x00, 0x00, 0x00, 0x00, 0x00, 0x00, 0x00, 0x00, 0x00, 0x00, 0x00, 0x00, 0x00, 0x00,
    0x00, 0x00, 0x00, 0x00, 0x00, 0x00, 0x00, 0x00, 0x00, 0x00, 0x00, 0x00, 0x00, 0x00, 0x00, 0x00,
    0x00, 0x00, 0x00, 0x00, 0x00, 0x62, 0xff, 0xf9, 0x1f, 0x00, 0x00, 0x00, 0x00, 0x00, 0x00, 0x00,
    0x00, 0x00, 0x00, 0x00, 0x00, 0x00, 0x00, 0x00, 0x00, 0x00, 0x00, 0x00, 0x00, 0x00, 0x00, 0x00,
    0x00, 0x00, 0x00, 0x00, 0x00, 0x00, 0x00, 0x00, 0x00, 0x00, 0x00, 0x00, 0x00, 0x00, 0x00, 0x00,
    0x00, 0x00, 0x00, 0x00, 0x00, 0x00, 0x00, 0x00, 0x00, 0x00, 0x00, 0x00, 0x00, 0x00, 0x00, 0x00,
    0x00, 0x00, 0x00, 0x00, 0x00, 0x00, 0x00, 0x00, 0x00, 0x00, 0x00, 0x00, 0x00, 0x00, 0x00, 0x00,
    0x00, 0x00, 0x01, 0x75, 0xf9, 0xfe, 0x94, 0x3e, 0x0d, 0x00, 0x00, 0x09, 0x24, 0x00, 0x00, 0x00,
    0x00, 0x00, 0x00, 0x00, 0x00, 0x00, 0x00, 0x00, 0x00, 0x00, 0x00, 0x00, 0x00, 0x00, 0x00, 0x00,
    0x00, 0x00, 0x00, 0x00, 0x00, 0x00, 0x00, 0x00, 0x00, 0x00, 0x00, 0x00, 0x00, 0x00, 0x00, 0x00,
    0x00, 0x00, 0x00, 0x00, 0x00, 0x00, 0x00, 0x00, 0x00, 0x00, 0x00, 0x00, 0x00, 0x00, 0x00, 0x00,
    0x00, 0x00, 0x00, 0x00, 0x00, 0x00, 0x00, 0x00, 0x00, 0x00, 0x00, 0x00, 0x00, 0x00, 0x00, 0x00,
    0x00, 0x00, 0x00, 0x00, 0x00, 0x00, 0x00, 0x00, 0x00, 0x00, 0x00, 0x00, 0x00, 0x00, 0x00, 0x00,
    0x00, 0x00, 0x00, 0x00, 0x00, 0x00, 0x00, 0x00, 0x00, 0x00, 0x00, 0x00, 0x00, 0x00, 0x00, 0x00,
    0x00, 0x00, 0x00, 0x00, 0x00, 0x00, 0x00, 0x00, 0x00, 0x00, 0x00, 0x00, 0x00, 0x00, 0x00, 0x00,
    0x00, 0x00, 0x00, 0x00, 0x00, 0x00, 0x00, 0x00, 0x00, 0x00, 0x00, 0x00, 0x00, 0x00, 0x00, 0x00,
    0x00, 0x00, 0x00, 0x00, 0x00, 0x00, 0x00, 0x00, 0x00, 0x00, 0x00, 0x00, 0x00, 0x00, 0x00, 0x00,
    0x00, 0x00, 0x00, 0x00, 0x00, 0x00, 0x00, 0x00, 0x00, 0x00, 0x00, 0x00, 0x00, 0x00, 0x00, 0x00,
    0x00, 0x00, 0x00, 0x00, 0x00, 0x00, 0x00, 0x00, 0x00, 0x00, 0x00, 0x00, 0x00, 0x00, 0x00, 0x00,
    0x00, 0x00, 0x00, 0x00, 0x00, 0x00, 0x00, 0x00, 0x00, 0x00, 0x00, 0x00, 0x00, 0x00, 0x00, 0x00,
    0x00, 0x00, 0x00, 0x00, 0x00, 0x00, 0x00, 0x00, 0x00, 0x00, 0x00, 0x00, 0x00, 0x00, 0x00, 0x00,
    0x00, 0x00, 0x00, 0x00, 0x00, 0x00, 0x00, 0x00, 0x00, 0x00, 0x00, 0x00, 0x00, 0x00, 0x00, 0x00,
    0x00, 0x00, 0x00, 0x00, 0x00, 0x00, 0x00, 0x00, 0x00, 0x00, 0x00, 0x00, 0x00, 0x00, 0x00, 0x00,
    0x00, 0x00, 0x00, 0x00, 0x00, 0x00, 0x00, 0x00, 0x00, 0x00, 0x00, 0x00, 0x00, 0x00, 0x00, 0x00,
    0x00, 0x00, 0x00, 0x00, 0x00, 0x00, 0x00, 0x00, 0x02, 0xa1, 0xff, 0xfd, 0x6b, 0x00, 0x00, 0x00,
    0x00, 0x00, 0x00, 0x00, 0x00, 0x00, 0x00, 0x00, 0x00, 0x00, 0x00, 0x00, 0x00, 0x00, 0x00, 0x00,
    0x00, 0x00, 0x00, 0x00, 0x00, 0x00, 0x00, 0x00, 0x00, 0x00, 0x00, 0x00, 0x00, 0x00, 0x00, 0x00,
    0x00, 0x00, 0x00, 0x00, 0x00, 0x00, 0x00, 0x00, 0x00, 0x00, 0x00, 0x00, 0x00, 0x00, 0x00, 0x00,
    0x00, 0x00, 0x00, 0x00, 0x00, 0x00, 0x00, 0x00, 0x00, 0x00, 0x00, 0x00, 0x00, 0x00, 0x00, 0x00,
    0x00, 0x00, 0x00, 0x00, 0x00, 0x00, 0x00, 0x00, 0x00, 0x00, 0x00, 0x00, 0x00, 0x00, 0x00, 0x00,
    0x00, 0x00, 0x00, 0x00, 0x00, 0x00, 0x00, 0x00, 0x00, 0x00, 0x00, 0x00, 0x00, 0x00, 0x00, 0x00,
    0x00, 0x00, 0x00, 0x00, 0x00, 0x00, 0x00, 0x00, 0x00, 0x00, 0x00, 0x00, 0x00, 0x00, 0x00, 0x00,
    0x00, 0x00, 0x00, 0x00, 0x00, 0x00, 0x00, 0x00, 0x00, 0x00, 0x00, 0x00, 0x00, 0x00, 0x00, 0x00,
    0x00, 0x00, 0x00, 0x00, 0x00, 0x00, 0x00, 0x00, 0x00, 0x00, 0x00, 0x00, 0x00, 0x00, 0x00, 0x00,
    0x00, 0x00, 0x00, 0x00, 0x00, 0x2c, 0xff, 0xff, 0x7c, 0x66, 0x66, 0x11, 0x00, 0x00, 0x00, 0x00,
    0x00, 0x00, 0x00, 0x00, 0x00, 0x00, 0x00, 0x00, 0x00, 0x00, 0x3b, 0xff, 0xfe, 0x2b, 0x00, 0x00,
    0x00, 0x00, 0x00, 0x00, 0x42, 0x66, 0x66, 0xc6, 0xff, 0xb0, 0x00, 0x00, 0x00, 0x00, 0x00, 0x00,
    0x00, 0x00, 0x00, 0x00, 0x00, 0x00, 0x00, 0x00, 0x00, 0x00, 0x00, 0x00, 0x00, 0x00, 0x00, 0x00,
    0x00, 0x00, 0x00, 0x00, 0x00, 0x00, 0x00, 0x00, 0x00, 0x00, 0x00, 0x00, 0x00, 0x00, 0x00, 0x00,
    0x00, 0x00, 0x00, 0x00, 0x00, 0x00, 0x00, 0x00, 0x00, 0x00, 0x00, 0x00, 0x00, 0x00, 0x00, 0x00,
    0x00, 0x00, 0x00, 0x00, 0x00, 0x00, 0x00, 0x00, 0x00, 0x00, 0x00, 0x00, 0x00, 0x00, 0x00, 0x00,
    0x00, 0x00, 0x00, 0x00, 0x00, 0x00, 0x00, 0x00, 0x00, 0x00, 0x00, 0x00, 0x00, 0x00, 0x00, 0x00,
    0x00, 0x00, 0x00, 0x00, 0x00, 0x00, 0x00, 0x00, 0x00, 0x00, 0x00, 0x00, 0x00, 0x00, 0x00, 0x00,
    0x00, 0x00, 0x00, 0x00, 0x00, 0x00, 0x00, 0x00, 0x00, 0x00, 0x00, 0x00, 0x00, 0x00, 0x00, 0x00,
    0x00, 0x00, 0x00, 0x00, 0x00, 0x00, 0x00, 0x00, 0x00, 0x00, 0x00, 0x00, 0x00, 0x00, 0x00, 0x00,
    0x00, 0x00, 0x00, 0x00, 0x00, 0x00, 0x00, 0x00, 0x00, 0x00, 0x00, 0x00, 0x00, 0x00, 0x00, 0x00,
    0x00, 0x00, 0x00, 0x00, 0x00, 0x00, 0x00, 0x00, 0x00, 0x00, 0x83, 0xff, 0xc9, 0x00, 0x00, 0x00,
    0x00, 0x00, 0x00, 0x00, 0x00, 0x00, 0x00, 0x00, 0x00, 0x00, 0x00, 0x00, 0x00, 0x00, 0x00, 0x00,
    0x00, 0x00, 0x00, 0x00, 0x00, 0x00, 0x00, 0x00, 0x00, 0x00, 0x00, 0x00, 0x00, 0x00, 0x00, 0x00,
    0x00, 0x00, 0x00, 0x00, 0x00, 0x00, 0x00, 0xbf, 0xff, 0xb3, 0x00, 0x00, 0x00, 0x00, 0x00, 0x00,
    0x00, 0x00, 0x00, 0x00, 0x00, 0x00, 0x00, 0x00, 0x00, 0x00, 0x00, 0x00, 0x00, 0x00, 0x00, 0x00,
    0x00, 0x00, 0x00, 0x00, 0x00, 0x00, 0x00, 0x00, 0x00, 0x00, 0x00, 0x00, 0x00, 0x00, 0x00, 0x00,
    0x00, 0x00, 0x00, 0x00, 0x00, 0x00, 0x00, 0x00, 0x00, 0x00, 0x00, 0x00, 0x00, 0x00, 0x00, 0x00,
    0x00, 0x00, 0x00, 0x00, 0x00, 0x00, 0x00, 0x00, 0x00, 0x00, 0x00, 0x00, 0x00, 0x00, 0x00, 0x00,
    0x00, 0x00, 0x00, 0x00, 0x00, 0x00, 0x00, 0x00, 0x00, 0x00, 0x00, 0x00, 0x00, 0x00, 0x00, 0x00,
    0x00, 0x00, 0x9b, 0xff, 0xb7, 0x00, 0x00, 0x00, 0x00, 0x00, 0x00, 0x00, 0x00, 0x00, 0x00, 0x00,
    0x00, 0x00, 0x00, 0x00, 0x00, 0x00, 0x00, 0x00, 0x00, 0x00, 0x0d, 0xff, 0xff, 0x46, 0x00, 0x00,
    0x00, 0x00, 0x00, 0x00, 0x00, 0x00, 0x00, 0x00, 0x00, 0x00, 0x00, 0x00, 0x00, 0x00, 0x00, 0x00,
    0x00, 0x00, 0x00, 0x00, 0x00, 0x00, 0x00, 0x00, 0x00, 0x00, 0x00, 0x00, 0x00, 0x00, 0x00, 0x00,
    0x00, 0x00, 0x00, 0x00, 0x00, 0x00, 0x00, 0x00, 0x00, 0x00, 0x00, 0x00, 0x00, 0x00, 0x00, 0x00,
    0x00, 0x00, 0x00, 0x00, 0x00, 0x00, 0x00, 0x00, 0x00, 0x00, 0x00, 0x00, 0x00, 0x00, 0x00, 0x00,
    0x00, 0x00, 0x00, 0x00, 0x00, 0x00, 0x00, 0x00, 0x00, 0x00, 0x00, 0x00, 0x00, 0x00, 0x00, 0x00,
    0x00, 0x00, 0x00, 0x00, 0x00, 0x00, 0x00, 0x00, 0x00, 0x00, 0x00, 0x00, 0x00, 0x00, 0x00, 0x00,
    0x00, 0x00, 0x00, 0x00, 0x00, 0x00, 0x00, 0x00, 0x00, 0x00, 0x00, 0x00, 0x00, 0x00, 0x00, 0x00,
    0x00, 0x00, 0x00, 0x00, 0x00, 0x09, 0xea, 0xff, 0x7c, 0x00, 0x00, 0x00, 0x00, 0x00, 0x00, 0x00,
    0x00, 0x00, 0x00, 0x00, 0x00, 0x00, 0x00, 0x00, 0x00, 0x00, 0x00, 0x00, 0x00, 0x00, 0x00, 0x00,
    0x00, 0x00, 0x00, 0x00, 0x00, 0x00, 0x1b, 0xff, 0xff, 0x83, 0x01, 0x00, 0x00, 0x00, 0x00, 0x00,
    0x00, 0x00, 0x00, 0x00, 0x00, 0x00, 0x54, 0xff, 0xd5, 0x00, 0x00, 0x00, 0x00, 0x00, 0x00, 0x00,
    0x00, 0x00, 0x00, 0x00, 0x00, 0x11, 0xf3, 0xff, 0x95, 0x00, 0x00, 0x00, 0x00, 0x00, 0x00, 0x00,
    0x00, 0x00, 0x00, 0x00, 0x00, 0x00, 0x00, 0x00, 0x00, 0x00, 0x00, 0x00, 0x00, 0x00, 0x00, 0x00,
    0x00, 0x00, 0x00, 0x00, 0x00, 0x00, 0x00, 0x00, 0x00, 0x00, 0x00, 0x00, 0x00, 0x00, 0x00, 0x00,
    0x00, 0x00, 0x00, 0x00, 0x00, 0x00, 0x00, 0x00, 0x00, 0x00, 0x00, 0x00, 0x00, 0x00, 0x00, 0x00,
    0x00, 0x00, 0x00, 0x00, 0x00, 0x00, 0x00, 0x00, 0x00, 0x00, 0x00, 0x00, 0x00, 0x00, 0x00, 0x00,
    0x00, 0x00, 0x00, 0x00, 0x00, 0x00, 0x00, 0x00, 0x00, 0x00, 0x00, 0x00, 0x00, 0x00, 0x00, 0x00,
    0x00, 0x00, 0x00, 0x00, 0x00, 0x00, 0x00, 0x8d, 0xb6, 0x00, 0x00, 0x00, 0x00, 0x00, 0x00, 0x00,
    0x00, 0x00, 0x00, 0x00, 0x00, 0x00, 0x00, 0x00, 0x00, 0x00, 0x00, 0x00, 0x00, 0x00, 0x00, 0x00,
    0x00, 0x00, 0x00, 0x00, 0x00, 0x00, 0x00, 0x00, 0x00, 0x00, 0x00, 0x00, 0x00, 0x00, 0x00, 0x00,
    0x00, 0x00, 0x00, 0x00, 0x00, 0x00, 0x00, 0x00, 0x00, 0x00, 0x00, 0x00, 0x00, 0x00, 0x00, 0x00,
    0x00, 0x00, 0x00, 0x00, 0x00, 0x00, 0x00, 0x00, 0x50, 0xff, 0xbe, 0x00, 0x00, 0x00, 0x00, 0x00,
    0x00, 0x00, 0x00, 0x00, 0x3c, 0xff, 0xd2, 0x01, 0x00, 0x00, 0x00, 0x00, 0x00, 0x00, 0x00, 0x00,
    0x00, 0x00, 0x00, 0x00, 0x00, 0x00, 0x00, 0x00, 0x00, 0x00, 0x00, 0x00, 0x00, 0x00, 0x00, 0x00,
    0x00, 0x00, 0x00, 0x00, 0x00, 0x00, 0x00, 0x00, 0x00, 0x00, 0x00, 0x00, 0x00, 0x00, 0x00, 0x00,
    0x00, 0x00, 0x00, 0x00, 0x00, 0xa4, 0xff, 0x94, 0x00, 0x00, 0x00, 0x00, 0x00, 0x00, 0x00, 0x00,
    0x00, 0x00, 0x00, 0x00, 0x00, 0x00, 0x00, 0x00, 0x00, 0x00, 0x00, 0x00, 0x00, 0x00, 0x00, 0x00,
    0x00, 0x00, 0x00, 0x00, 0x00, 0x00, 0x00, 0x00, 0x00, 0x00, 0x00, 0x00, 0x00, 0x00, 0x00, 0x00,
    0x00, 0x3e, 0x64, 0x4e, 0x00, 0x00, 0x00, 0x00, 0x00, 0x00, 0x00, 0x00, 0x00, 0x00, 0x00, 0x00,
    0x00, 0x00, 0x00, 0x00, 0x00, 0x00, 0x00, 0x00, 0x00, 0x00, 0x00, 0x00, 0x00, 0x00, 0x00, 0x00,
    0x00, 0x00, 0x00, 0x00, 0x00, 0x00, 0x00, 0x00, 0x00, 0x00, 0x00, 0x00, 0x00, 0x00, 0x00, 0x00,
    0x00, 0x00, 0x00, 0x00, 0x00, 0x00, 0x00, 0x00, 0x00, 0x00, 0x00, 0x00, 0x00, 0x00, 0x00, 0x00,
    0x00, 0x00, 0x00, 0x00, 0x00, 0x00, 0x00, 0x00, 0x00, 0x00, 0x00, 0x00, 0x00, 0x00, 0x00, 0x00,
    0x00, 0x00, 0x00, 0x00, 0x00, 0x00, 0x00, 0x00, 0x00, 0x00, 0x00, 0x00, 0x00, 0x00, 0x00, 0x00,
    0x00, 0x00, 0x00, 0x00, 0x00, 0x00, 0x00, 0x00, 0x00, 0x00, 0x00, 0x00, 0x00, 0x00, 0x00, 0x00,
    0x00, 0x00, 0x00, 0x00, 0x00, 0x00, 0x00, 0x00, 0x00, 0x00, 0x00, 0x00, 0x00, 0x00, 0x00, 0x00,
    0x00, 0x00, 0x00, 0x00, 0x00, 0x00, 0x00, 0x00, 0x00, 0x00, 0x00, 0x00, 0x00, 0x00, 0x00, 0x00,
    0x00, 0x00, 0x00, 0x00, 0x00, 0x00, 0x00, 0x00, 0x00, 0x00, 0x00, 0x00, 0x00, 0x00, 0x00, 0x00,
    0x00, 0x00, 0x00, 0x00, 0x00, 0x00, 0x00, 0x00, 0x00, 0x00, 0x00, 0x00, 0x00, 0x00, 0x00, 0x00,
    0x00, 0x00, 0x00, 0x00, 0x00, 0x00, 0x00, 0x00, 0x00, 0x00, 0x00, 0x00, 0x00, 0x00, 0x00, 0x00,
    0x00, 0x00, 0x00, 0x00, 0x00, 0xa4, 0xff, 0x94, 0x00, 0x00, 0x00, 0x00, 0x00, 0x00, 0x00, 0x00,
    0x00, 0x00, 0x00, 0x00, 0x00, 0x00, 0x00, 0x00, 0x00, 0x00, 0x00, 0x00, 0x00, 0x00, 0x00, 0x00,
    0x00, 0x00, 0x00, 0x00, 0x00, 0x00, 0x00, 0x00, 0x00, 0x00, 0x00, 0x00, 0x00, 0x00, 0x00, 0x00,
    0x00, 0x00, 0x00, 0x00, 0x00, 0x00, 0x00, 0x00, 0x00, 0x00, 0x00, 0x00, 0x00, 0x00, 0x00, 0x00,
    0x00, 0x00, 0x00, 0x00, 0x00, 0x00, 0x00, 0x00, 0x00, 0x00, 0x00, 0x00, 0x00, 0x00, 0x00, 0x00,
    0x00, 0x00, 0x00, 0x00, 0x31, 0xd6, 0xff, 0xff, 0xfd, 0xd9, 0xd8, 0xf7, 0xda, 0x00, 0x00, 0x00,
    0x00, 0x00, 0x00, 0x00, 0x00, 0x00, 0x00, 0x00, 0x00, 0x00, 0x00, 0x00, 0x00, 0x00, 0x00, 0x00,
    0x00, 0x00, 0x00, 0x00, 0x00, 0x00, 0x00, 0x00, 0x00, 0x00, 0x00, 0x00, 0x00, 0x00, 0x00, 0x00,
    0x00, 0x00, 0x00, 0x00, 0x00, 0x00, 0x00, 0x00, 0x00, 0x00, 0x00, 0x00, 0x00, 0x00, 0x00, 0x00,
    0x00, 0x00, 0x00, 0x00, 0x00, 0x00, 0x00, 0x00, 0x00, 0x00, 0x00, 0x00, 0x00, 0x00, 0x00, 0x00,
    0x00, 0x00, 0x00, 0x00, 0x00, 0x00, 0x00, 0x00, 0x00, 0x00, 0x00, 0x00, 0x00, 0x00, 0x00, 0x00,
    0x00, 0x00, 0x00, 0x00, 0x00, 0x00, 0x00, 0x00, 0x00, 0x00, 0x00, 0x00, 0x00, 0x00, 0x00, 0x00,
    0x00, 0x00, 0x00, 0x00, 0x00, 0x00, 0x00, 0x00, 0x00, 0x00, 0x00, 0x00, 0x00, 0x00, 0x00, 0x00,
    0x00, 0x00, 0x00, 0x00, 0x00, 0x00, 0x00, 0x00, 0x00, 0x00, 0x00, 0x00, 0x00, 0x00, 0x00, 0x00,
    0x00, 0x00, 0x00, 0x00, 0x00, 0x00, 0x00, 0x00, 0x00, 0x00, 0x00, 0x00, 0x00, 0x00, 0x00, 0x00,
    0x00, 0x00, 0x00, 0x00, 0x00, 0x00, 0x00, 0x00, 0x00, 0x00, 0x00, 0x00, 0x00, 0x00, 0x00, 0x00,
    0x00, 0x00, 0x00, 0x00, 0x00, 0x00, 0x00, 0x00, 0x00, 0x00, 0x00, 0x00, 0x00, 0x00, 0x00, 0x00,
    0x00, 0x00, 0x00, 0x00, 0x00, 0x00, 0x00, 0x00, 0x00, 0x00, 0x00, 0x00, 0x00, 0x00, 0x00, 0x00,
    0x00, 0x00, 0x00, 0x00, 0x00, 0x00, 0x00, 0x00, 0x00, 0x00, 0x00, 0x00, 0x00, 0x00, 0x00, 0x00,
    0x00, 0x00, 0x00, 0x00, 0x00, 0x00, 0x00, 0x00, 0x00, 0x00, 0x00, 0x00, 0x00, 0x00, 0x00, 0x00,
    0x00, 0x00, 0x00, 0x00, 0x00, 0x00, 0x00, 0x00, 0x00, 0x00, 0x00, 0x00, 0x00, 0x00, 0x00, 0x00,
    0x00, 0x00, 0x00, 0x00, 0x00, 0x00, 0x00, 0x00, 0x00, 0x00, 0x00, 0x00, 0x00, 0x00, 0x00, 0x00,
    0x00, 0x00, 0x00, 0x00, 0x00, 0x00, 0x00, 0x00, 0x00, 0x03, 0xa9, 0xfb, 0x86, 0x02, 0x00, 0x00,
    0x00, 0x00, 0x00, 0x00, 0x00, 0x00, 0x00, 0x00, 0x00, 0x00, 0x00, 0x00, 0x00, 0x00, 0x00, 0x00,
    0x00, 0x00, 0x00, 0x00, 0x00, 0x00, 0x00, 0x00, 0x00, 0x00, 0x00, 0x00, 0x00, 0x00, 0x00, 0x00,
    0x00, 0x00, 0x00, 0x00, 0x00, 0x00, 0x00, 0x00, 0x00, 0x00, 0x00, 0x00, 0x00, 0x00, 0x00, 0x00,
    0x00, 0x00, 0x00, 0x00, 0x00, 0x00, 0x00, 0x00, 0x00, 0x00, 0x00, 0x00, 0x00, 0x00, 0x00, 0x00,
    0x00, 0x00, 0x00, 0x00, 0x00, 0x00, 0x00, 0x00, 0x00, 0x00, 0x00, 0x00, 0x00, 0x00, 0x00, 0x00,
    0x00, 0x00, 0x00, 0x00, 0x00, 0x00, 0x00, 0x00, 0x00, 0x00, 0x00, 0x00, 0x00, 0x00, 0x00, 0x00,
    0x00, 0x00, 0x00, 0x00, 0x00, 0x00, 0x00, 0x00, 0x00, 0x00, 0x00, 0x00, 0x00, 0x00, 0x00, 0x00,
    0x00, 0x00, 0x00, 0x00, 0x00, 0x00, 0x00, 0x00, 0x00, 0x00, 0x00, 0x00, 0x00, 0x00, 0x00, 0x00,
    0x00, 0x00, 0x00, 0x00, 0x00, 0x00, 0x00, 0x00, 0x00, 0x00, 0x00, 0x00, 0x00, 0x00, 0x00, 0x00,
    0x00, 0x00, 0x00, 0x00, 0x00, 0x2c, 0xff, 0xff, 0xff, 0xff, 0xff, 0x29, 0x00, 0x00, 0x00, 0x00,
    0x00, 0x00, 0x00, 0x00, 0x00, 0x00, 0x00, 0x00, 0x00, 0x00, 0x00, 0x5a, 0x64, 0x31, 0x00, 0x00,
    0x00, 0x00, 0x00, 0x00, 0xa5, 0xff, 0xff, 0xff, 0xff, 0xb0, 0x00, 0x00, 0x00, 0x00, 0x00, 0x00,
    0x00, 0x00, 0x00, 0x00, 0x00, 0x00, 0x00, 0x00, 0x00, 0x00, 0x00, 0x00, 0x00, 0x00, 0x00, 0x00,
    0x00, 0x00, 0x00, 0x00, 0x00, 0x00, 0x00, 0x00, 0x00, 0x00, 0x00, 0x00, 0x00, 0x00, 0x00, 0x00,
    0x00, 0x00, 0x00, 0x00, 0x00, 0x00, 0x00, 0x00, 0x00, 0x00, 0x00, 0x00, 0x00, 0x00, 0x00, 0x00,
    0x00, 0x00, 0x00, 0x00, 0x00, 0x00, 0x00, 0x00, 0x00, 0x00, 0x00, 0x00, 0x00, 0x00, 0x00, 0x00,
    0x00, 0x00, 0x00, 0x00, 0x00, 0x00, 0x00, 0x00, 0x00, 0x00, 0x00, 0x00, 0x00, 0x00, 0x00, 0x00,
    0x00, 0x00, 0x00, 0x00, 0x00, 0x00, 0x00, 0x00, 0x00, 0x00, 0x00, 0x00, 0x00, 0x00, 0x00, 0x00,
    0x00, 0x00, 0x00, 0x00, 0x00, 0x00, 0x00, 0x00, 0x00, 0x00, 0x00, 0x00, 0x00, 0x00, 0x00, 0x00,
    0x00, 0x00, 0x00, 0x00, 0x00, 0x00, 0x00, 0x00, 0x00, 0x00, 0x00, 0x00, 0x00, 0x00, 0x00, 0x00,
    0x00, 0x00, 0x00, 0x00, 0x00, 0x00, 0x00, 0x00, 0x00, 0x00, 0x00, 0x00, 0x00, 0x00, 0x00, 0x00,
    0x00, 0x00, 0x00, 0x3e, 0x04, 0x00, 0x00, 0x00, 0x00, 0x1a, 0xec, 0xff, 0x64, 0x00, 0x00, 0x00,
    0x00, 0x00, 0x00, 0x00, 0x00, 0x00, 0x00, 0x00, 0x00, 0x00, 0x00, 0x00, 0x00, 0x00, 0x00, 0x00,
    0x00, 0x00, 0x00, 0x00, 0x00, 0x00, 0x00, 0x00, 0x00, 0x00, 0x00, 0x00, 0x00, 0x00, 0x00, 0x00,
    0x00, 0x00, 0x00, 0x00, 0x00, 0x00, 0x2a, 0xf6, 0xff, 0x81, 0x00, 0x00, 0x00, 0x00, 0x00, 0x00,
    0x00, 0x00, 0x00, 0x00, 0x00, 0x00, 0x00, 0x00, 0x00, 0x00, 0x00, 0x00, 0x00, 0x00, 0x00, 0x00,
    0x00, 0x00, 0x00, 0x00, 0x00, 0x00, 0x00, 0x00, 0x00, 0x00, 0x00, 0x00, 0x00, 0x00, 0x00, 0x00,
    0x00, 0x00, 0x00, 0x00, 0x00, 0x00, 0x00, 0x00, 0x00, 0x00, 0x00, 0x00, 0x00, 0x00, 0x00, 0x00,
    0x00, 0x00, 0x00, 0x00, 0x00, 0x00, 0x00, 0x00, 0x00, 0x00, 0x00, 0x00, 0x00, 0x00, 0x00, 0x00,
    0x00, 0x00, 0x00, 0x00, 0x00, 0x00, 0x00, 0x00, 0x00, 0x00, 0x00, 0x00, 0x00, 0x00, 0x00, 0x00,
    0x00, 0x00, 0x9b, 0xff, 0xb7, 0x00, 0x00, 0x00, 0x00, 0x00, 0x00, 0x00, 0x00, 0x00, 0x00, 0x00,
    0x00, 0x00, 0x00, 0x00, 0x00, 0x00, 0x00, 0x00, 0x00, 0x00, 0x0d, 0xff, 0xff, 0x46, 0x00, 0x00,
    0x00, 0x00, 0x00, 0x00, 0x00, 0x00, 0x00, 0x00, 0x00, 0x00, 0x00, 0x00, 0x00, 0x00, 0x00, 0x00,
    0x00, 0x00, 0x00, 0x00, 0x00, 0x00, 0x00, 0x00, 0x00, 0x00, 0x00, 0x00, 0x00, 0x00, 0x00, 0x00,
    0x00, 0x00, 0x00, 0x00, 0x00, 0x00, 0x00, 0x00, 0x00, 0x00, 0x00, 0x00, 0x00, 0x00, 0x00, 0x00,
    0x00, 0x00, 0x00, 0x00, 0x00, 0x00, 0x00, 0x00, 0x00, 0x00, 0x00, 0x00, 0x00, 0x00, 0x00, 0x00,
    0x00, 0x00, 0x00, 0x00, 0x00, 0x00, 0x00, 0x00, 0x00, 0x00, 0x00, 0x00, 0x00, 0x00, 0x00, 0x00,
    0x00, 0x00, 0x00, 0x00, 0x00, 0x00, 0x00, 0x00, 0x00, 0x00, 0x00, 0x00, 0x00, 0x00, 0x00, 0x00,
    0x00, 0x00, 0x00, 0x00, 0x00, 0x00, 0x00, 0x00, 0x00, 0x00, 0x00, 0x00, 0x00, 0x00, 0x00, 0x00,
    0x00, 0x00, 0x00, 0x00, 0x01, 0x88, 0xff, 0xf7, 0x18, 0x00, 0x00, 0x00, 0x00, 0x00, 0x00, 0x00,
    0x00, 0x00, 0x00, 0x00, 0x00, 0x00, 0x00, 0x00, 0x00, 0x00, 0x00, 0x00, 0x00, 0x00, 0x00, 0x00,
    0x00, 0x00, 0x00, 0x00, 0x00, 0x00, 0x00, 0xb6, 0xff, 0xff, 0xeb, 0xb1, 0x72, 0x00, 0x00, 0x00,
    0x00, 0x00, 0x00, 0x00, 0x00, 0x00, 0x54, 0xff, 0xd5, 0x00, 0x00, 0x00, 0x00, 0x00, 0x00, 0x00,
    0x00, 0x00, 0x22, 0x9f, 0xd0, 0xfd, 0xff, 0xfd, 0x33, 0x00, 0x00, 0x00, 0x00, 0x00, 0x00, 0x00,
    0x00, 0x00, 0x00, 0x00, 0x00, 0x00, 0x00, 0x00, 0x00, 0x00, 0x00, 0x00, 0x00, 0x00, 0x00, 0x00,
    0x00, 0x00, 0x00, 0x00, 0x00, 0x00, 0x00, 0x00, 0x00, 0x00, 0x00, 0x00, 0x00, 0x00, 0x00, 0x00,
    0x00, 0x00, 0x00, 0x00, 0x00, 0x00, 0x00, 0x00, 0x00, 0x00, 0x00, 0x00, 0x00, 0x00, 0x00, 0x00,
    0x00, 0x00, 0x00, 0x00, 0x00, 0x00, 0x00, 0x00, 0x00, 0x00, 0x00, 0x00, 0x00, 0x00, 0x00, 0x00,
    0x00, 0x00, 0x00, 0x00, 0x00, 0x00, 0x00, 0x00, 0x00, 0x00, 0x00, 0x00, 0x00, 0x00, 0x00, 0x00,
    0x00, 0x00, 0x00, 0x00, 0x00, 0x00, 0x00, 0x6f, 0x8e, 0x00, 0x00, 0x00, 0x00, 0x00, 0x00, 0x00,
    0x00, 0x00, 0x00, 0x00, 0x00, 0x00, 0x00, 0x00, 0x00, 0x00, 0x00, 0x00, 0x00, 0x00, 0x00, 0x00,
    0x00, 0x00, 0x00, 0x00, 0x00, 0x00, 0x00, 0x00, 0x00, 0x00, 0x00, 0x00, 0x00, 0x00, 0x00, 0x00,
    0x00, 0x00, 0x00, 0x00, 0x00, 0x00, 0x00, 0x00, 0x00, 0x00, 0x00, 0x00, 0x00, 0x00, 0x00, 0x00,
    0x00, 0x00, 0x00, 0x00, 0x00, 0x00, 0x00, 0x00, 0x01, 0x61, 0x65, 0x05, 0x00, 0x00, 0x00, 0x00,
    0x00, 0x00, 0x00, 0x00, 0x36, 0x65, 0x32, 0x00, 0x00, 0x00, 0x00, 0x00, 0x00, 0x00, 0x00, 0x00,
    0x00, 0x00, 0x00, 0x00, 0x00, 0x00, 0x00, 0x00, 0x00, 0x00, 0x00, 0x00, 0x00, 0x00, 0x00, 0x00,
    0x00, 0x00, 0x00, 0x00, 0x00, 0x00, 0x00, 0x00, 0x00, 0x00, 0x00, 0x00, 0x00, 0x00, 0x00, 0x00,
    0x00, 0x00, 0x00, 0x00, 0x00, 0x85, 0x9c, 0x1a, 0x00, 0x00, 0x00, 0x00, 0x00, 0x00, 0x00, 0x00,
    0x00, 0x00, 0x00, 0x00, 0x00, 0x00, 0x00, 0x00, 0x00, 0x00, 0x00, 0x00, 0x00, 0x00, 0x00, 0x00,
    0x00, 0x00, 0x00, 0x00, 0x00, 0x00, 0x00, 0x00, 0x00, 0x00, 0x00, 0x00, 0x00, 0x00, 0x00, 0x00,
    0x00, 0x00, 0x00, 0x00, 0x00, 0x00, 0x00, 0x00, 0x00, 0x00, 0x00, 0x00, 0x00, 0x00, 0x00, 0x00,
    0x00, 0x00, 0x00, 0x00, 0x00, 0x00, 0x00, 0x00, 0x00, 0x00, 0x00, 0x00, 0x00, 0x00, 0x00, 0x00,
    0x00, 0x00, 0x00, 0x00, 0x00, 0x00, 0x00, 0x00, 0x00, 0x00, 0x00, 0x00, 0x00, 0x00, 0x00, 0x00,
    0x00, 0x00, 0x00, 0x00, 0x00, 0x00, 0x00, 0x00, 0x00, 0x00, 0x00, 0x00, 0x00, 0x00, 0x00, 0x00,
    0x00, 0x00, 0x00, 0x00, 0x00, 0x00, 0x00, 0x00, 0x00, 0x00, 0x00, 0x00, 0x00, 0x00, 0x00, 0x00,
    0x00, 0x00, 0x00, 0x00, 0x00, 0x00, 0x00, 0x00, 0x00, 0x00, 0x00, 0x00, 0x00, 0x00, 0x00, 0x00,
    0x00, 0x00, 0x00, 0x00, 0x00, 0x00, 0x00, 0x00, 0x00, 0x00, 0x00, 0x00, 0x00, 0x00, 0x00, 0x00,
    0x00, 0x00, 0x00, 0x00, 0x00, 0x00, 0x00, 0x00, 0x00, 0x00, 0x00, 0x00, 0x00, 0x00, 0x00, 0x00,
    0x00, 0x00, 0x00, 0x00, 0x00, 0x00, 0x00, 0x00, 0x00, 0x00, 0x00, 0x00, 0x00, 0x00, 0x00, 0x00,
    0x00, 0x00, 0x00, 0x00, 0x00, 0x00, 0x00, 0x00, 0x00, 0x00, 0x00, 0x00, 0x00, 0x00, 0x00, 0x00,
    0x00, 0x00, 0x00, 0x00, 0x00, 0x00, 0x00, 0x00, 0x00, 0x00, 0x00, 0x00, 0x00, 0x00, 0x00, 0x00,
    0x00, 0x00, 0x00, 0x00, 0x00, 0x00, 0x00, 0x00, 0x00, 0x00, 0x00, 0x00, 0x00, 0x00, 0x00, 0x00,
    0x00, 0x00, 0x00, 0x00, 0x00, 0x85, 0x9c, 0x1a, 0x00, 0x00, 0x00, 0x00, 0x00, 0x00, 0x00, 0x00,
    0x00, 0x00, 0x00, 0x00, 0x00, 0x00, 0x00, 0x00, 0x00, 0x00, 0x00, 0x00, 0x00, 0x00, 0x00, 0x00,
    0x00, 0x00, 0x00, 0x00, 0x00, 0x00, 0x00, 0x00, 0x00, 0x00, 0x00, 0x00, 0x00, 0x00, 0x00, 0x00,
    0x00, 0x00, 0x00, 0x00, 0x00, 0x00, 0x00, 0x00, 0x00, 0x00, 0x00, 0x00, 0x00, 0x00, 0x00, 0x00,
    0x00, 0x00, 0x00, 0x00, 0x00, 0x00, 0x00, 0x00, 0x00, 0x00, 0x00, 0x00, 0x00, 0x00, 0x00, 0x00,
    0x00, 0x00, 0x00, 0x00, 0x00, 0x09, 0x5b, 0x8a, 0xb8, 0xe7, 0xf8, 0xdb, 0x98, 0x0c, 0x00, 0x00,
    0x00, 0x00, 0x00, 0x00, 0x00, 0x00, 0x00, 0x00, 0x00, 0x00, 0x00, 0x00, 0x00, 0x00, 0x00, 0x00,
    0x00, 0x00, 0x00, 0x00, 0x00, 0x00, 0x00, 0x00, 0x00, 0x00, 0x00, 0x00, 0x00, 0x00, 0x00, 0x00,
    0x00, 0x00, 0x00, 0x00, 0x00, 0x00, 0x00, 0x00, 0x00, 0x00, 0x00, 0x00, 0x00, 0x00, 0x00, 0x00,
    0x00, 0x00, 0x00, 0x00, 0x00, 0x00, 0x00, 0x00, 0x00, 0x00, 0x00, 0x00, 0x00, 0x00, 0x00, 0x00,
    0x00, 0x00, 0x00, 0x00, 0x00, 0x00, 0x00, 0x00, 0x00, 0x00, 0x00, 0x00, 0x00, 0x00, 0x00, 0x00,
    0x00, 0x00, 0x00, 0x00, 0x00, 0x00, 0x00, 0x00, 0x00, 0x00, 0x00, 0x00, 0x00, 0x00, 0x00, 0x00,
    0x00, 0x00, 0x00, 0x00, 0x00, 0x00, 0x00, 0x00, 0x00, 0x00, 0x00, 0x00, 0x00, 0x00, 0x00, 0x00,
    0x00, 0x00, 0x00, 0x00, 0x00, 0x00, 0x00, 0x00, 0x00, 0x00, 0x00, 0x00, 0x00, 0x00, 0x00, 0x00,
    0x00, 0x00, 0x00, 0x00, 0x00, 0x00, 0x00, 0x00, 0x00, 0x00, 0x00, 0x00, 0x00, 0x00, 0x00, 0x00,
    0x00, 0x00, 0x00, 0x00, 0x00, 0x00, 0x00, 0x00, 0x00, 0x00, 0x00, 0x00, 0x00, 0x00, 0x00, 0x00,
    0x00, 0x00, 0x00, 0x00, 0x00, 0x00, 0x00, 0x00, 0x00, 0x00, 0x00, 0x00, 0x00, 0x00, 0x00, 0x00,
    0x00, 0x00, 0x00, 0x00, 0x00, 0x00, 0x00, 0x00, 0x00, 0x00, 0x00, 0x00, 0x00, 0x00, 0x00, 0x00,
    0x00, 0x00, 0x00, 0x00, 0x00, 0x00, 0x00, 0x00, 0x00, 0x00, 0x00, 0x00, 0x00, 0x00, 0x00, 0x00,
    0x00, 0x00, 0x00, 0x00, 0x00, 0x00, 0x00, 0x00, 0x00, 0x00, 0x00, 0x00, 0x00, 0x00, 0x00, 0x00,
    0x00, 0x00, 0x00, 0x00, 0x00, 0x00, 0x00, 0x00, 0x00, 0x00, 0x00, 0x00, 0x00, 0x00, 0x00, 0x00,
    0x00, 0x00, 0x00, 0x00, 0x00, 0x00, 0x00, 0x00, 0x00, 0x00, 0x00, 0x00, 0x00, 0x00, 0x00, 0x00,
    0x00, 0x00, 0x00, 0x00, 0x00, 0x00, 0x00, 0x00, 0x00, 0x00, 0x05, 0x2d, 0x00, 0x00, 0x00, 0x00,
    0x00, 0x00, 0x00, 0x00, 0x00, 0x00, 0x00, 0x00, 0x00, 0x00, 0x00, 0x00, 0x00, 0x00, 0x00, 0x00,
    0x00, 0x00, 0x00, 0x00, 0x00, 0x00, 0x00, 0x00, 0x00, 0x00, 0x00, 0x00, 0x00, 0x00, 0x00, 0x00,
    0x00, 0x00, 0x00, 0x00, 0x00, 0x00, 0x00, 0x00, 0x00, 0x00, 0x00, 0x00, 0x00, 0x00, 0x00, 0x00,
    0x00, 0x00, 0x00, 0x00, 0x00, 0x00, 0x00, 0x00, 0x00, 0x00, 0x00, 0x00, 0x00, 0x00, 0x00, 0x00,
    0x00, 0x00, 0x00, 0x00, 0x00, 0x00, 0x00, 0x00, 0x00, 0x00, 0x00, 0x00, 0x00, 0x00, 0x00, 0x00,
    0x00, 0x00, 0x00, 0x00, 0x00, 0x00, 0x00, 0x00, 0x00, 0x00, 0x00, 0x00, 0x00, 0x00, 0x00, 0x00,
    0x00, 0x00, 0x00, 0x00, 0x00, 0x00, 0x00, 0x00, 0x00, 0x00, 0x00, 0x00, 0x00, 0x00, 0x00, 0x00,
    0x00, 0x00, 0x00, 0x00, 0x00, 0x00, 0x00, 0x00, 0x00, 0x00, 0x00, 0x00, 0x00, 0x00, 0x00, 0x00,
    0x00, 0x00, 0x00, 0x00, 0x00, 0x00, 0x00, 0x00, 0x00, 0x00, 0x00, 0x00, 0x00, 0x00, 0x00, 0x00,
    0x00, 0x00, 0x00, 0x00, 0x00, 0x12, 0x65, 0x65, 0x65, 0x65, 0x65, 0x10, 0x00, 0x00, 0x00, 0x00,
    0x00, 0x00, 0x00, 0x00, 0x00, 0x00, 0x00, 0x00, 0x00, 0x00, 0x00, 0x00, 0x00, 0x00, 0x00, 0x00,
    0x00, 0x00, 0x00, 0x00, 0x42, 0x65, 0x65, 0x65, 0x65, 0x46, 0x00, 0x00, 0x00, 0x00, 0x00, 0x00,
    0x00, 0x00, 0x00, 0x00, 0x00, 0x00, 0x00, 0x00, 0x00, 0x00, 0x00, 0x00, 0x00, 0x00, 0x00, 0x00,
    0x00, 0x00, 0x00, 0x00, 0x00, 0x00, 0x00, 0x00, 0x00, 0x00, 0x00, 0x00, 0x00, 0x00, 0x00, 0x00,
    0x00, 0x00, 0x00, 0x00, 0x00, 0x00, 0x00, 0x00, 0x00, 0x00, 0x00, 0x00, 0x00, 0x00, 0x00, 0x00,
    0x00, 0x00, 0x00, 0x00, 0x00, 0x00, 0x00, 0x00, 0x00, 0x00, 0x00, 0x00, 0x00, 0x00, 0x00, 0x00,
    0x00, 0x00, 0x00, 0x00, 0x00, 0x00, 0x00, 0x00, 0x00, 0x00, 0x00, 0x00, 0x00, 0x00, 0x00, 0x00,
    0x00, 0x00, 0x00, 0x00, 0x00, 0x00, 0x00, 0x00, 0x00, 0x00, 0x00, 0x00, 0x00, 0x00, 0x00, 0x00,
    0x00, 0x00, 0x00, 0x00, 0x00, 0x00, 0x00, 0x00, 0x00, 0x00, 0x00, 0x00, 0x00, 0x00, 0x00, 0x00,
    0x00, 0x00, 0x00, 0x00, 0x00, 0x00, 0x00, 0x00, 0x00, 0x00, 0x00, 0x00, 0x00, 0x00, 0x00, 0x00,
    0x00, 0x00, 0x00, 0x00, 0x00, 0x00, 0x00, 0x00, 0x00, 0x00, 0x00, 0x00, 0x00, 0x00, 0x00, 0x00,
    0x00, 0x00, 0x00, 0xe0, 0xe6, 0x95, 0x6b, 0x5d, 0x85, 0xed, 0xff, 0xd1, 0x03, 0x00, 0x00, 0x00,
    0x00, 0x00, 0x00, 0x00, 0x00, 0x00, 0x00, 0x00, 0x00, 0x00, 0x00, 0x00, 0x00, 0x00, 0x00, 0x00,
    0x00, 0x00, 0x00, 0x00, 0x00, 0x00, 0x00, 0x00, 0x00, 0x00, 0x00, 0x00, 0x00, 0x00, 0x00, 0x00,
    0x00, 0x00, 0x65, 0x9a, 0x9a, 0xb8, 0xfe, 0xff, 0xf0, 0x13, 0x00, 0x00, 0x00, 0x00, 0x00, 0x00,
    0x00, 0x00, 0x00, 0x00, 0x00, 0x00, 0x00, 0x00, 0x00, 0x00, 0x00, 0x00, 0x00, 0x00, 0x00, 0x00,
    0x00, 0x00, 0x00, 0x00, 0x00, 0x00, 0x00, 0x00, 0x00, 0x00, 0x00, 0x00, 0x00, 0x00, 0x00, 0x00,
    0x00, 0x00, 0x00, 0x00, 0x00, 0x00, 0x00, 0x00, 0x00, 0x00, 0x00, 0x00, 0x00, 0x00, 0x00, 0x00,
    0x00, 0x00, 0x00, 0x00, 0x00, 0x00, 0x00, 0x00, 0x00, 0x00, 0x00, 0x00, 0x00, 0x00, 0x00, 0x00,
    0x00, 0x00, 0x00, 0x00, 0x00, 0x00, 0x00, 0x00, 0x00, 0x00, 0x00, 0x00, 0x00, 0x00, 0x00, 0x00,
    0x00, 0x00, 0x9b, 0xff, 0xb7, 0x00, 0x00, 0x00, 0x00, 0x00, 0x00, 0x00, 0x00, 0x00, 0x00, 0x00,
    0x00, 0x00, 0x00, 0x00, 0x00, 0x00, 0x00, 0x00, 0x00, 0x00, 0x0d, 0xff, 0xff, 0x46, 0x00, 0x00,
    0x00, 0x00, 0x00, 0x00, 0x00, 0x00, 0x00, 0x00, 0x00, 0x00, 0x00, 0x00, 0x00, 0x00, 0x00, 0x00,
    0x00, 0x00, 0x00, 0x00, 0x00, 0x00, 0x00, 0x00, 0x00, 0x00, 0x00, 0x00, 0x00, 0x00, 0x00, 0x00,
    0x00, 0x00, 0x00, 0x00, 0x00, 0x00, 0x00, 0x00, 0x00, 0x00, 0x00, 0x00, 0x00, 0x00, 0x00, 0x00,
    0x00, 0x00, 0x00, 0x00, 0x00, 0x00, 0x00, 0x00, 0x00, 0x00, 0x00, 0x00, 0x00, 0x00, 0x00, 0x00,
    0x00, 0x00, 0x00, 0x00, 0x00, 0x00, 0x00, 0x00, 0x00, 0x00, 0x00, 0x00, 0x00, 0x00, 0x00, 0x00,
    0x00, 0x00, 0x00, 0x00, 0x00, 0x00, 0x00, 0x00, 0x00, 0x00, 0x00, 0x00, 0x00, 0x00, 0x00, 0x00,
    0x00, 0x00, 0x00, 0x00, 0x00, 0x00, 0x00, 0x00, 0x00, 0x00, 0x00, 0x00, 0x00, 0x00, 0x00, 0x00,
    0x00, 0x00, 0x65, 0x98, 0xdf, 0xff, 0xff, 0x82, 0x00, 0x00, 0x00, 0x00, 0x00, 0x00, 0x00, 0x00,
    0x00, 0x00, 0x00, 0x00, 0x00, 0x00, 0x00, 0x00, 0x00, 0x00, 0x00, 0x00, 0x00, 0x00, 0x00, 0x00,
    0x00, 0x00, 0x00, 0x00, 0x00, 0x00, 0x00, 0x1d, 0x9c, 0xf6, 0xff, 0xff, 0xbb, 0x00, 0x00, 0x00,
    0x00, 0x00, 0x00, 0x00, 0x00, 0x00, 0x54, 0xff, 0xd5, 0x00, 0x00, 0x00, 0x00, 0x00, 0x00, 0x00,
    0x00, 0x00, 0x38, 0xff, 0xff, 0xff, 0xd1, 0x59, 0x00, 0x00, 0x00, 0x00, 0x00, 0x00, 0x00, 0x00,
    0x00, 0x00, 0x00, 0x00, 0x00, 0x00, 0x00, 0x00, 0x00, 0x00, 0x00, 0x00, 0x00, 0x00, 0x00, 0x00,
    0x00, 0x00, 0x00, 0x00, 0x00, 0x00, 0x00, 0x00, 0x00, 0x00, 0x00, 0x00, 0x00, 0x00, 0x00, 0x00,
    0x00, 0x00, 0x00, 0x00, 0x00, 0x00, 0x00, 0x00, 0x00, 0x00, 0x00, 0x00, 0x00, 0x00, 0x00, 0x00,
    0x00, 0x00, 0x00, 0x00, 0x00, 0x00, 0x00, 0x00, 0x00, 0x00, 0x00, 0x00, 0x00, 0x00, 0x00, 0x00,
    0x00, 0x00, 0x00, 0x00, 0x00, 0x00, 0x00, 0x00, 0x00, 0x00, 0x00, 0x00, 0x00, 0x00, 0x00, 0x00,
    0x00, 0x00, 0x00, 0x00, 0x00, 0x00, 0x00, 0x00, 0x00, 0x00, 0x00, 0x00, 0x00, 0x00, 0x00, 0x00,
    0x00, 0x00, 0x00, 0x00, 0x00, 0x00, 0x00, 0x00, 0x00, 0x00, 0x00, 0x00, 0x00, 0x00, 0x00, 0x00,
    0x00, 0x00, 0x00, 0x00, 0x00, 0x00, 0x00, 0x00, 0x00, 0x00, 0x00, 0x00, 0x00, 0x00, 0x00, 0x00,
    0x00, 0x00, 0x00, 0x00, 0x00, 0x00, 0x00, 0x00, 0x00, 0x00, 0x00, 0x00, 0x00, 0x00, 0x00, 0x00,
    0x00, 0x00, 0x00, 0x00, 0x00, 0x00, 0x00, 0x00, 0x00, 0x00, 0x00, 0x00, 0x00, 0x00, 0x00, 0x00,
    0x00, 0x00, 0x00, 0x00, 0x00, 0x00, 0x00, 0x00, 0x00, 0x00, 0x00, 0x00, 0x00, 0x00, 0x00, 0x00,
    0x00, 0x00, 0x00, 0x00, 0x00, 0x00, 0x00, 0x00, 0x00, 0x00, 0x00, 0x00, 0x00, 0x00, 0x00, 0x00,
    0x00, 0x00, 0x00, 0x00, 0x00, 0x00, 0x00, 0x00, 0x00, 0x00, 0x00, 0x00, 0x00, 0x00, 0x00, 0x00,
    0x00, 0x00, 0x00, 0x00, 0x00, 0x00, 0x00, 0x00, 0x00, 0x00, 0x00, 0x00, 0x00, 0x00, 0x00, 0x00,
    0x00, 0x00, 0x00, 0x00, 0x00, 0x00, 0x00, 0x00, 0x00, 0x00, 0x00, 0x00, 0x00, 0x00, 0x00, 0x00,
    0x00, 0x00, 0x00, 0x00, 0x00, 0x00, 0x00, 0x00, 0x00, 0x00, 0x00, 0x00, 0x00, 0x00, 0x00, 0x00,
    0x00, 0x00, 0x00, 0x00, 0x00, 0x00, 0x00, 0x00, 0x00, 0x00, 0x00, 0x00, 0x00, 0x00, 0x00, 0x00,
    0x00, 0x00, 0x00, 0x00, 0x00, 0x00, 0x00, 0x00, 0x00, 0x00, 0x00, 0x00, 0x00, 0x00, 0x00, 0x00,
    0x00, 0x00, 0x00, 0x00, 0x00, 0x00, 0x00, 0x00, 0x00, 0x00, 0x00, 0x00, 0x00, 0x00, 0x00, 0x00,
    0x00, 0x00, 0x00, 0x00, 0x00, 0x00, 0x00, 0x00, 0x00, 0x00, 0x00, 0x00, 0x00, 0x00, 0x00, 0x00,
    0x00, 0x00, 0x00, 0x00, 0x00, 0x00, 0x00, 0x00, 0x00, 0x00, 0x00, 0x00, 0x00, 0x00, 0x00, 0x00,
    0x00, 0x00, 0x00, 0x00, 0x00, 0x00, 0x00, 0x00, 0x00, 0x00, 0x00, 0x00, 0x00, 0x00, 0x00, 0x00,
    0x00, 0x00, 0x00, 0x00, 0x00, 0x00, 0x00, 0x00, 0x00, 0x00, 0x00, 0x00, 0x00, 0x00, 0x00, 0x00,
    0x00, 0x00, 0x00, 0x00, 0x00, 0x00, 0x00, 0x00, 0x00, 0x00, 0x00, 0x00, 0x00, 0x00, 0x00, 0x00,
    0x00, 0x00, 0x00, 0x00, 0x00, 0x00, 0x00, 0x00, 0x00, 0x00, 0x00, 0x00, 0x00, 0x00, 0x00, 0x00,
    0x00, 0x00, 0x00, 0x00, 0x00, 0x00, 0x00, 0x00, 0x00, 0x00, 0x00, 0x00, 0x00, 0x00, 0x00, 0x00,
    0x00, 0x00, 0x00, 0x00, 0x00, 0x00, 0x00, 0x00, 0x00, 0x00, 0x00, 0x00, 0x00, 0x00, 0x00, 0x00,
    0x00, 0x00, 0x00, 0x00, 0x00, 0x00, 0x00, 0x00, 0x00, 0x00, 0x00, 0x00, 0x00, 0x00, 0x00, 0x00,
    0x00, 0x00, 0x00, 0x00, 0x00, 0x00, 0x00, 0x00, 0x00, 0x00, 0x00, 0x00, 0x00, 0x00, 0x00, 0x00,
    0x00, 0x00, 0x00, 0x00, 0x00, 0x00, 0x00, 0x00, 0x00, 0x00, 0x00, 0x00, 0x00, 0x00, 0x00, 0x00,
    0x00, 0x00, 0x00, 0x00, 0x00, 0x00, 0x00, 0x00, 0x00, 0x00, 0x00, 0x00, 0x00, 0x00, 0x00, 0x00,
    0x00, 0x00, 0x00, 0x00, 0x00, 0x00, 0x00, 0x00, 0x00, 0x00, 0x00, 0x00, 0x00, 0x00, 0x00, 0x00,
    0x00, 0x00, 0x00, 0x00, 0x00, 0x00, 0x00, 0x00, 0x00, 0x00, 0x00, 0x00, 0x00, 0x00, 0x00, 0x00,
    0x00, 0x00, 0x00, 0x00, 0x00, 0x00, 0x00, 0x00, 0x00, 0x00, 0x00, 0x00, 0x00, 0x00, 0x00, 0x00,
    0x00, 0x00, 0x00, 0x00, 0x00, 0x00, 0x00, 0x00, 0x00, 0x00, 0x00, 0x00, 0x00, 0x00, 0x00, 0x00,
    0x00, 0x00, 0x00, 0x00, 0x00, 0x00, 0x00, 0x00, 0x00, 0x00, 0x00, 0x00, 0x00, 0x00, 0x00, 0x00,
    0x00, 0x00, 0x00, 0x00, 0x00, 0x00, 0x00, 0x00, 0x00, 0x00, 0x00, 0x00, 0x00, 0x00, 0x00, 0x00,
    0x00, 0x00, 0x00, 0x00, 0x00, 0x00, 0x00, 0x00, 0x00, 0x00, 0x00, 0x00, 0x00, 0x00, 0x00, 0x00,
    0x00, 0x00, 0x00, 0x00, 0x00, 0x00, 0x00, 0x00, 0x00, 0x00, 0x00, 0x00, 0x00, 0x00, 0x00, 0x00,
    0x00, 0x00, 0x00, 0x00, 0x00, 0x00, 0x00, 0x00, 0x00, 0x00, 0x00, 0x00, 0x00, 0x00, 0x00, 0x00,
    0x00, 0x00, 0x00, 0x00, 0x00, 0x00, 0x00, 0x00, 0x00, 0x00, 0x00, 0x00, 0x00, 0x00, 0x00, 0x00,
    0x00, 0x00, 0x00, 0x00, 0x00, 0x00, 0x00, 0x00, 0x00, 0x00, 0x00, 0x00, 0x00, 0x00, 0x00, 0x00,
    0x00, 0x00, 0x00, 0x00, 0x00, 0x00, 0x00, 0x00, 0x00, 0x00, 0x00, 0x00, 0x00, 0x00, 0x00, 0x00,
    0x00, 0x00, 0x00, 0x00, 0x00, 0x00, 0x00, 0x00, 0x00, 0x00, 0x00, 0x00, 0x00, 0x00, 0x00, 0x00,
    0x00, 0x00, 0x00, 0x00, 0x00, 0x00, 0x00, 0x00, 0x00, 0x00, 0x00, 0x00, 0x00, 0x00, 0x00, 0x00,
    0x00, 0x00, 0x00, 0x00, 0x00, 0x00, 0x00, 0x00, 0x00, 0x00, 0x00, 0x00, 0x00, 0x00, 0x00, 0x00,
    0x00, 0x00, 0x00, 0x00, 0x00, 0x00, 0x00, 0x00, 0x00, 0x00, 0x00, 0x00, 0x00, 0x00, 0x00, 0x00,
    0x00, 0x00, 0x00, 0x00, 0x00, 0x00, 0x00, 0x00, 0x00, 0x00, 0x00, 0x00, 0x00, 0x00, 0x00, 0x00,
    0x00, 0x00, 0x00, 0x00, 0x00, 0x00, 0x00, 0x00, 0x00, 0x00, 0x00, 0x00, 0x00, 0x00, 0x00, 0x00,
    0x00, 0x00, 0x00, 0x00, 0x00, 0x00, 0x00, 0x00, 0x00, 0x00, 0x00, 0x00, 0x00, 0x00, 0x00, 0x00,
    0x00, 0x00, 0x00, 0x00, 0x00, 0x00, 0x00, 0x00, 0x00, 0x00, 0x00, 0x00, 0x00, 0x00, 0x00, 0x00,
    0x00, 0x00, 0x00, 0x00, 0x00, 0x00, 0x00, 0x00, 0x00, 0x00, 0x00, 0x00, 0x00, 0x00, 0x00, 0x00,
    0x00, 0x00, 0x00, 0x00, 0x00, 0x00, 0x00, 0x00, 0x00, 0x00, 0x00, 0x00, 0x00, 0x00, 0x00, 0x00,
    0x00, 0x00, 0x00, 0x00, 0x00, 0x00, 0x00, 0x00, 0x00, 0x00, 0x00, 0x00, 0x00, 0x00, 0x00, 0x00,
    0x00, 0x00, 0x00, 0x00, 0x00, 0x00, 0x00, 0x00, 0x00, 0x00, 0x00, 0x00, 0x00, 0x00, 0x00, 0x00,
    0x00, 0x00, 0x00, 0x00, 0x00, 0x00, 0x00, 0x00, 0x00, 0x00, 0x00, 0x00, 0x00, 0x00, 0x00, 0x00,
    0x00, 0x00, 0x00, 0x00, 0x00, 0x00, 0x00, 0x00, 0x00, 0x00, 0x00, 0x00, 0x00, 0x00, 0x00, 0x00,
    0x00, 0x00, 0x00, 0x00, 0x00, 0x00, 0x00, 0x00, 0x00, 0x00, 0x00, 0x00, 0x00, 0x00, 0x00, 0x00,
    0x00, 0x00, 0x00, 0x00, 0x00, 0x00, 0x00, 0x00, 0x00, 0x00, 0x00, 0x00, 0x00, 0x00, 0x00, 0x00,
    0x00, 0x00, 0x00, 0x00, 0x00, 0x00, 0x00, 0x00, 0x00, 0x00, 0x00, 0x00, 0x00, 0x00, 0x00, 0x00,
    0x00, 0x00, 0x00, 0x00, 0x00, 0x00, 0x00, 0x00, 0x00, 0x00, 0x00, 0x00, 0x00, 0x00, 0x00, 0x00,
    0x00, 0x00, 0x00, 0x00, 0x00, 0x00, 0x00, 0x00, 0x00, 0x00, 0x00, 0x00, 0x00, 0x00, 0x00, 0x00,
    0x00, 0x00, 0x00, 0x00, 0x00, 0x00, 0x00, 0x00, 0x00, 0x00, 0x00, 0x00, 0x00, 0x00, 0x00, 0x00,
    0x00, 0x00, 0x00, 0x00, 0x00, 0x00, 0x00, 0x00, 0x00, 0x00, 0x00, 0x00, 0x00, 0x00, 0x00, 0x00,
    0x00, 0x00, 0x00, 0x00, 0x00, 0x00, 0x00, 0x00, 0x00, 0x00, 0x00, 0x00, 0x00, 0x00, 0x00, 0x00,
    0x00, 0x00, 0x00, 0x00, 0x00, 0x00, 0x00, 0x00, 0x00, 0x00, 0x00, 0x00, 0x00, 0x00, 0x00, 0x00,
    0x00, 0x00, 0x00, 0x00, 0x00, 0x00, 0x00, 0x00, 0x00, 0x00, 0x00, 0x00, 0x00, 0x00, 0x00, 0x00,
    0x00, 0x00, 0x00, 0x00, 0x00, 0x00, 0x00, 0x00, 0x00, 0x00, 0x00, 0x00, 0x00, 0x00, 0x00, 0x00,
    0x00, 0x00, 0x00, 0x00, 0x00, 0x00, 0x00, 0x00, 0x00, 0x00, 0x00, 0x00, 0x00, 0x00, 0x00, 0x00,
    0x00, 0x00, 0x00, 0x00, 0x00, 0x00, 0x00, 0x00, 0x00, 0x00, 0x00, 0x00, 0x00, 0x00, 0x00, 0x00,
    0x00, 0x00, 0x00, 0x00, 0x00, 0x00, 0x00, 0x00, 0x00, 0x00, 0x00, 0x00, 0x00, 0x00, 0x00, 0x00,
    0x00, 0x00, 0x00, 0x00, 0x00, 0x00, 0x00, 0x00, 0x00, 0x00, 0x00, 0x00, 0x00, 0x00, 0x00, 0x00,
    0x00, 0x00, 0x00, 0xd4, 0xff, 0xff, 0xff, 0xff, 0xff, 0xff, 0xa3, 0x12, 0x00, 0x00, 0x00, 0x00,
    0x00, 0x00, 0x00, 0x00, 0x00, 0x00, 0x00, 0x00, 0x00, 0x00, 0x00, 0x00, 0x00, 0x00, 0x00, 0x00,
    0x00, 0x00, 0x00, 0x00, 0x00, 0x00, 0x00, 0x00, 0x00, 0x00, 0x00, 0x00, 0x00, 0x00, 0x00, 0x00,
    0x00, 0x00, 0xa8, 0xff, 0xff, 0xff, 0xff, 0xdf, 0x39, 0x00, 0x00, 0x00, 0x00, 0x00, 0x00, 0x00,
    0x00, 0x00, 0x00, 0x00, 0x00, 0x00, 0x00, 0x00, 0x00, 0x00, 0x00, 0x00, 0x00, 0x00, 0x00, 0x00,
    0x00, 0x00, 0x00, 0x00, 0x00, 0x00, 0x00, 0x00, 0x00, 0x00, 0x00, 0x00, 0x00, 0x00, 0x00, 0x00,
    0x00, 0x00, 0x00, 0x00, 0x00, 0x00, 0x00, 0x00, 0x00, 0x00, 0x00, 0x00, 0x00, 0x00, 0x00, 0x00,
    0x00, 0x00, 0x00, 0x00, 0x00, 0x00, 0x00, 0x00, 0x00, 0x00, 0x00, 0x00, 0x00, 0x00, 0x00, 0x00,
    0x00, 0x00, 0x00, 0x00, 0x00, 0x00, 0x00, 0x00, 0x00, 0x00, 0x00, 0x00, 0x00, 0x00, 0x00, 0x00,
    0x00, 0x00, 0x9b, 0xff, 0xb7, 0x00, 0x00, 0x00, 0x00, 0x00, 0x00, 0x00, 0x00, 0x00, 0x00, 0x00,
    0x00, 0x00, 0x00, 0x00, 0x00, 0x00, 0x00, 0x00, 0x00, 0x00, 0x0d, 0xff, 0xff, 0x46, 0x00, 0x00,
    0x00, 0x00, 0x00, 0x00, 0x00, 0x00, 0x00, 0x00, 0x00, 0x00, 0x00, 0x00, 0x00, 0x00, 0x00, 0x00,
    0x00, 0x00, 0x00, 0x00, 0x00, 0x00, 0x00, 0x00, 0x00, 0x00, 0x00, 0x00, 0x00, 0x00, 0x00, 0x00,
    0x00, 0x00, 0x00, 0x00, 0x00, 0x00, 0x00, 0x00, 0x00, 0x00, 0x00, 0x00, 0x00, 0x00, 0x00, 0x00,
    0x00, 0x00, 0x00, 0x00, 0x00, 0x00, 0x00, 0x00, 0x00, 0x00, 0x00, 0x00, 0x00, 0x00, 0x00, 0x00,
    0x00, 0x00, 0x00, 0x00, 0x00, 0x00, 0x00, 0x00, 0x00, 0x00, 0x00, 0x00, 0x00, 0x00, 0x00, 0x00,
    0x00, 0x00, 0x00, 0x00, 0x00, 0x00, 0x00, 0x00, 0x00, 0x00, 0x00, 0x00, 0x00, 0x00, 0x00, 0x00,
    0x00, 0x00, 0x00, 0x00, 0x00, 0x00, 0x00, 0x00, 0x00, 0x00, 0x00, 0x00, 0x00, 0x00, 0x00, 0x00,
    0x00, 0x00, 0xaf, 0xff, 0xff, 0xfc, 0x8d, 0x00, 0x00, 0x00, 0x00, 0x00, 0x00, 0x00, 0x00, 0x00,
    0x00, 0x00, 0x00, 0x00, 0x00, 0x00, 0x00, 0x00, 0x00, 0x00, 0x00, 0x00, 0x00, 0x00, 0x00, 0x00,
    0x00, 0x00, 0x00, 0x00, 0x00, 0x00, 0x00, 0x00, 0x00, 0x01, 0x13, 0x2a, 0x26, 0x00, 0x00, 0x00,
    0x00, 0x00, 0x00, 0x00, 0x00, 0x00, 0x54, 0xff, 0xd5, 0x00, 0x00, 0x00, 0x00, 0x00, 0x00, 0x00,
    0x00, 0x00, 0x0b, 0x32, 0x1e, 0x08, 0x00, 0x00, 0x00, 0x00, 0x00, 0x00, 0x00, 0x00, 0x00, 0x00,
    0x00, 0x00, 0x00, 0x00, 0x00, 0x00, 0x00, 0x00, 0x00, 0x00, 0x00, 0x00, 0x00, 0x00, 0x00, 0x00,
    0x00, 0x00, 0x00, 0x00, 0x00, 0x00, 0x00, 0x00, 0x00, 0x00, 0x00, 0x00, 0x00, 0x00, 0x00, 0x00,
    0x00, 0x00, 0x00, 0x00, 0x00, 0x00, 0x00, 0x00, 0x00, 0x00, 0x00, 0x00, 0x00, 0x00, 0x00, 0x00,
    0x00, 0x00, 0x00, 0x00, 0x00, 0x00, 0x00, 0x00, 0x00, 0x00, 0x00, 0x00, 0x00, 0x00, 0x00, 0x00,
    0x00, 0x00, 0x00, 0x00, 0x00, 0x00, 0x00, 0x00, 0x00, 0x00, 0x00, 0x00, 0x00, 0x00, 0x00, 0x00,
    0x00, 0x00, 0x00, 0x00, 0x00, 0x00, 0x00, 0x00, 0x00, 0x00, 0x00, 0x00, 0x00, 0x00, 0x00, 0x00,
    0x00, 0x00, 0x00, 0x00, 0x00, 0x00, 0x00, 0x00, 0x00, 0x00, 0x00, 0x00, 0x00, 0x00, 0x00, 0x00,
    0x00, 0x00, 0x00, 0x00, 0x00, 0x00, 0x00, 0x00, 0x00, 0x00, 0x00, 0x00, 0x00, 0x00, 0x00, 0x00,
    0x00, 0x00, 0x00, 0x00, 0x00, 0x00, 0x00, 0x00, 0x00, 0x00, 0x00, 0x00, 0x00, 0x00, 0x00, 0x00,
    0x00, 0x00, 0x00, 0x00, 0x00, 0x00, 0x00, 0x00, 0x00, 0x00, 0x00, 0x00, 0x00, 0x00, 0x00, 0x00,
    0x00, 0x00, 0x00, 0x00, 0x00, 0x00, 0x00, 0x00, 0x00, 0x00, 0x00, 0x00, 0x00, 0x00, 0x00, 0x00,
    0x00, 0x00, 0x00, 0x00, 0x00, 0x00, 0x00, 0x00, 0x00, 0x00, 0x00, 0x00, 0x00, 0x00, 0x00, 0x00,
    0x00, 0x00, 0x00, 0x00, 0x00, 0x00, 0x00, 0x00, 0x00, 0x00, 0x00, 0x00, 0x00, 0x00, 0x00, 0x00,
    0x00, 0x00, 0x00, 0x00, 0x00, 0x00, 0x00, 0x00, 0x00, 0x00, 0x00, 0x00, 0x00, 0x00, 0x00, 0x00,
    0x00, 0x00, 0x00, 0x00, 0x00, 0x00, 0x00, 0x00, 0x00, 0x00, 0x00, 0x00, 0x00, 0x00, 0x00, 0x00,
    0x00, 0x00, 0x00, 0x00, 0x00, 0x00, 0x00, 0x00, 0x00, 0x00, 0x00, 0x00, 0x00, 0x00, 0x00, 0x00,
    0x00, 0x00, 0x00, 0x00, 0x00, 0x00, 0x00, 0x00, 0x00, 0x00, 0x00, 0x00, 0x00, 0x00, 0x00, 0x00,
    0x00, 0x00, 0x00, 0x00, 0x00, 0x00, 0x00, 0x00, 0x00, 0x00, 0x00, 0x00, 0x00, 0x00, 0x00, 0x00,
    0x00, 0x00, 0x00, 0x00, 0x00, 0x00, 0x00, 0x00, 0x00, 0x00, 0x00, 0x00, 0x00, 0x00, 0x00, 0x00,
    0x00, 0x00, 0x00, 0x00, 0x00, 0x00, 0x00, 0x00, 0x00, 0x00, 0x00, 0x00, 0x00, 0x00, 0x00, 0x00,
    0x00, 0x00, 0x00, 0x00, 0x00, 0x00, 0x00, 0x00, 0x00, 0x00, 0x00, 0x00, 0x00, 0x00, 0x00, 0x00,
    0x00, 0x00, 0x00, 0x00, 0x00, 0x00, 0x00, 0x00, 0x00, 0x00, 0x00, 0x00, 0x00, 0x00, 0x00, 0x00,
    0x00, 0x00, 0x00, 0x00, 0x00, 0x00, 0x00, 0x00, 0x00, 0x00, 0x00, 0x00, 0x00, 0x00, 0x00, 0x00,
    0x00, 0x00, 0x00, 0x00, 0x00, 0x00, 0x00, 0x00, 0x00, 0x00, 0x00, 0x00, 0x00, 0x00, 0x00, 0x00,
    0x00, 0x00, 0x00, 0x00, 0x00, 0x00, 0x00, 0x00, 0x00, 0x00, 0x00, 0x00, 0x00, 0x00, 0x00, 0x00,
    0x00, 0x00, 0x00, 0x00, 0x00, 0x00, 0x00, 0x00, 0x00, 0x00, 0x00, 0x00, 0x00, 0x00, 0x00, 0x00,
    0x00, 0x00, 0x00, 0x00, 0x00, 0x00, 0x00, 0x00, 0x00, 0x00, 0x00, 0x00, 0x00, 0x00, 0x00, 0x00,
    0x00, 0x00, 0x00, 0x00, 0x00, 0x00, 0x00, 0x00, 0x00, 0x00, 0x00, 0x00, 0x00, 0x00, 0x00, 0x00,
    0x00, 0x00, 0x00, 0x00, 0x00, 0x00, 0x00, 0x00, 0x00, 0x00, 0x00, 0x00, 0x00, 0x00, 0x00, 0x00,
    0x00, 0x00, 0x00, 0x00, 0x00, 0x00, 0x00, 0x00, 0x00, 0x00, 0x00, 0x00, 0x00, 0x00, 0x00, 0x00,
    0x00, 0x00, 0x00, 0x00, 0x00, 0x00, 0x00, 0x00, 0x00, 0x00, 0x00, 0x00, 0x00, 0x00, 0x00, 0x00,
    0x00, 0x00, 0x00, 0x00, 0x00, 0x00, 0x00, 0x00, 0x00, 0x00, 0x00, 0x00, 0x00, 0x00, 0x00, 0x00,
    0x00, 0x00, 0x00, 0x00, 0x00, 0x00, 0x00, 0x00, 0x00, 0x00, 0x00, 0x00, 0x00, 0x00, 0x00, 0x00,
    0x00, 0x00, 0x00, 0x00, 0x00, 0x00, 0x00, 0x00, 0x00, 0x00, 0x00, 0x00, 0x00, 0x00, 0x00, 0x00,
    0x00, 0x00, 0x00, 0x00, 0x00, 0x00, 0x00, 0x00, 0x00, 0x00, 0x00, 0x00, 0x00, 0x00, 0x00, 0x00,
    0x00, 0x00, 0x00, 0x00, 0x00, 0x00, 0x00, 0x00, 0x00, 0x00, 0x00, 0x00, 0x00, 0x00, 0x00, 0x00,
    0x00, 0x00, 0x00, 0x00, 0x00, 0x00, 0x00, 0x00, 0x00, 0x00, 0x00, 0x00, 0x00, 0x00, 0x00, 0x00,
    0x00, 0x00, 0x00, 0x00, 0x00, 0x00, 0x00, 0x00, 0x00, 0x00, 0x00, 0x00, 0x00, 0x00, 0x00, 0x00,
    0x00, 0x00, 0x00, 0x00, 0x00, 0x00, 0x00, 0x00, 0x00, 0x00, 0x00, 0x00, 0x00, 0x00, 0x00, 0x00,
    0x00, 0x00, 0x00, 0x00, 0x00, 0x00, 0x00, 0x00, 0x00, 0x00, 0x00, 0x00, 0x00, 0x00, 0x00, 0x00,
    0x00, 0x00, 0x00, 0x00, 0x00, 0x00, 0x00, 0x00, 0x00, 0x00, 0x00, 0x00, 0x00, 0x00, 0x00, 0x00,
    0x00, 0x00, 0x00, 0x00, 0x00, 0x00, 0x00, 0x00, 0x00, 0x00, 0x00, 0x00, 0x00, 0x00, 0x00, 0x00,
    0x00, 0x00, 0x00, 0x00, 0x00, 0x00, 0x00, 0x00, 0x00, 0x00, 0x00, 0x00, 0x00, 0x00, 0x00, 0x00,
    0x00, 0x00, 0x00, 0x00, 0x00, 0x00, 0x00, 0x00, 0x00, 0x00, 0x00, 0x00, 0x00, 0x00, 0x00, 0x00,
    0x00, 0x00, 0x00, 0x00, 0x00, 0x00, 0x00, 0x00, 0x00, 0x00, 0x00, 0x00, 0x00, 0x00, 0x00, 0x00,
    0x00, 0x00, 0x00, 0x00, 0x00, 0x00, 0x00, 0x00, 0x00, 0x00, 0x00, 0x00, 0x00, 0x00, 0x00, 0x00,
    0x00, 0x00, 0x00, 0x00, 0x00, 0x00, 0x00, 0x00, 0x00, 0x00, 0x00, 0x00, 0x00, 0x00, 0x00, 0x00,
    0x00, 0x00, 0x00, 0x00, 0x00, 0x00, 0x00, 0x00, 0x00, 0x00, 0x00, 0x00, 0x00, 0x00, 0x00, 0x00,
    0x00, 0x00, 0x00, 0x00, 0x00, 0x00, 0x00, 0x00, 0x00, 0x00, 0x00, 0x00, 0x00, 0x00, 0x00, 0x00,
    0x00, 0x00, 0x00, 0x00, 0x00, 0x00, 0x00, 0x00, 0x00, 0x00, 0x00, 0x00, 0x00, 0x00, 0x00, 0x00,
    0x00, 0x00, 0x00, 0x00, 0x00, 0x00, 0x00, 0x00, 0x00, 0x00, 0x00, 0x00, 0x00, 0x00, 0x00, 0x00,
    0x00, 0x00, 0x00, 0x00, 0x00, 0x00, 0x00, 0x00, 0x00, 0x00, 0x00, 0x00, 0x00, 0x00, 0x00, 0x00,
    0x00, 0x00, 0x00, 0x00, 0x00, 0x00, 0x00, 0x00, 0x00, 0x00, 0x00, 0x00, 0x00, 0x00, 0x00, 0x00,
    0x00, 0x00, 0x00, 0x00, 0x00, 0x00, 0x00, 0x00, 0x00, 0x00, 0x00, 0x00, 0x00, 0x00, 0x00, 0x00,
    0x00, 0x00, 0x00, 0x00, 0x00, 0x00, 0x00, 0x00, 0x00, 0x00, 0x00, 0x00, 0x00, 0x00, 0x00, 0x00,
    0x00, 0x00, 0x00, 0x00, 0x00, 0x00, 0x00, 0x00, 0x00, 0x00, 0x00, 0x00, 0x00, 0x00, 0x00, 0x00,
    0x00, 0x00, 0x00, 0x00, 0x00, 0x00, 0x00, 0x00, 0x00, 0x00, 0x00, 0x00, 0x00, 0x00, 0x00, 0x00,
    0x00, 0x00, 0x00, 0x00, 0x00, 0x00, 0x00, 0x00, 0x00, 0x00, 0x00, 0x00, 0x00, 0x00, 0x00, 0x00,
    0x00, 0x00, 0x00, 0x00, 0x00, 0x00, 0x00, 0x00, 0x00, 0x00, 0x00, 0x00, 0x00, 0x00, 0x00, 0x00,
    0x00, 0x00, 0x00, 0x00, 0x00, 0x00, 0x00, 0x00, 0x00, 0x00, 0x00, 0x00, 0x00, 0x00, 0x00, 0x00,
    0x00, 0x00, 0x00, 0x00, 0x00, 0x00, 0x00, 0x00, 0x00, 0x00, 0x00, 0x00, 0x00, 0x00, 0x00, 0x00,
    0x00, 0x00, 0x00, 0x00, 0x00, 0x00, 0x00, 0x00, 0x00, 0x00, 0x00, 0x00, 0x00, 0x00, 0x00, 0x00,
    0x00, 0x00, 0x00, 0x00, 0x00, 0x00, 0x00, 0x00, 0x00, 0x00, 0x00, 0x00, 0x00, 0x00, 0x00, 0x00,
    0x00, 0x00, 0x00, 0x00, 0x00, 0x00, 0x00, 0x00, 0x00, 0x00, 0x00, 0x00, 0x00, 0x00, 0x00, 0x00,
    0xed, 0xed, 0xed, 0xed, 0xed, 0xed, 0xed, 0xed, 0xed, 0xed, 0xed, 0xed, 0xed, 0xed, 0xed, 0x7a,
    0x00, 0x00, 0x00, 0x00, 0x00, 0x00, 0x00, 0x00, 0x00, 0x00, 0x00, 0x00, 0x00, 0x00, 0x00, 0x00,
    0x00, 0x00, 0x00, 0x00, 0x00, 0x00, 0x00, 0x00, 0x00, 0x00, 0x00, 0x00, 0x00, 0x00, 0x00, 0x00,
    0x00, 0x00, 0x00, 0x00, 0x00, 0x00, 0x00, 0x00, 0x00, 0x00, 0x00, 0x00, 0x00, 0x00, 0x00, 0x00,
    0x00, 0x00, 0x00, 0x00, 0x00, 0x00, 0x00, 0x00, 0x00, 0x00, 0x00, 0x00, 0x00, 0x00, 0x00, 0x00,
    0x00, 0x00, 0x00, 0x00, 0x00, 0x00, 0x00, 0x00, 0x00, 0x00, 0x00, 0x00, 0x00, 0x00, 0x00, 0x00,
    0x00, 0x00, 0x00, 0x00, 0x00, 0x00, 0x00, 0x00, 0x00, 0x00, 0x00, 0x00, 0x00, 0x00, 0x00, 0x00,
    0x00, 0x00, 0x00, 0x00, 0x00, 0x00, 0x00, 0x00, 0x00, 0x00, 0x00, 0x00, 0x00, 0x00, 0x00, 0x00,
    0x00, 0x00, 0x00, 0x02, 0x2f, 0x62, 0x79, 0x7c, 0x54, 0x28, 0x00, 0x00, 0x00, 0x00, 0x00, 0x00,
    0x00, 0x00, 0x00, 0x00, 0x00, 0x00, 0x00, 0x00, 0x00, 0x00, 0x00, 0x00, 0x00, 0x00, 0x00, 0x00,
    0x00, 0x00, 0x00, 0x00, 0x00, 0x00, 0x00, 0x00, 0x00, 0x00, 0x00, 0x00, 0x00, 0x00, 0x00, 0x00,
    0x00, 0x00, 0x3d, 0x5c, 0x5c, 0x57, 0x30, 0x06, 0x00, 0x00, 0x00, 0x00, 0x00, 0x00, 0x00, 0x00,
    0x00, 0x00, 0x00, 0x00, 0x00, 0x00, 0x00, 0x00, 0x00, 0x00, 0x00, 0x00, 0x00, 0x00, 0x00, 0x00,
    0x00, 0x00, 0x00, 0x00, 0x00, 0x00, 0x00, 0x00, 0x00, 0x00, 0x00, 0x00, 0x00, 0x00, 0x00, 0x00,
    0x00, 0x00, 0x00, 0x00, 0x00, 0x00, 0x00, 0x00, 0x00, 0x00, 0x00, 0x00, 0x00, 0x00, 0x00, 0x00,
    0x00, 0x00, 0x00, 0x00, 0x00, 0x00, 0x00, 0x00, 0x00, 0x00, 0x00, 0x00, 0x00, 0x00, 0x00, 0x00,
    0x00, 0x00, 0x00, 0x00, 0x00, 0x00, 0x00, 0x00, 0x00, 0x00, 0x00, 0x00, 0x00, 0x00, 0x00, 0x00,
    0x00, 0x00, 0x38, 0x5c, 0x42, 0x00, 0x00, 0x00, 0x00, 0x00, 0x00, 0x00, 0x00, 0x00, 0x00, 0x00,
    0x00, 0x00, 0x00, 0x00, 0x00, 0x00, 0x00, 0x00, 0x00, 0x00, 0x05, 0x69, 0x69, 0x1d, 0x00, 0x00,
    0x00, 0x00, 0x00, 0x00, 0x00, 0x00, 0x00, 0x00, 0x00, 0x00, 0x00, 0x00, 0x00, 0x00, 0x00, 0x00,
    0x00, 0x00, 0x00, 0x00, 0x00, 0x00, 0x00, 0x00, 0x00, 0x00, 0x00, 0x00, 0x00, 0x00, 0x00, 0x00,
    0x00, 0x00, 0x00, 0x00, 0x00, 0x00, 0x00, 0x00, 0x00, 0x00, 0x00, 0x00, 0x00, 0x00, 0x00, 0x00,
    0x00, 0x00, 0x00, 0x00, 0x00, 0x00, 0x00, 0x00, 0x00, 0x00, 0x00, 0x00, 0x00, 0x00, 0x00, 0x00,
    0x00, 0x00, 0x00, 0x00, 0x00, 0x00, 0x00, 0x00, 0x00, 0x00, 0x00, 0x00, 0x00, 0x00, 0x00, 0x00,
    0x00, 0x00, 0x00, 0x00, 0x00, 0x00, 0x00, 0x00, 0x00, 0x00, 0x00, 0x00, 0x00, 0x00, 0x00, 0x00,
    0x00, 0x00, 0x00, 0x00, 0x00, 0x00, 0x00, 0x00, 0x00, 0x00, 0x00, 0x00, 0x00, 0x00, 0x00, 0x00,
    0x00, 0x00, 0x3f, 0x5c, 0x47, 0x0e, 0x00, 0x00, 0x00, 0x00, 0x00, 0x00, 0x00, 0x00, 0x00, 0x00,
    0x00, 0x00, 0x00, 0x00, 0x00, 0x00, 0x00, 0x00, 0x00, 0x00, 0x00, 0x00, 0x00, 0x00, 0x00, 0x00,
    0x00, 0x00, 0x00, 0x00, 0x00, 0x00, 0x00, 0x00, 0x00, 0x00, 0x00, 0x00, 0x00, 0x00, 0x00, 0x00,
    0x00, 0x00, 0x00, 0x00, 0x00, 0x00, 0x54, 0xff, 0xd5, 0x00, 0x00, 0x00, 0x00, 0x00, 0x00, 0x00,
    0x00, 0x00, 0x00, 0x00, 0x00, 0x00, 0x00, 0x00, 0x00, 0x00, 0x00, 0x00, 0x00, 0x00, 0x00, 0x00,
    0x00, 0x00, 0x00, 0x00, 0x00, 0x00, 0x00, 0x00, 0x00, 0x00, 0x00, 0x00, 0x00, 0x00, 0x00, 0x00,
};
