Not charging
16.28
libEGL warning: DRI3 error: Could not get DRI3 device
libEGL warning: Ensure your X server supports DRI3 to get accelerated rendering
WARM variant=b gl_result=-10 rss_kib=155852 hwm_kib=169932 minor=38887 major=0 evidence=(M)[AC] power=Not charging load1=16.28
WARM variant=c gl_result=0 rss_kib=55360 hwm_kib=55360 minor=13163 major=0 evidence=(M)[AC] power=Not charging load1=16.28
SAMPLE round=0 variant=a start_ns=11993694208165 map_ns=40530272 ready_map_ns=294172078 present_ns=300719695 complete_ns=327131188 minor_delta=13186 major_delta=0 rss_kib=55460 gl_result=0 evidence=(M)[AC] power=Not charging load1=16.82
SAMPLE round=0 variant=b start_ns=11994080143008 map_ns=8784792 ready_map_ns=60255934 present_ns=14354948 complete_ns=78671376 minor_delta=0 major_delta=0 rss_kib=155852 gl_result=-10 evidence=(M)[AC] power=Not charging load1=16.82
SAMPLE round=0 variant=c start_ns=11994167253093 map_ns=4336148 ready_map_ns=63196018 present_ns=5345051 complete_ns=87592612 minor_delta=25 major_delta=0 rss_kib=55520 gl_result=0 evidence=(M)[AC] power=Not charging load1=16.82
SAMPLE round=1 variant=a start_ns=11994259136464 map_ns=37994574 ready_map_ns=394825780 present_ns=400928530 complete_ns=436906384 minor_delta=13186 major_delta=0 rss_kib=55424 gl_result=0 evidence=(M)[AC] power=Not charging load1=16.82
SAMPLE round=1 variant=b start_ns=11994722133964 map_ns=8518036 ready_map_ns=33239898 present_ns=10007405 complete_ns=49996211 minor_delta=0 major_delta=0 rss_kib=155852 gl_result=-10 evidence=(M)[AC] power=Not charging load1=16.82
SAMPLE round=1 variant=c start_ns=11994774042627 map_ns=7393436 ready_map_ns=35114981 present_ns=17681716 complete_ns=63190171 minor_delta=1 major_delta=0 rss_kib=55524 gl_result=0 evidence=(M)[AC] power=Not charging load1=16.82
SAMPLE round=2 variant=a start_ns=11994846117234 map_ns=68869931 ready_map_ns=299516036 present_ns=299637595 complete_ns=326224750 minor_delta=13185 major_delta=0 rss_kib=55456 gl_result=0 evidence=(M)[AC] power=Not charging load1=16.82
SAMPLE round=2 variant=b start_ns=11995209552084 map_ns=4280297 ready_map_ns=31987168 present_ns=7952220 complete_ns=71988779 minor_delta=0 major_delta=0 rss_kib=155852 gl_result=-10 evidence=(M)[AC] power=Not charging load1=16.82
SAMPLE round=2 variant=c start_ns=11995288100647 map_ns=2898279 ready_map_ns=37499205 present_ns=6777034 complete_ns=66928879 minor_delta=0 major_delta=0 rss_kib=55524 gl_result=0 evidence=(M)[AC] power=Not charging load1=16.82
SAMPLE round=3 variant=a start_ns=11995360122372 map_ns=31732296 ready_map_ns=190230920 present_ns=195939431 complete_ns=214431208 minor_delta=13185 major_delta=0 rss_kib=55432 gl_result=0 evidence=(M)[AC] power=Not charging load1=16.82
SAMPLE round=3 variant=b start_ns=11995586073231 map_ns=4016164 ready_map_ns=39087729 present_ns=4828257 complete_ns=53602034 minor_delta=0 major_delta=0 rss_kib=155852 gl_result=-10 evidence=(M)[AC] power=Not charging load1=16.82
SAMPLE round=3 variant=c start_ns=11995646123173 map_ns=2869271 ready_map_ns=35760481 present_ns=4328405 complete_ns=62979639 minor_delta=0 major_delta=0 rss_kib=55524 gl_result=0 evidence=(M)[AC] power=Not charging load1=16.82
SAMPLE round=4 variant=a start_ns=11995737108363 map_ns=47491699 ready_map_ns=277096690 present_ns=279970078 complete_ns=304419385 minor_delta=13187 major_delta=0 rss_kib=55516 gl_result=0 evidence=(M)[AC] power=Not charging load1=16.82
SAMPLE round=4 variant=b start_ns=11996092131899 map_ns=10280182 ready_map_ns=30463459 present_ns=13418191 complete_ns=53032804 minor_delta=0 major_delta=0 rss_kib=155852 gl_result=-10 evidence=(M)[AC] power=Not charging load1=16.82
SAMPLE round=4 variant=c start_ns=11996153243654 map_ns=15612663 ready_map_ns=54327983 present_ns=19573236 complete_ns=88254984 minor_delta=0 major_delta=0 rss_kib=55524 gl_result=0 evidence=(M)[AC] power=Not charging load1=16.82
SAMPLE round=5 variant=a start_ns=11996243869601 map_ns=80211042 ready_map_ns=374888001 present_ns=386187821 complete_ns=431021467 minor_delta=13185 major_delta=0 rss_kib=55476 gl_result=0 evidence=(M)[AC] power=Not charging load1=16.82
SAMPLE round=5 variant=b start_ns=11996713131953 map_ns=12998514 ready_map_ns=60284797 present_ns=14451340 complete_ns=80606512 minor_delta=0 major_delta=0 rss_kib=155852 gl_result=-10 evidence=(M)[AC] power=Not charging load1=16.82
SAMPLE round=5 variant=c start_ns=11996817102512 map_ns=6767526 ready_map_ns=37839448 present_ns=11308486 complete_ns=84629687 minor_delta=0 major_delta=0 rss_kib=55524 gl_result=0 evidence=(M)[AC] power=Not charging load1=16.82
SAMPLE round=6 variant=a start_ns=11996914552609 map_ns=48589583 ready_map_ns=240175121 present_ns=241554413 complete_ns=292251824 minor_delta=13187 major_delta=0 rss_kib=55464 gl_result=0 evidence=(M)[AC] power=Not charging load1=16.82
SAMPLE round=6 variant=b start_ns=11997276114412 map_ns=9975081 ready_map_ns=29041462 present_ns=11657388 complete_ns=48249619 minor_delta=0 major_delta=0 rss_kib=155852 gl_result=-10 evidence=(M)[AC] power=Not charging load1=16.82
SAMPLE round=6 variant=c start_ns=11997326095754 map_ns=9016810 ready_map_ns=41649602 present_ns=12820574 complete_ns=60968822 minor_delta=0 major_delta=0 rss_kib=55524 gl_result=0 evidence=(M)[AC] power=Not charging load1=16.82
SAMPLE round=7 variant=a start_ns=11997397081141 map_ns=66614352 ready_map_ns=298348936 present_ns=298420026 complete_ns=341118610 minor_delta=13184 major_delta=0 rss_kib=55456 gl_result=0 evidence=(M)[AC] power=Not charging load1=16.82
SAMPLE round=7 variant=b start_ns=11997776098882 map_ns=4020945 ready_map_ns=28286651 present_ns=5183399 complete_ns=45147210 minor_delta=0 major_delta=0 rss_kib=155852 gl_result=-10 evidence=(M)[AC] power=Not charging load1=17.55
SAMPLE round=7 variant=c start_ns=11997841092658 map_ns=10083562 ready_map_ns=30586055 present_ns=12897615 complete_ns=46658205 minor_delta=0 major_delta=0 rss_kib=55524 gl_result=0 evidence=(M)[AC] power=Not charging load1=17.55
SAMPLE round=8 variant=a start_ns=11997893129427 map_ns=35450442 ready_map_ns=185708640 present_ns=188005604 complete_ns=227674317 minor_delta=13186 major_delta=0 rss_kib=55420 gl_result=0 evidence=(M)[AC] power=Not charging load1=17.55
SAMPLE round=8 variant=b start_ns=11998132584964 map_ns=7546157 ready_map_ns=60000976 present_ns=14022403 complete_ns=89186197 minor_delta=0 major_delta=0 rss_kib=155852 gl_result=-10 evidence=(M)[AC] power=Not charging load1=17.55
SAMPLE round=8 variant=c start_ns=11998227094423 map_ns=6756902 ready_map_ns=28740791 present_ns=8334805 complete_ns=46858522 minor_delta=0 major_delta=0 rss_kib=55524 gl_result=0 evidence=(M)[AC] power=Not charging load1=17.55
SAMPLE round=9 variant=a start_ns=11998276105097 map_ns=34940500 ready_map_ns=152618329 present_ns=155043572 complete_ns=212496864 minor_delta=13187 major_delta=0 rss_kib=55452 gl_result=0 evidence=(M)[AC] power=Not charging load1=17.55
SAMPLE round=9 variant=b start_ns=11998546087034 map_ns=8634554 ready_map_ns=10144569 present_ns=10247190 complete_ns=25835251 minor_delta=1 major_delta=0 rss_kib=155856 gl_result=-10 evidence=(M)[AC] power=Not charging load1=17.55
SAMPLE round=9 variant=c start_ns=11998577824304 map_ns=2759258 ready_map_ns=28083807 present_ns=4257884 complete_ns=44145515 minor_delta=1 major_delta=0 rss_kib=55528 gl_result=0 evidence=(M)[AC] power=Not charging load1=17.55
SAMPLE round=10 variant=a start_ns=11998626111955 map_ns=36705206 ready_map_ns=176451478 present_ns=178986044 complete_ns=212567445 minor_delta=13184 major_delta=0 rss_kib=55452 gl_result=0 evidence=(M)[AC] power=Not charging load1=17.55
SAMPLE round=10 variant=b start_ns=11998887099160 map_ns=2778755 ready_map_ns=36776720 present_ns=8350601 complete_ns=50793265 minor_delta=0 major_delta=0 rss_kib=155856 gl_result=-10 evidence=(M)[AC] power=Not charging load1=17.55
SAMPLE round=10 variant=c start_ns=11998940127773 map_ns=14147244 ready_map_ns=49924529 present_ns=15642793 complete_ns=87718089 minor_delta=0 major_delta=0 rss_kib=55528 gl_result=0 evidence=(M)[AC] power=Not charging load1=17.55
SAMPLE round=11 variant=a start_ns=11999033134909 map_ns=38948935 ready_map_ns=249986429 present_ns=252604374 complete_ns=289618704 minor_delta=13184 major_delta=0 rss_kib=55468 gl_result=0 evidence=(M)[AC] power=Not charging load1=17.55
SAMPLE round=11 variant=b start_ns=11999374711517 map_ns=3674616 ready_map_ns=30262010 present_ns=5486905 complete_ns=50451791 minor_delta=0 major_delta=0 rss_kib=155856 gl_result=-10 evidence=(M)[AC] power=Not charging load1=17.55
SAMPLE round=11 variant=c start_ns=11999428493397 map_ns=5634015 ready_map_ns=36966557 present_ns=7596333 complete_ns=61018209 minor_delta=0 major_delta=0 rss_kib=55528 gl_result=0 evidence=(M)[AC] power=Not charging load1=17.55
SAMPLE round=12 variant=a start_ns=11999498903297 map_ns=51579858 ready_map_ns=261564097 present_ns=265210782 complete_ns=305547064 minor_delta=13185 major_delta=0 rss_kib=55448 gl_result=0 evidence=(M)[AC] power=Not charging load1=17.55
SAMPLE round=12 variant=b start_ns=11999852395563 map_ns=9263643 ready_map_ns=38202687 present_ns=11735597 complete_ns=69184201 minor_delta=0 major_delta=0 rss_kib=155856 gl_result=-10 evidence=(M)[AC] power=Not charging load1=17.55
SAMPLE round=12 variant=c start_ns=11999937114120 map_ns=6037931 ready_map_ns=37356908 present_ns=7630014 complete_ns=72942459 minor_delta=0 major_delta=0 rss_kib=55528 gl_result=0 evidence=(M)[AC] power=Not charging load1=17.55
SAMPLE round=13 variant=a start_ns=12000013561862 map_ns=66030316 ready_map_ns=617358488 present_ns=618509842 complete_ns=657419166 minor_delta=13186 major_delta=0 rss_kib=55448 gl_result=0 evidence=(M)[AC] power=Not charging load1=17.55
SAMPLE round=13 variant=b start_ns=12000734538324 map_ns=8320030 ready_map_ns=39043612 present_ns=24520255 complete_ns=74722490 minor_delta=0 major_delta=0 rss_kib=155856 gl_result=-10 evidence=(M)[AC] power=Not charging load1=17.55
SAMPLE round=13 variant=c start_ns=12000826126895 map_ns=17110422 ready_map_ns=97433781 present_ns=24924245 complete_ns=110924987 minor_delta=0 major_delta=0 rss_kib=55528 gl_result=0 evidence=(M)[AC] power=Not charging load1=17.55
SAMPLE round=14 variant=a start_ns=12000950083795 map_ns=25113105 ready_map_ns=174344154 present_ns=176645082 complete_ns=204745468 minor_delta=13185 major_delta=0 rss_kib=55468 gl_result=0 evidence=(M)[AC] power=Not charging load1=17.55
SAMPLE round=14 variant=b start_ns=12001229100396 map_ns=2828518 ready_map_ns=26154655 present_ns=7014064 complete_ns=42596534 minor_delta=0 major_delta=0 rss_kib=155856 gl_result=-10 evidence=(M)[AC] power=Not charging load1=17.55
SAMPLE round=14 variant=c start_ns=12001273866239 map_ns=7791811 ready_map_ns=32277431 present_ns=9371141 complete_ns=49958620 minor_delta=0 major_delta=0 rss_kib=55528 gl_result=0 evidence=(M)[AC] power=Not charging load1=17.55
SAMPLE round=15 variant=a start_ns=12001327094522 map_ns=22990058 ready_map_ns=167549338 present_ns=170069147 complete_ns=193655849 minor_delta=13188 major_delta=0 rss_kib=55440 gl_result=0 evidence=(M)[AC] power=Not charging load1=17.55
SAMPLE round=15 variant=b start_ns=12001562841467 map_ns=7282171 ready_map_ns=44332429 present_ns=14059991 complete_ns=60263686 minor_delta=0 major_delta=0 rss_kib=155856 gl_result=-10 evidence=(M)[AC] power=Not charging load1=17.55
SAMPLE round=15 variant=c start_ns=12001627137603 map_ns=19014344 ready_map_ns=46176605 present_ns=20920546 complete_ns=63076179 minor_delta=0 major_delta=0 rss_kib=55528 gl_result=0 evidence=(M)[AC] power=Not charging load1=17.55
SAMPLE round=16 variant=a start_ns=12001699112733 map_ns=28426250 ready_map_ns=231878152 present_ns=235143738 complete_ns=271839171 minor_delta=13185 major_delta=0 rss_kib=55472 gl_result=0 evidence=(M)[AC] power=Not charging load1=17.55
SAMPLE round=16 variant=b start_ns=12002074137507 map_ns=8163666 ready_map_ns=48453059 present_ns=10220467 complete_ns=81571024 minor_delta=0 major_delta=0 rss_kib=155856 gl_result=-10 evidence=(M)[AC] power=Not charging load1=17.55
SAMPLE round=16 variant=c start_ns=12002168150517 map_ns=7285580 ready_map_ns=38544531 present_ns=9038310 complete_ns=57177922 minor_delta=1 major_delta=0 rss_kib=55532 gl_result=0 evidence=(M)[AC] power=Not charging load1=17.55
SAMPLE round=17 variant=a start_ns=12002236192257 map_ns=54582760 ready_map_ns=282368405 present_ns=283891829 complete_ns=318554036 minor_delta=13187 major_delta=0 rss_kib=55496 gl_result=0 evidence=(M)[AC] power=Not charging load1=17.55
SAMPLE round=17 variant=b start_ns=12002613115399 map_ns=12039384 ready_map_ns=42286420 present_ns=16968332 complete_ns=61678590 minor_delta=0 major_delta=0 rss_kib=155856 gl_result=-10 evidence=(M)[AC] power=Not charging load1=19.03
SAMPLE round=17 variant=c start_ns=12002680911276 map_ns=8325879 ready_map_ns=41895954 present_ns=14153315 complete_ns=60759297 minor_delta=0 major_delta=0 rss_kib=55532 gl_result=0 evidence=(M)[AC] power=Not charging load1=19.03
SAMPLE round=18 variant=a start_ns=12002747348710 map_ns=36781505 ready_map_ns=499532811 present_ns=503004149 complete_ns=545790686 minor_delta=13183 major_delta=0 rss_kib=55456 gl_result=0 evidence=(M)[AC] power=Not charging load1=19.03
SAMPLE round=18 variant=b start_ns=12003351712206 map_ns=2880843 ready_map_ns=21029424 present_ns=7431652 complete_ns=39824368 minor_delta=0 major_delta=0 rss_kib=155856 gl_result=-10 evidence=(M)[AC] power=Not charging load1=19.03
SAMPLE round=18 variant=c start_ns=12003407092847 map_ns=2671420 ready_map_ns=53239516 present_ns=4141827 complete_ns=83330946 minor_delta=0 major_delta=0 rss_kib=55532 gl_result=0 evidence=(M)[AC] power=Not charging load1=19.03
SAMPLE round=19 variant=a start_ns=12003501128991 map_ns=92386373 ready_map_ns=534056008 present_ns=537997485 complete_ns=595822799 minor_delta=13184 major_delta=0 rss_kib=55408 gl_result=0 evidence=(M)[AC] power=Not charging load1=19.03
SAMPLE round=19 variant=b start_ns=12004148800902 map_ns=14873951 ready_map_ns=41634023 present_ns=16863228 complete_ns=74317733 minor_delta=0 major_delta=0 rss_kib=155856 gl_result=-10 evidence=(M)[AC] power=Not charging load1=19.03
SAMPLE round=19 variant=c start_ns=12004235121593 map_ns=4593162 ready_map_ns=40795574 present_ns=8470130 complete_ns=71260286 minor_delta=0 major_delta=0 rss_kib=55532 gl_result=0 evidence=(M)[AC] power=Not charging load1=19.03
SAMPLE round=20 variant=a start_ns=12004317267340 map_ns=47949070 ready_map_ns=481262169 present_ns=484815357 complete_ns=525570955 minor_delta=13184 major_delta=0 rss_kib=55464 gl_result=0 evidence=(M)[AC] power=Not charging load1=19.03
SAMPLE round=20 variant=b start_ns=12004895096901 map_ns=3497834 ready_map_ns=28805780 present_ns=4946408 complete_ns=42816826 minor_delta=0 major_delta=0 rss_kib=155856 gl_result=-10 evidence=(M)[AC] power=Not charging load1=19.03
SAMPLE round=20 variant=c start_ns=12004941087290 map_ns=7081283 ready_map_ns=40422379 present_ns=8708276 complete_ns=63368767 minor_delta=0 major_delta=0 rss_kib=55532 gl_result=0 evidence=(M)[AC] power=Not charging load1=19.03
SAMPLE round=21 variant=a start_ns=12005009446779 map_ns=93339122 ready_map_ns=407793482 present_ns=413701597 complete_ns=481283207 minor_delta=13186 major_delta=0 rss_kib=55460 gl_result=0 evidence=(M)[AC] power=Not charging load1=19.03
SAMPLE round=21 variant=b start_ns=12005578113474 map_ns=10112148 ready_map_ns=45403116 present_ns=15266957 complete_ns=82138468 minor_delta=0 major_delta=0 rss_kib=155856 gl_result=-10 evidence=(M)[AC] power=Not charging load1=19.03
SAMPLE round=21 variant=c start_ns=12005673085575 map_ns=3289974 ready_map_ns=33642886 present_ns=7143121 complete_ns=48821666 minor_delta=0 major_delta=0 rss_kib=55532 gl_result=0 evidence=(M)[AC] power=Not charging load1=19.03
SAMPLE round=22 variant=a start_ns=12005726241484 map_ns=34813745 ready_map_ns=341396323 present_ns=348829293 complete_ns=379844370 minor_delta=13187 major_delta=0 rss_kib=55520 gl_result=0 evidence=(M)[AC] power=Not charging load1=19.03
SAMPLE round=22 variant=b start_ns=12006167291113 map_ns=7824146 ready_map_ns=38058255 present_ns=14779406 complete_ns=73655531 minor_delta=0 major_delta=0 rss_kib=155856 gl_result=-10 evidence=(M)[AC] power=Not charging load1=19.03
SAMPLE round=22 variant=c start_ns=12006250186576 map_ns=4938016 ready_map_ns=38329007 present_ns=6381651 complete_ns=54940412 minor_delta=0 major_delta=0 rss_kib=55532 gl_result=0 evidence=(M)[AC] power=Not charging load1=19.03
SAMPLE round=23 variant=a start_ns=12006308097558 map_ns=55306864 ready_map_ns=307804867 present_ns=310098344 complete_ns=363928668 minor_delta=13182 major_delta=0 rss_kib=55416 gl_result=0 evidence=(M)[AC] power=Not charging load1=19.03
SAMPLE round=23 variant=b start_ns=12006716402354 map_ns=9442684 ready_map_ns=41666737 present_ns=13905040 complete_ns=53877834 minor_delta=0 major_delta=0 rss_kib=155856 gl_result=-10 evidence=(M)[AC] power=Not charging load1=19.03
SAMPLE round=23 variant=c start_ns=12006779113884 map_ns=15395420 ready_map_ns=42184798 present_ns=18437694 complete_ns=60950064 minor_delta=0 major_delta=0 rss_kib=55532 gl_result=0 evidence=(M)[AC] power=Not charging load1=19.03
SAMPLE round=24 variant=a start_ns=12006843100889 map_ns=36060086 ready_map_ns=316160766 present_ns=316301228 complete_ns=408065836 minor_delta=13183 major_delta=0 rss_kib=55472 gl_result=0 evidence=(M)[AC] power=Not charging load1=19.03
SAMPLE round=24 variant=b start_ns=12007427099017 map_ns=13492166 ready_map_ns=46664009 present_ns=18045897 complete_ns=61000368 minor_delta=0 major_delta=0 rss_kib=155856 gl_result=-10 evidence=(M)[AC] power=Not charging load1=19.03
SAMPLE round=24 variant=c start_ns=12007517100881 map_ns=4052758 ready_map_ns=44848169 present_ns=12981022 complete_ns=73076297 minor_delta=0 major_delta=0 rss_kib=55532 gl_result=0 evidence=(M)[AC] power=Not charging load1=19.03
SAMPLE round=25 variant=a start_ns=12007609105141 map_ns=42511152 ready_map_ns=145386067 present_ns=147552504 complete_ns=181388599 minor_delta=13183 major_delta=0 rss_kib=55452 gl_result=0 evidence=(M)[AC] power=Not charging load1=19.75
SAMPLE round=25 variant=b start_ns=12007851101725 map_ns=7123336 ready_map_ns=45097208 present_ns=16042566 complete_ns=72472875 minor_delta=0 major_delta=0 rss_kib=155856 gl_result=-10 evidence=(M)[AC] power=Not charging load1=19.75
SAMPLE round=25 variant=c start_ns=12007930121548 map_ns=6082047 ready_map_ns=43251021 present_ns=7642246 complete_ns=61987732 minor_delta=0 major_delta=0 rss_kib=55532 gl_result=0 evidence=(M)[AC] power=Not charging load1=19.75
SAMPLE round=26 variant=a start_ns=12008011691285 map_ns=88269223 ready_map_ns=399158639 present_ns=401610229 complete_ns=449027510 minor_delta=13183 major_delta=0 rss_kib=55456 gl_result=0 evidence=(M)[AC] power=Not charging load1=19.75
SAMPLE round=26 variant=b start_ns=12008525093677 map_ns=3126340 ready_map_ns=30588331 present_ns=4702697 complete_ns=46109244 minor_delta=0 major_delta=0 rss_kib=155856 gl_result=-10 evidence=(M)[AC] power=Not charging load1=19.75
SAMPLE round=26 variant=c start_ns=12008579103484 map_ns=10030748 ready_map_ns=30449979 present_ns=12135052 complete_ns=57247237 minor_delta=0 major_delta=0 rss_kib=55532 gl_result=0 evidence=(M)[AC] power=Not charging load1=19.75
SAMPLE round=27 variant=a start_ns=12008642153791 map_ns=41057180 ready_map_ns=267207457 present_ns=270950901 complete_ns=313278330 minor_delta=13187 major_delta=0 rss_kib=55472 gl_result=0 evidence=(M)[AC] power=Not charging load1=19.75
SAMPLE round=27 variant=b start_ns=12008986126190 map_ns=10087951 ready_map_ns=51654800 present_ns=11778134 complete_ns=85873986 minor_delta=0 major_delta=0 rss_kib=155856 gl_result=-10 evidence=(M)[AC] power=Not charging load1=19.75
SAMPLE round=27 variant=c start_ns=12009085674484 map_ns=15564859 ready_map_ns=37770892 present_ns=19810038 complete_ns=54170544 minor_delta=0 major_delta=0 rss_kib=55532 gl_result=0 evidence=(M)[AC] power=Not charging load1=19.75
SAMPLE round=28 variant=a start_ns=12009145140041 map_ns=39934039 ready_map_ns=208004336 present_ns=211048979 complete_ns=242534916 minor_delta=13184 major_delta=0 rss_kib=55472 gl_result=0 evidence=(M)[AC] power=Not charging load1=19.75
SAMPLE round=28 variant=b start_ns=12009421096611 map_ns=10076127 ready_map_ns=35732190 present_ns=13080473 complete_ns=65285592 minor_delta=0 major_delta=0 rss_kib=155856 gl_result=-10 evidence=(M)[AC] power=Not charging load1=19.75
SAMPLE round=28 variant=c start_ns=12009496144633 map_ns=9848589 ready_map_ns=40514047 present_ns=11455182 complete_ns=59321815 minor_delta=0 major_delta=0 rss_kib=55532 gl_result=0 evidence=(M)[AC] power=Not charging load1=19.75
SAMPLE round=29 variant=a start_ns=12009570140636 map_ns=39638224 ready_map_ns=149329925 present_ns=150954008 complete_ns=167430018 minor_delta=13185 major_delta=0 rss_kib=55464 gl_result=0 evidence=(M)[AC] power=Not charging load1=19.75
SAMPLE round=29 variant=b start_ns=12009749157404 map_ns=12953975 ready_map_ns=38877418 present_ns=14078824 complete_ns=55104639 minor_delta=0 major_delta=0 rss_kib=155856 gl_result=-10 evidence=(M)[AC] power=Not charging load1=19.75
SAMPLE round=29 variant=c start_ns=12009808132156 map_ns=6431152 ready_map_ns=32894041 present_ns=8545340 complete_ns=46469927 minor_delta=0 major_delta=0 rss_kib=55532 gl_result=0 evidence=(M)[AC] power=Not charging load1=19.75
SAMPLE round=30 variant=a start_ns=12009858127800 map_ns=45139606 ready_map_ns=315952129 present_ns=319995650 complete_ns=368381369 minor_delta=13183 major_delta=0 rss_kib=55472 gl_result=0 evidence=(M)[AC] power=Not charging load1=19.75
SAMPLE round=30 variant=b start_ns=12010287136353 map_ns=11474549 ready_map_ns=37491209 present_ns=13377475 complete_ns=66538663 minor_delta=1 major_delta=0 rss_kib=155860 gl_result=-10 evidence=(M)[AC] power=Not charging load1=19.75
SAMPLE round=30 variant=c start_ns=12010363050305 map_ns=8802150 ready_map_ns=44885102 present_ns=10608122 complete_ns=63040173 minor_delta=0 major_delta=0 rss_kib=55532 gl_result=0 evidence=(M)[AC] power=Not charging load1=19.75
SAMPLE round=31 variant=a start_ns=12010432205125 map_ns=44842956 ready_map_ns=370737734 present_ns=372343927 complete_ns=424918592 minor_delta=13186 major_delta=0 rss_kib=55464 gl_result=0 evidence=(M)[AC] power=Not charging load1=19.75
SAMPLE round=31 variant=b start_ns=12010924091381 map_ns=10052014 ready_map_ns=49599297 present_ns=17696833 complete_ns=81890351 minor_delta=0 major_delta=0 rss_kib=155860 gl_result=-10 evidence=(M)[AC] power=Not charging load1=19.75
SAMPLE round=31 variant=c start_ns=12011010112825 map_ns=5700008 ready_map_ns=28607006 present_ns=6436636 complete_ns=50056181 minor_delta=0 major_delta=0 rss_kib=55532 gl_result=0 evidence=(M)[AC] power=Not charging load1=19.75
SAMPLE round=32 variant=a start_ns=12011062120599 map_ns=36718125 ready_map_ns=227965984 present_ns=229002762 complete_ns=257854951 minor_delta=13187 major_delta=0 rss_kib=55464 gl_result=0 evidence=(M)[AC] power=Not charging load1=19.75
SAMPLE round=32 variant=b start_ns=12011361095653 map_ns=3851014 ready_map_ns=29356938 present_ns=6277220 complete_ns=61256775 minor_delta=0 major_delta=0 rss_kib=155860 gl_result=-10 evidence=(M)[AC] power=Not charging load1=19.75
SAMPLE round=32 variant=c start_ns=12011429037448 map_ns=5050451 ready_map_ns=44013456 present_ns=9878340 complete_ns=76075190 minor_delta=2 major_delta=0 rss_kib=55540 gl_result=0 evidence=(M)[AC] power=Not charging load1=19.75
SAMPLE round=33 variant=a start_ns=12011511139389 map_ns=40907014 ready_map_ns=293672744 present_ns=293732293 complete_ns=345597437 minor_delta=13187 major_delta=0 rss_kib=55440 gl_result=0 evidence=(M)[AC] power=Not charging load1=19.75
SAMPLE round=33 variant=b start_ns=12011937099062 map_ns=2747787 ready_map_ns=34368779 present_ns=7356145 complete_ns=50199758 minor_delta=1 major_delta=0 rss_kib=155864 gl_result=-10 evidence=(M)[AC] power=Not charging load1=19.75
SAMPLE round=33 variant=c start_ns=12011991105213 map_ns=3410762 ready_map_ns=31600284 present_ns=4836885 complete_ns=47928545 minor_delta=0 major_delta=0 rss_kib=55540 gl_result=0 evidence=(M)[AC] power=Not charging load1=19.75
SAMPLE round=34 variant=a start_ns=12012050207094 map_ns=31886018 ready_map_ns=273667142 present_ns=273743425 complete_ns=310487055 minor_delta=13188 major_delta=0 rss_kib=55516 gl_result=0 evidence=(M)[AC] power=Not charging load1=19.75
SAMPLE round=34 variant=b start_ns=12012417112259 map_ns=10465321 ready_map_ns=14686584 present_ns=14774953 complete_ns=39795921 minor_delta=0 major_delta=0 rss_kib=155864 gl_result=-10 evidence=(M)[AC] power=Not charging load1=19.75
SAMPLE round=34 variant=c start_ns=12012461151210 map_ns=7987936 ready_map_ns=26043805 present_ns=9744484 complete_ns=46669315 minor_delta=0 major_delta=0 rss_kib=55540 gl_result=0 evidence=(M)[AC] power=Not charging load1=19.75
SAMPLE round=35 variant=a start_ns=12012511126592 map_ns=50153370 ready_map_ns=400575479 present_ns=407924641 complete_ns=443151699 minor_delta=13185 major_delta=0 rss_kib=55452 gl_result=0 evidence=(M)[AC] power=Not charging load1=19.75
SAMPLE round=35 variant=b start_ns=12013036116447 map_ns=2882618 ready_map_ns=37761580 present_ns=5992786 complete_ns=70663883 minor_delta=0 major_delta=0 rss_kib=155864 gl_result=-10 evidence=(M)[AC] power=Not charging load1=19.93
SAMPLE round=35 variant=c start_ns=12013111109620 map_ns=3132756 ready_map_ns=27241997 present_ns=5834600 complete_ns=47739736 minor_delta=0 major_delta=0 rss_kib=55540 gl_result=0 evidence=(M)[AC] power=Not charging load1=19.93
SAMPLE round=36 variant=a start_ns=12013168126913 map_ns=48136348 ready_map_ns=277797872 present_ns=277937616 complete_ns=318243211 minor_delta=13182 major_delta=0 rss_kib=55456 gl_result=0 evidence=(M)[AC] power=Not charging load1=19.93
SAMPLE round=36 variant=b start_ns=12013527124295 map_ns=6080643 ready_map_ns=31702625 present_ns=11934253 complete_ns=62944015 minor_delta=0 major_delta=0 rss_kib=155864 gl_result=-10 evidence=(M)[AC] power=Not charging load1=19.93
SAMPLE round=36 variant=c start_ns=12013593125911 map_ns=7449799 ready_map_ns=30243222 present_ns=9105430 complete_ns=44565458 minor_delta=0 major_delta=0 rss_kib=55540 gl_result=0 evidence=(M)[AC] power=Not charging load1=19.93
SAMPLE round=37 variant=a start_ns=12013645133398 map_ns=38405919 ready_map_ns=298228027 present_ns=314956588 complete_ns=436812254 minor_delta=13186 major_delta=0 rss_kib=55464 gl_result=0 evidence=(M)[AC] power=Not charging load1=19.93
SAMPLE round=37 variant=b start_ns=12014111091574 map_ns=2831975 ready_map_ns=28328556 present_ns=6955678 complete_ns=44989449 minor_delta=0 major_delta=0 rss_kib=155864 gl_result=-10 evidence=(M)[AC] power=Not charging load1=19.93
SAMPLE round=37 variant=c start_ns=12014159085240 map_ns=2885453 ready_map_ns=30188820 present_ns=10480950 complete_ns=61303173 minor_delta=0 major_delta=0 rss_kib=55540 gl_result=0 evidence=(M)[AC] power=Not charging load1=19.93
SAMPLE round=38 variant=a start_ns=12014230103935 map_ns=30671478 ready_map_ns=200180071 present_ns=200224858 complete_ns=223959578 minor_delta=13187 major_delta=0 rss_kib=55420 gl_result=0 evidence=(M)[AC] power=Not charging load1=19.93
SAMPLE round=38 variant=b start_ns=12014492608780 map_ns=8164569 ready_map_ns=29256790 present_ns=9104132 complete_ns=46317767 minor_delta=0 major_delta=0 rss_kib=155864 gl_result=-10 evidence=(M)[AC] power=Not charging load1=19.93
SAMPLE round=38 variant=c start_ns=12014543486944 map_ns=7147962 ready_map_ns=48110305 present_ns=8932605 complete_ns=60449958 minor_delta=0 major_delta=0 rss_kib=55540 gl_result=0 evidence=(M)[AC] power=Not charging load1=19.93
SAMPLE round=39 variant=a start_ns=12014607121805 map_ns=39197816 ready_map_ns=409666235 present_ns=410959963 complete_ns=447891846 minor_delta=13186 major_delta=0 rss_kib=55456 gl_result=0 evidence=(M)[AC] power=Not charging load1=19.93
SAMPLE round=39 variant=b start_ns=12015077901151 map_ns=10349525 ready_map_ns=62660747 present_ns=12007291 complete_ns=78161686 minor_delta=0 major_delta=0 rss_kib=155864 gl_result=-10 evidence=(M)[AC] power=Not charging load1=19.93
SAMPLE round=39 variant=c start_ns=12015186569257 map_ns=3112313 ready_map_ns=36387083 present_ns=5936691 complete_ns=69001347 minor_delta=0 major_delta=0 rss_kib=55540 gl_result=0 evidence=(M)[AC] power=Not charging load1=19.93
SAMPLE round=40 variant=a start_ns=12015260851425 map_ns=48298019 ready_map_ns=297480089 present_ns=297581988 complete_ns=346297983 minor_delta=13185 major_delta=0 rss_kib=55440 gl_result=0 evidence=(M)[AC] power=Not charging load1=19.93
SAMPLE round=40 variant=b start_ns=12015644139148 map_ns=9075243 ready_map_ns=26800191 present_ns=10858285 complete_ns=42544805 minor_delta=0 major_delta=0 rss_kib=155864 gl_result=-10 evidence=(M)[AC] power=Not charging load1=19.93
SAMPLE round=40 variant=c start_ns=12015691116392 map_ns=3004963 ready_map_ns=35476746 present_ns=6524232 complete_ns=65152701 minor_delta=0 major_delta=0 rss_kib=55540 gl_result=0 evidence=(M)[AC] power=Not charging load1=19.93
SAMPLE round=41 variant=a start_ns=12015760233223 map_ns=37454133 ready_map_ns=186737291 present_ns=189860079 complete_ns=212111823 minor_delta=13186 major_delta=0 rss_kib=55504 gl_result=0 evidence=(M)[AC] power=Not charging load1=19.93
SAMPLE round=41 variant=b start_ns=12016008473480 map_ns=8245010 ready_map_ns=28705864 present_ns=12283662 complete_ns=69098779 minor_delta=0 major_delta=0 rss_kib=155864 gl_result=-10 evidence=(M)[AC] power=Not charging load1=19.93
SAMPLE round=41 variant=c start_ns=12016080332351 map_ns=2852903 ready_map_ns=45900321 present_ns=4394700 complete_ns=77528299 minor_delta=0 major_delta=0 rss_kib=55540 gl_result=0 evidence=(M)[AC] power=Not charging load1=19.93
SAMPLE round=42 variant=a start_ns=12016163091345 map_ns=59595565 ready_map_ns=163547286 present_ns=165994779 complete_ns=190544404 minor_delta=13186 major_delta=0 rss_kib=55460 gl_result=0 evidence=(M)[AC] power=Not charging load1=19.93
SAMPLE round=42 variant=b start_ns=12016405148647 map_ns=6113204 ready_map_ns=37286447 present_ns=11270643 complete_ns=65685433 minor_delta=0 major_delta=0 rss_kib=155864 gl_result=-10 evidence=(M)[AC] power=Not charging load1=19.93
SAMPLE round=42 variant=c start_ns=12016473096507 map_ns=10042977 ready_map_ns=33287690 present_ns=12652962 complete_ns=49360020 minor_delta=0 major_delta=0 rss_kib=55540 gl_result=0 evidence=(M)[AC] power=Not charging load1=19.93
SAMPLE round=43 variant=a start_ns=12016528105008 map_ns=17937939 ready_map_ns=127775009 present_ns=129802463 complete_ns=159188052 minor_delta=13186 major_delta=0 rss_kib=55472 gl_result=0 evidence=(M)[AC] power=Not charging load1=19.93
SAMPLE round=43 variant=b start_ns=12016726142803 map_ns=6040281 ready_map_ns=27670062 present_ns=8688050 complete_ns=46059033 minor_delta=0 major_delta=0 rss_kib=155864 gl_result=-10 evidence=(M)[AC] power=Not charging load1=19.93
SAMPLE round=43 variant=c start_ns=12016777097304 map_ns=2721540 ready_map_ns=27000710 present_ns=4282912 complete_ns=42422807 minor_delta=0 major_delta=0 rss_kib=55540 gl_result=0 evidence=(M)[AC] power=Not charging load1=19.93
SAMPLE round=44 variant=a start_ns=12016821207656 map_ns=14912454 ready_map_ns=151720958 present_ns=156854513 complete_ns=182614870 minor_delta=13185 major_delta=0 rss_kib=55452 gl_result=0 evidence=(M)[AC] power=Not charging load1=19.93
SAMPLE round=44 variant=b start_ns=12017032138919 map_ns=7193881 ready_map_ns=25601333 present_ns=8610508 complete_ns=54263099 minor_delta=0 major_delta=0 rss_kib=155864 gl_result=-10 evidence=(M)[AC] power=Not charging load1=19.93
SAMPLE round=44 variant=c start_ns=12017088133270 map_ns=7163184 ready_map_ns=36512126 present_ns=8186945 complete_ns=52586714 minor_delta=0 major_delta=0 rss_kib=55540 gl_result=0 evidence=(M)[AC] power=Not charging load1=19.93
SAMPLE round=45 variant=a start_ns=12017142131748 map_ns=29849887 ready_map_ns=268693840 present_ns=271921347 complete_ns=294822643 minor_delta=13184 major_delta=0 rss_kib=55472 gl_result=0 evidence=(M)[AC] power=Not charging load1=19.93
SAMPLE round=45 variant=b start_ns=12017481416284 map_ns=4982259 ready_map_ns=6121828 present_ns=6601750 complete_ns=21653631 minor_delta=0 major_delta=0 rss_kib=155864 gl_result=-10 evidence=(M)[AC] power=Not charging load1=19.93
SAMPLE round=45 variant=c start_ns=12017504165732 map_ns=3551245 ready_map_ns=17851845 present_ns=4759471 complete_ns=32058363 minor_delta=0 major_delta=0 rss_kib=55540 gl_result=0 evidence=(M)[AC] power=Not charging load1=19.93
SAMPLE round=46 variant=a start_ns=12017541085556 map_ns=23163765 ready_map_ns=181884940 present_ns=183686205 complete_ns=211634668 minor_delta=13186 major_delta=0 rss_kib=55412 gl_result=0 evidence=(M)[AC] power=Not charging load1=19.93
SAMPLE round=46 variant=b start_ns=12017789090760 map_ns=2783845 ready_map_ns=31855389 present_ns=5494382 complete_ns=48445758 minor_delta=0 major_delta=0 rss_kib=155864 gl_result=-10 evidence=(M)[AC] power=Not charging load1=19.94
SAMPLE round=46 variant=c start_ns=12017839977530 map_ns=5227234 ready_map_ns=30135876 present_ns=6363502 complete_ns=46361120 minor_delta=0 major_delta=0 rss_kib=55540 gl_result=0 evidence=(M)[AC] power=Not charging load1=19.94
SAMPLE round=47 variant=a start_ns=12017887363801 map_ns=27534644 ready_map_ns=187108754 present_ns=187203779 complete_ns=215920688 minor_delta=13183 major_delta=0 rss_kib=55460 gl_result=0 evidence=(M)[AC] power=Not charging load1=19.94
SAMPLE round=47 variant=b start_ns=12018115639841 map_ns=6343100 ready_map_ns=38864926 present_ns=7453935 complete_ns=57293702 minor_delta=0 major_delta=0 rss_kib=155864 gl_result=-10 evidence=(M)[AC] power=Not charging load1=19.94
SAMPLE round=47 variant=c start_ns=12018177150483 map_ns=4951757 ready_map_ns=27202321 present_ns=7926319 complete_ns=45899826 minor_delta=0 major_delta=0 rss_kib=55540 gl_result=0 evidence=(M)[AC] power=Not charging load1=19.94
SAMPLE round=48 variant=a start_ns=12018224686995 map_ns=27686824 ready_map_ns=158640586 present_ns=160164168 complete_ns=178343373 minor_delta=13184 major_delta=0 rss_kib=55500 gl_result=0 evidence=(M)[AC] power=Not charging load1=19.94
SAMPLE round=48 variant=b start_ns=12018431340631 map_ns=2610376 ready_map_ns=26352440 present_ns=4845448 complete_ns=42655843 minor_delta=0 major_delta=0 rss_kib=155864 gl_result=-10 evidence=(M)[AC] power=Not charging load1=19.94
SAMPLE round=48 variant=c start_ns=12018478085859 map_ns=2625785 ready_map_ns=27427782 present_ns=5565648 complete_ns=43483895 minor_delta=0 major_delta=0 rss_kib=55540 gl_result=0 evidence=(M)[AC] power=Not charging load1=19.94
SAMPLE round=49 variant=a start_ns=12018536084343 map_ns=25112681 ready_map_ns=185026042 present_ns=185094072 complete_ns=217197956 minor_delta=13185 major_delta=0 rss_kib=55488 gl_result=0 evidence=(M)[AC] power=Not charging load1=19.94
SAMPLE round=49 variant=b start_ns=12018769157929 map_ns=2390249 ready_map_ns=34489190 present_ns=6864703 complete_ns=52245938 minor_delta=0 major_delta=0 rss_kib=155864 gl_result=-10 evidence=(M)[AC] power=Not charging load1=19.94
SAMPLE round=49 variant=c start_ns=12018823095397 map_ns=10009274 ready_map_ns=32683025 present_ns=12874564 complete_ns=63849161 minor_delta=0 major_delta=0 rss_kib=55540 gl_result=0 evidence=(M)[AC] power=Not charging load1=19.94
SAMPLE round=50 variant=a start_ns=12018889986261 map_ns=25254733 ready_map_ns=228621814 present_ns=228705461 complete_ns=247679633 minor_delta=13186 major_delta=0 rss_kib=55424 gl_result=0 evidence=(M)[AC] power=Not charging load1=19.94
SAMPLE round=50 variant=b start_ns=12019187112640 map_ns=8659828 ready_map_ns=36584879 present_ns=10537054 complete_ns=65909118 minor_delta=0 major_delta=0 rss_kib=155864 gl_result=-10 evidence=(M)[AC] power=Not charging load1=19.94
SAMPLE round=50 variant=c start_ns=12019256119269 map_ns=8666146 ready_map_ns=31056362 present_ns=10543072 complete_ns=46593335 minor_delta=0 major_delta=0 rss_kib=55540 gl_result=0 evidence=(M)[AC] power=Not charging load1=19.94
SAMPLE round=51 variant=a start_ns=12019304320019 map_ns=34311217 ready_map_ns=323933755 present_ns=324826862 complete_ns=366564240 minor_delta=13185 major_delta=0 rss_kib=55448 gl_result=0 evidence=(M)[AC] power=Not charging load1=19.94
SAMPLE round=51 variant=b start_ns=12019716100869 map_ns=6002329 ready_map_ns=38319867 present_ns=6788749 complete_ns=56519890 minor_delta=0 major_delta=0 rss_kib=155864 gl_result=-10 evidence=(M)[AC] power=Not charging load1=19.94
SAMPLE round=51 variant=c start_ns=12019775102063 map_ns=3143575 ready_map_ns=29527866 present_ns=7873368 complete_ns=45389844 minor_delta=0 major_delta=0 rss_kib=55540 gl_result=0 evidence=(M)[AC] power=Not charging load1=19.94
SAMPLE round=52 variant=a start_ns=12019824096835 map_ns=33313700 ready_map_ns=117944401 present_ns=119949710 complete_ns=145781791 minor_delta=13186 major_delta=0 rss_kib=55492 gl_result=0 evidence=(M)[AC] power=Not charging load1=19.94
SAMPLE round=52 variant=b start_ns=12020003353923 map_ns=3092080 ready_map_ns=16664454 present_ns=4205044 complete_ns=33595882 minor_delta=0 major_delta=0 rss_kib=155864 gl_result=-10 evidence=(M)[AC] power=Not charging load1=19.94
SAMPLE round=52 variant=c start_ns=12020040514729 map_ns=2832528 ready_map_ns=31036776 present_ns=4275075 complete_ns=47193867 minor_delta=0 major_delta=0 rss_kib=55540 gl_result=0 evidence=(M)[AC] power=Not charging load1=19.94
SAMPLE round=53 variant=a start_ns=12020090078552 map_ns=28334532 ready_map_ns=126341294 present_ns=127850317 complete_ns=146553151 minor_delta=13186 major_delta=0 rss_kib=55428 gl_result=0 evidence=(M)[AC] power=Not charging load1=19.94
SAMPLE round=53 variant=b start_ns=12020254593486 map_ns=3625514 ready_map_ns=33043149 present_ns=5196155 complete_ns=48412543 minor_delta=0 major_delta=0 rss_kib=155864 gl_result=-10 evidence=(M)[AC] power=Not charging load1=19.94
SAMPLE round=53 variant=c start_ns=12020304189483 map_ns=3403310 ready_map_ns=16085535 present_ns=4499078 complete_ns=31412985 minor_delta=0 major_delta=0 rss_kib=55540 gl_result=0 evidence=(M)[AC] power=Not charging load1=19.94
SAMPLE round=54 variant=a start_ns=12020336690396 map_ns=14092476 ready_map_ns=208548511 present_ns=209499360 complete_ns=248957760 minor_delta=13187 major_delta=0 rss_kib=55496 gl_result=0 evidence=(M)[AC] power=Not charging load1=19.94
SAMPLE round=54 variant=b start_ns=12020625098886 map_ns=3309782 ready_map_ns=29934961 present_ns=7980169 complete_ns=47166954 minor_delta=0 major_delta=0 rss_kib=155864 gl_result=-10 evidence=(M)[AC] power=Not charging load1=19.94
SAMPLE round=54 variant=c start_ns=12020676107687 map_ns=3266107 ready_map_ns=31343518 present_ns=4480447 complete_ns=44934999 minor_delta=0 major_delta=0 rss_kib=55540 gl_result=0 evidence=(M)[AC] power=Not charging load1=19.94
SAMPLE round=55 variant=a start_ns=12020735096234 map_ns=25993402 ready_map_ns=187347896 present_ns=189864564 complete_ns=218278809 minor_delta=13185 major_delta=0 rss_kib=55424 gl_result=0 evidence=(M)[AC] power=Not charging load1=19.94
SAMPLE round=55 variant=b start_ns=12020990094832 map_ns=3239932 ready_map_ns=32039443 present_ns=4629237 complete_ns=47074939 minor_delta=0 major_delta=0 rss_kib=155864 gl_result=-10 evidence=(M)[AC] power=Not charging load1=19.94
SAMPLE round=55 variant=c start_ns=12021040083645 map_ns=2710855 ready_map_ns=31206472 present_ns=6905949 complete_ns=46554131 minor_delta=1 major_delta=0 rss_kib=55544 gl_result=0 evidence=(M)[AC] power=Not charging load1=19.94
SAMPLE round=56 variant=a start_ns=12021088065889 map_ns=32841589 ready_map_ns=237281990 present_ns=240006057 complete_ns=264647708 minor_delta=13186 major_delta=0 rss_kib=55396 gl_result=0 evidence=(M)[AC] power=Not charging load1=19.94
SAMPLE round=56 variant=b start_ns=12021392126514 map_ns=7996597 ready_map_ns=31808538 present_ns=9129092 complete_ns=44231229 minor_delta=0 major_delta=0 rss_kib=155864 gl_result=-10 evidence=(M)[AC] power=Not charging load1=19.94
SAMPLE round=56 variant=c start_ns=12021440117545 map_ns=3289849 ready_map_ns=33480944 present_ns=4720883 complete_ns=65316366 minor_delta=0 major_delta=0 rss_kib=55544 gl_result=0 evidence=(M)[AC] power=Not charging load1=19.94
SAMPLE round=57 variant=a start_ns=12021508095237 map_ns=26395393 ready_map_ns=161852715 present_ns=161965600 complete_ns=195033071 minor_delta=13186 major_delta=0 rss_kib=55416 gl_result=0 evidence=(M)[AC] power=Not charging load1=19.94
SAMPLE round=57 variant=b start_ns=12021750120361 map_ns=9077024 ready_map_ns=39730738 present_ns=10173405 complete_ns=53951231 minor_delta=1 major_delta=0 rss_kib=155868 gl_result=-10 evidence=(M)[AC] power=Not charging load1=19.94
SAMPLE round=57 variant=c start_ns=12021811285633 map_ns=5931380 ready_map_ns=7434719 present_ns=7575680 complete_ns=25830879 minor_delta=0 major_delta=0 rss_kib=55544 gl_result=0 evidence=(M)[AC] power=Not charging load1=19.94
SAMPLE round=58 variant=a start_ns=12021839979431 map_ns=30544588 ready_map_ns=247539906 present_ns=251167749 complete_ns=281037816 minor_delta=13186 major_delta=0 rss_kib=55440 gl_result=0 evidence=(M)[AC] power=Not charging load1=19.94
SAMPLE round=58 variant=b start_ns=12022156147668 map_ns=10095284 ready_map_ns=35186805 present_ns=11641019 complete_ns=47044796 minor_delta=0 major_delta=0 rss_kib=155868 gl_result=-10 evidence=(M)[AC] power=Not charging load1=19.94
SAMPLE round=58 variant=c start_ns=12022204844757 map_ns=10367713 ready_map_ns=40462972 present_ns=11944234 complete_ns=70094063 minor_delta=0 major_delta=0 rss_kib=55544 gl_result=0 evidence=(M)[AC] power=Not charging load1=19.94
SAMPLE round=59 variant=a start_ns=12022281087868 map_ns=49191864 ready_map_ns=252206338 present_ns=252290920 complete_ns=289330808 minor_delta=13187 major_delta=0 rss_kib=55520 gl_result=0 evidence=(M)[AC] power=Not charging load1=19.94
SAMPLE round=59 variant=b start_ns=12022621088777 map_ns=3194979 ready_map_ns=17786752 present_ns=4335203 complete_ns=31842042 minor_delta=0 major_delta=0 rss_kib=155868 gl_result=-10 evidence=(M)[AC] power=Not charging load1=20.50
SAMPLE round=59 variant=c start_ns=12022656626031 map_ns=6896203 ready_map_ns=30594363 present_ns=8457698 complete_ns=49136520 minor_delta=0 major_delta=0 rss_kib=55544 gl_result=0 evidence=(M)[AC] power=Not charging load1=20.50
SAMPLE round=60 variant=a start_ns=12022707400454 map_ns=25185948 ready_map_ns=141671947 present_ns=141744126 complete_ns=163287160 minor_delta=13185 major_delta=0 rss_kib=55464 gl_result=0 evidence=(M)[AC] power=Not charging load1=20.50
SAMPLE round=60 variant=b start_ns=12022915096385 map_ns=2947096 ready_map_ns=25520619 present_ns=3931961 complete_ns=37552214 minor_delta=0 major_delta=0 rss_kib=155868 gl_result=-10 evidence=(M)[AC] power=Not charging load1=20.50
SAMPLE round=60 variant=c start_ns=12022955083569 map_ns=5490922 ready_map_ns=31875516 present_ns=8065981 complete_ns=48579430 minor_delta=0 major_delta=0 rss_kib=55544 gl_result=0 evidence=(M)[AC] power=Not charging load1=20.50
SAMPLE round=61 variant=a start_ns=12023013128586 map_ns=28586750 ready_map_ns=245541633 present_ns=247985187 complete_ns=290096005 minor_delta=13184 major_delta=0 rss_kib=55464 gl_result=0 evidence=(M)[AC] power=Not charging load1=20.50
SAMPLE round=61 variant=b start_ns=12023338119745 map_ns=9051670 ready_map_ns=32535417 present_ns=10059941 complete_ns=49374362 minor_delta=0 major_delta=0 rss_kib=155868 gl_result=-10 evidence=(M)[AC] power=Not charging load1=20.50
SAMPLE round=61 variant=c start_ns=12023389136746 map_ns=7532656 ready_map_ns=32242957 present_ns=8584916 complete_ns=50961448 minor_delta=0 major_delta=0 rss_kib=55544 gl_result=0 evidence=(M)[AC] power=Not charging load1=20.50
SAMPLE round=62 variant=a start_ns=12023444104728 map_ns=37722196 ready_map_ns=277923690 present_ns=278014906 complete_ns=313446271 minor_delta=13186 major_delta=0 rss_kib=55488 gl_result=0 evidence=(M)[AC] power=Not charging load1=20.50
SAMPLE round=62 variant=b start_ns=12023799106495 map_ns=7015857 ready_map_ns=38502499 present_ns=8011575 complete_ns=54819666 minor_delta=0 major_delta=0 rss_kib=155868 gl_result=-10 evidence=(M)[AC] power=Not charging load1=20.50
SAMPLE round=62 variant=c start_ns=12023858093002 map_ns=2723274 ready_map_ns=29654175 present_ns=3815746 complete_ns=45725887 minor_delta=0 major_delta=0 rss_kib=55544 gl_result=0 evidence=(M)[AC] power=Not charging load1=20.50
SAMPLE round=63 variant=a start_ns=12023907081191 map_ns=34835730 ready_map_ns=150362052 present_ns=154057681 complete_ns=180259214 minor_delta=13186 major_delta=0 rss_kib=55444 gl_result=0 evidence=(M)[AC] power=Not charging load1=20.50
SAMPLE round=63 variant=b start_ns=12024144661667 map_ns=6275536 ready_map_ns=27383529 present_ns=9961448 complete_ns=43130719 minor_delta=0 major_delta=0 rss_kib=155868 gl_result=-10 evidence=(M)[AC] power=Not charging load1=20.50
SAMPLE round=63 variant=c start_ns=12024194279299 map_ns=4737828 ready_map_ns=26606557 present_ns=11153010 complete_ns=43793271 minor_delta=0 major_delta=0 rss_kib=55544 gl_result=0 evidence=(M)[AC] power=Not charging load1=20.50
SAMPLE round=64 variant=a start_ns=12024239624096 map_ns=35871580 ready_map_ns=205890714 present_ns=205940385 complete_ns=246640523 minor_delta=13188 major_delta=0 rss_kib=55432 gl_result=0 evidence=(M)[AC] power=Not charging load1=20.50
SAMPLE round=64 variant=b start_ns=12024530097279 map_ns=9230977 ready_map_ns=31608011 present_ns=11117192 complete_ns=57838923 minor_delta=0 major_delta=0 rss_kib=155868 gl_result=-10 evidence=(M)[AC] power=Not charging load1=20.50
SAMPLE round=64 variant=c start_ns=12024591054730 map_ns=6746484 ready_map_ns=30972937 present_ns=8442364 complete_ns=46545261 minor_delta=0 major_delta=0 rss_kib=55544 gl_result=0 evidence=(M)[AC] power=Not charging load1=20.50
SAMPLE round=65 variant=a start_ns=12024646125419 map_ns=35426795 ready_map_ns=262493175 present_ns=262547666 complete_ns=309480905 minor_delta=13187 major_delta=0 rss_kib=55440 gl_result=0 evidence=(M)[AC] power=Not charging load1=20.50
SAMPLE round=65 variant=b start_ns=12025006143387 map_ns=9124818 ready_map_ns=30895003 present_ns=9753851 complete_ns=46498538 minor_delta=0 major_delta=0 rss_kib=155868 gl_result=-10 evidence=(M)[AC] power=Not charging load1=20.50
SAMPLE round=65 variant=c start_ns=12025056091473 map_ns=2701934 ready_map_ns=30864565 present_ns=4159369 complete_ns=47605869 minor_delta=0 major_delta=0 rss_kib=55544 gl_result=0 evidence=(M)[AC] power=Not charging load1=20.50
SAMPLE round=66 variant=a start_ns=12025111128150 map_ns=38146056 ready_map_ns=258115205 present_ns=258193573 complete_ns=291045591 minor_delta=13183 major_delta=0 rss_kib=55404 gl_result=0 evidence=(M)[AC] power=Not charging load1=20.50
SAMPLE round=66 variant=b start_ns=12025468140271 map_ns=8147520 ready_map_ns=35967542 present_ns=9846348 complete_ns=52361962 minor_delta=0 major_delta=0 rss_kib=155868 gl_result=-10 evidence=(M)[AC] power=Not charging load1=20.50
SAMPLE round=66 variant=c start_ns=12025524098615 map_ns=7016712 ready_map_ns=31838712 present_ns=8180970 complete_ns=46982807 minor_delta=0 major_delta=0 rss_kib=55544 gl_result=0 evidence=(M)[AC] power=Not charging load1=20.50
SAMPLE round=67 variant=a start_ns=12025573071493 map_ns=24727439 ready_map_ns=146453715 present_ns=149967610 complete_ns=183125920 minor_delta=13184 major_delta=0 rss_kib=55456 gl_result=0 evidence=(M)[AC] power=Not charging load1=20.50
SAMPLE round=67 variant=b start_ns=12025803126974 map_ns=8139256 ready_map_ns=36495705 present_ns=12001761 complete_ns=50992494 minor_delta=0 major_delta=0 rss_kib=155868 gl_result=-10 evidence=(M)[AC] power=Not charging load1=20.50
SAMPLE round=67 variant=c start_ns=12025861011144 map_ns=5284253 ready_map_ns=26729757 present_ns=10047753 complete_ns=44413728 minor_delta=0 major_delta=0 rss_kib=55544 gl_result=0 evidence=(M)[AC] power=Not charging load1=20.50
SAMPLE round=68 variant=a start_ns=12025917094445 map_ns=41518494 ready_map_ns=279040262 present_ns=284960461 complete_ns=319389500 minor_delta=13186 major_delta=0 rss_kib=55488 gl_result=0 evidence=(M)[AC] power=Not charging load1=20.50
SAMPLE round=68 variant=b start_ns=12026262093244 map_ns=2844753 ready_map_ns=48180629 present_ns=4637304 complete_ns=73901636 minor_delta=0 major_delta=0 rss_kib=155868 gl_result=-10 evidence=(M)[AC] power=Not charging load1=20.50
SAMPLE round=68 variant=c start_ns=12026339115511 map_ns=3263986 ready_map_ns=31555830 present_ns=4863328 complete_ns=52940328 minor_delta=0 major_delta=0 rss_kib=55544 gl_result=0 evidence=(M)[AC] power=Not charging load1=20.50
SAMPLE round=69 variant=a start_ns=12026402131102 map_ns=33882673 ready_map_ns=252040547 present_ns=252155119 complete_ns=301835884 minor_delta=13187 major_delta=0 rss_kib=55468 gl_result=0 evidence=(M)[AC] power=Not charging load1=20.50
SAMPLE round=69 variant=b start_ns=12026732114430 map_ns=2925508 ready_map_ns=56479543 present_ns=4123520 complete_ns=70924326 minor_delta=0 major_delta=0 rss_kib=155868 gl_result=-10 evidence=(M)[AC] power=Not charging load1=20.50
SAMPLE round=69 variant=c start_ns=12026806153563 map_ns=9986219 ready_map_ns=31637755 present_ns=11463047 complete_ns=50862858 minor_delta=0 major_delta=0 rss_kib=55544 gl_result=0 evidence=(M)[AC] power=Not charging load1=20.50
SAMPLE round=70 variant=a start_ns=12026864122037 map_ns=46074247 ready_map_ns=264584297 present_ns=266678390 complete_ns=306535375 minor_delta=13186 major_delta=0 rss_kib=55508 gl_result=0 evidence=(M)[AC] power=Not charging load1=20.50
SAMPLE round=70 variant=b start_ns=12027200102196 map_ns=17092768 ready_map_ns=86782606 present_ns=19006029 complete_ns=109143464 minor_delta=0 major_delta=0 rss_kib=155868 gl_result=-10 evidence=(M)[AC] power=Not charging load1=20.50
SAMPLE round=70 variant=c start_ns=12027311971917 map_ns=6175100 ready_map_ns=46570550 present_ns=10946168 complete_ns=77263599 minor_delta=0 major_delta=0 rss_kib=55544 gl_result=0 evidence=(M)[AC] power=Not charging load1=20.50
SAMPLE round=71 variant=a start_ns=12027401085497 map_ns=27228159 ready_map_ns=248006729 present_ns=248034685 complete_ns=290975690 minor_delta=13186 major_delta=0 rss_kib=55452 gl_result=0 evidence=(M)[AC] power=Not charging load1=20.50
SAMPLE round=71 variant=b start_ns=12027710096461 map_ns=6138587 ready_map_ns=26682054 present_ns=7772648 complete_ns=43733145 minor_delta=0 major_delta=0 rss_kib=155868 gl_result=-10 evidence=(M)[AC] power=Not charging load1=20.70
SAMPLE round=71 variant=c start_ns=12027772095828 map_ns=3347620 ready_map_ns=31729151 present_ns=4938858 complete_ns=53499453 minor_delta=0 major_delta=0 rss_kib=55544 gl_result=0 evidence=(M)[AC] power=Not charging load1=20.70
SAMPLE round=72 variant=a start_ns=12027831128535 map_ns=26088764 ready_map_ns=159605383 present_ns=162919438 complete_ns=187884740 minor_delta=13185 major_delta=0 rss_kib=55500 gl_result=0 evidence=(M)[AC] power=Not charging load1=20.70
SAMPLE round=72 variant=b start_ns=12028031048033 map_ns=6630720 ready_map_ns=39530611 present_ns=12113754 complete_ns=57901591 minor_delta=0 major_delta=0 rss_kib=155868 gl_result=-10 evidence=(M)[AC] power=Not charging load1=20.70
SAMPLE round=72 variant=c start_ns=12028093095969 map_ns=5063987 ready_map_ns=26637563 present_ns=5981721 complete_ns=48575775 minor_delta=0 major_delta=0 rss_kib=55544 gl_result=0 evidence=(M)[AC] power=Not charging load1=20.70
SAMPLE round=73 variant=a start_ns=12028143549675 map_ns=27651748 ready_map_ns=343233530 present_ns=343314589 complete_ns=378004328 minor_delta=13186 major_delta=0 rss_kib=55464 gl_result=0 evidence=(M)[AC] power=Not charging load1=20.70
SAMPLE round=73 variant=b start_ns=12028539272417 map_ns=5111042 ready_map_ns=46833452 present_ns=7461133 complete_ns=68234636 minor_delta=0 major_delta=0 rss_kib=155868 gl_result=-10 evidence=(M)[AC] power=Not charging load1=20.70
SAMPLE round=73 variant=c start_ns=12028617191732 map_ns=6245119 ready_map_ns=24296194 present_ns=7129672 complete_ns=55427255 minor_delta=0 major_delta=0 rss_kib=55544 gl_result=0 evidence=(M)[AC] power=Not charging load1=20.70
SAMPLE round=74 variant=a start_ns=12028680084401 map_ns=40404641 ready_map_ns=396063940 present_ns=399741838 complete_ns=442964208 minor_delta=13183 major_delta=0 rss_kib=55452 gl_result=0 evidence=(M)[AC] power=Not charging load1=20.70
SAMPLE round=74 variant=b start_ns=12029189118514 map_ns=8031642 ready_map_ns=30994589 present_ns=12617961 complete_ns=46548962 minor_delta=0 major_delta=0 rss_kib=155868 gl_result=-10 evidence=(M)[AC] power=Not charging load1=20.70
SAMPLE round=74 variant=c start_ns=12029243103684 map_ns=5015471 ready_map_ns=27525630 present_ns=6038879 complete_ns=46944317 minor_delta=0 major_delta=0 rss_kib=55544 gl_result=0 evidence=(M)[AC] power=Not charging load1=20.70
SAMPLE round=75 variant=a start_ns=12029293090455 map_ns=46928242 ready_map_ns=216587430 present_ns=220009269 complete_ns=263337270 minor_delta=13184 major_delta=0 rss_kib=55376 gl_result=0 evidence=(M)[AC] power=Not charging load1=20.70
SAMPLE round=75 variant=b start_ns=12029575084889 map_ns=12184676 ready_map_ns=27899074 present_ns=17957646 complete_ns=47478602 minor_delta=0 major_delta=0 rss_kib=155868 gl_result=-10 evidence=(M)[AC] power=Not charging load1=20.70
SAMPLE round=75 variant=c start_ns=12029627857705 map_ns=9270505 ready_map_ns=26919029 present_ns=10118284 complete_ns=41953682 minor_delta=0 major_delta=0 rss_kib=55544 gl_result=0 evidence=(M)[AC] power=Not charging load1=20.70
SAMPLE round=76 variant=a start_ns=12029672064930 map_ns=26455369 ready_map_ns=302894972 present_ns=306060799 complete_ns=347754807 minor_delta=13185 major_delta=0 rss_kib=55468 gl_result=0 evidence=(M)[AC] power=Not charging load1=20.70
SAMPLE round=76 variant=b start_ns=12030050224922 map_ns=7882838 ready_map_ns=38135679 present_ns=10762331 complete_ns=53936460 minor_delta=0 major_delta=0 rss_kib=155868 gl_result=-10 evidence=(M)[AC] power=Not charging load1=20.70
SAMPLE round=76 variant=c start_ns=12030113124575 map_ns=11001064 ready_map_ns=41344900 present_ns=12929164 complete_ns=62607767 minor_delta=0 major_delta=0 rss_kib=55544 gl_result=0 evidence=(M)[AC] power=Not charging load1=20.70
SAMPLE round=77 variant=a start_ns=12030186104756 map_ns=46428284 ready_map_ns=263270454 present_ns=263977704 complete_ns=301761150 minor_delta=13188 major_delta=0 rss_kib=55448 gl_result=0 evidence=(M)[AC] power=Not charging load1=20.70
SAMPLE round=77 variant=b start_ns=12030517101024 map_ns=4066127 ready_map_ns=53184854 present_ns=10954637 complete_ns=72888353 minor_delta=0 major_delta=0 rss_kib=155868 gl_result=-10 evidence=(M)[AC] power=Not charging load1=20.70
SAMPLE round=77 variant=c start_ns=12030595100864 map_ns=2825961 ready_map_ns=43471760 present_ns=4242059 complete_ns=79032225 minor_delta=0 major_delta=0 rss_kib=55544 gl_result=0 evidence=(M)[AC] power=Not charging load1=20.70
SAMPLE round=78 variant=a start_ns=12030681098223 map_ns=23769672 ready_map_ns=188930735 present_ns=189001191 complete_ns=223838829 minor_delta=13187 major_delta=0 rss_kib=55452 gl_result=0 evidence=(M)[AC] power=Not charging load1=20.70
SAMPLE round=78 variant=b start_ns=12030948965493 map_ns=6775287 ready_map_ns=39613731 present_ns=10251080 complete_ns=58869566 minor_delta=0 major_delta=0 rss_kib=155868 gl_result=-10 evidence=(M)[AC] power=Not charging load1=20.70
SAMPLE round=78 variant=c start_ns=12031014146796 map_ns=10721925 ready_map_ns=39467836 present_ns=12079065 complete_ns=59769524 minor_delta=0 major_delta=0 rss_kib=55544 gl_result=0 evidence=(M)[AC] power=Not charging load1=20.70
SAMPLE round=79 variant=a start_ns=12031075335540 map_ns=49201238 ready_map_ns=262542438 present_ns=267725909 complete_ns=295733408 minor_delta=13186 major_delta=0 rss_kib=55416 gl_result=0 evidence=(M)[AC] power=Not charging load1=20.70
SAMPLE round=79 variant=b start_ns=12031409098513 map_ns=11124537 ready_map_ns=38233867 present_ns=15280181 complete_ns=64138650 minor_delta=0 major_delta=0 rss_kib=155868 gl_result=-10 evidence=(M)[AC] power=Not charging load1=20.70
SAMPLE round=79 variant=c start_ns=12031479096108 map_ns=5018092 ready_map_ns=48857319 present_ns=6349256 complete_ns=77924871 minor_delta=1 major_delta=0 rss_kib=55548 gl_result=0 evidence=(M)[AC] power=Not charging load1=20.70
SAMPLE round=80 variant=a start_ns=12031577114499 map_ns=106915864 ready_map_ns=277673705 present_ns=280933200 complete_ns=309891583 minor_delta=13186 major_delta=0 rss_kib=55472 gl_result=0 evidence=(M)[AC] power=Not charging load1=20.70
SAMPLE round=80 variant=b start_ns=12031938097006 map_ns=2778553 ready_map_ns=33490161 present_ns=3769273 complete_ns=49496622 minor_delta=1 major_delta=0 rss_kib=155872 gl_result=-10 evidence=(M)[AC] power=Not charging load1=20.70
SAMPLE round=80 variant=c start_ns=12031989716554 map_ns=6703023 ready_map_ns=30453956 present_ns=7618799 complete_ns=46924524 minor_delta=0 major_delta=0 rss_kib=55548 gl_result=0 evidence=(M)[AC] power=Not charging load1=20.70
SAMPLE round=81 variant=a start_ns=12032041109539 map_ns=26153018 ready_map_ns=183976997 present_ns=186914935 complete_ns=211224654 minor_delta=13184 major_delta=0 rss_kib=55472 gl_result=0 evidence=(M)[AC] power=Not charging load1=20.70
SAMPLE round=81 variant=b start_ns=12032286084051 map_ns=4158499 ready_map_ns=18034130 present_ns=6751964 complete_ns=32975910 minor_delta=1 major_delta=0 rss_kib=155876 gl_result=-10 evidence=(M)[AC] power=Not charging load1=20.70
SAMPLE round=81 variant=c start_ns=12032322134838 map_ns=12021581 ready_map_ns=35158275 present_ns=13708526 complete_ns=64925239 minor_delta=0 major_delta=0 rss_kib=55548 gl_result=0 evidence=(M)[AC] power=Not charging load1=20.70
SAMPLE round=82 variant=a start_ns=12032389327243 map_ns=37775342 ready_map_ns=234279503 present_ns=237757280 complete_ns=264028769 minor_delta=13185 major_delta=0 rss_kib=55448 gl_result=0 evidence=(M)[AC] power=Not charging load1=20.70
SAMPLE round=82 variant=b start_ns=12032697100513 map_ns=6011349 ready_map_ns=23603659 present_ns=7076377 complete_ns=42785897 minor_delta=0 major_delta=0 rss_kib=155876 gl_result=-10 evidence=(M)[AC] power=Not charging load1=20.81
SAMPLE round=82 variant=c start_ns=12032741198952 map_ns=4898430 ready_map_ns=30871027 present_ns=6623863 complete_ns=45844246 minor_delta=0 major_delta=0 rss_kib=55548 gl_result=0 evidence=(M)[AC] power=Not charging load1=20.81
SAMPLE round=83 variant=a start_ns=12032791109915 map_ns=27646205 ready_map_ns=179519028 present_ns=181963386 complete_ns=212256480 minor_delta=13184 major_delta=0 rss_kib=55376 gl_result=0 evidence=(M)[AC] power=Not charging load1=20.81
SAMPLE round=83 variant=b start_ns=12033055100955 map_ns=5097585 ready_map_ns=32550718 present_ns=14239896 complete_ns=51651001 minor_delta=0 major_delta=0 rss_kib=155876 gl_result=-10 evidence=(M)[AC] power=Not charging load1=20.81
SAMPLE round=83 variant=c start_ns=12033108098554 map_ns=5866243 ready_map_ns=31203013 present_ns=9556730 complete_ns=51429596 minor_delta=1 major_delta=0 rss_kib=55552 gl_result=0 evidence=(M)[AC] power=Not charging load1=20.81
SAMPLE round=84 variant=a start_ns=12033162090832 map_ns=28811079 ready_map_ns=329869736 present_ns=330024607 complete_ns=376300498 minor_delta=13186 major_delta=0 rss_kib=55444 gl_result=0 evidence=(M)[AC] power=Not charging load1=20.81
SAMPLE round=84 variant=b start_ns=12033602114978 map_ns=2788164 ready_map_ns=38909589 present_ns=4663098 complete_ns=69761432 minor_delta=0 major_delta=0 rss_kib=155876 gl_result=-10 evidence=(M)[AC] power=Not charging load1=20.81
SAMPLE round=84 variant=c start_ns=12033684119630 map_ns=2872334 ready_map_ns=37825032 present_ns=9927097 complete_ns=57299799 minor_delta=0 major_delta=0 rss_kib=55552 gl_result=0 evidence=(M)[AC] power=Not charging load1=20.81
SAMPLE round=85 variant=a start_ns=12033757508135 map_ns=45227615 ready_map_ns=195558747 present_ns=196599120 complete_ns=230098955 minor_delta=13186 major_delta=0 rss_kib=55444 gl_result=0 evidence=(M)[AC] power=Not charging load1=20.81
SAMPLE round=85 variant=b start_ns=12034007098729 map_ns=5883051 ready_map_ns=48626950 present_ns=7262339 complete_ns=79841212 minor_delta=0 major_delta=0 rss_kib=155876 gl_result=-10 evidence=(M)[AC] power=Not charging load1=20.81
SAMPLE round=85 variant=c start_ns=12034091120358 map_ns=2747730 ready_map_ns=29866447 present_ns=6445359 complete_ns=48705999 minor_delta=0 major_delta=0 rss_kib=55552 gl_result=0 evidence=(M)[AC] power=Not charging load1=20.81
SAMPLE round=86 variant=a start_ns=12034145884685 map_ns=25967535 ready_map_ns=176869798 present_ns=180265258 complete_ns=207203804 minor_delta=13186 major_delta=0 rss_kib=55488 gl_result=0 evidence=(M)[AC] power=Not charging load1=20.81
SAMPLE round=86 variant=b start_ns=12034371211499 map_ns=6930049 ready_map_ns=32658760 present_ns=11717112 complete_ns=48471259 minor_delta=0 major_delta=0 rss_kib=155876 gl_result=-10 evidence=(M)[AC] power=Not charging load1=20.81
SAMPLE round=86 variant=c start_ns=12034426127690 map_ns=5940265 ready_map_ns=28649704 present_ns=7355640 complete_ns=42368564 minor_delta=0 major_delta=0 rss_kib=55552 gl_result=0 evidence=(M)[AC] power=Not charging load1=20.81
SAMPLE round=87 variant=a start_ns=12034471117392 map_ns=37268282 ready_map_ns=294813834 present_ns=294899699 complete_ns=333620186 minor_delta=13186 major_delta=0 rss_kib=55452 gl_result=0 evidence=(M)[AC] power=Not charging load1=20.81
SAMPLE round=87 variant=b start_ns=12034844130907 map_ns=10990430 ready_map_ns=44488285 present_ns=12051423 complete_ns=57913827 minor_delta=0 major_delta=0 rss_kib=155876 gl_result=-10 evidence=(M)[AC] power=Not charging load1=20.81
SAMPLE round=87 variant=c start_ns=12034905106218 map_ns=7100145 ready_map_ns=32162814 present_ns=10728655 complete_ns=47186570 minor_delta=0 major_delta=0 rss_kib=55552 gl_result=0 evidence=(M)[AC] power=Not charging load1=20.81
SAMPLE round=88 variant=a start_ns=12034960267780 map_ns=33216727 ready_map_ns=198787526 present_ns=204776943 complete_ns=227008227 minor_delta=13185 major_delta=0 rss_kib=55492 gl_result=0 evidence=(M)[AC] power=Not charging load1=20.81
SAMPLE round=88 variant=b start_ns=12035228341294 map_ns=9883092 ready_map_ns=26884738 present_ns=13005700 complete_ns=47935315 minor_delta=0 major_delta=0 rss_kib=155876 gl_result=-10 evidence=(M)[AC] power=Not charging load1=20.81
SAMPLE round=88 variant=c start_ns=12035278670990 map_ns=9996333 ready_map_ns=43297920 present_ns=11367186 complete_ns=59383277 minor_delta=0 major_delta=0 rss_kib=55552 gl_result=0 evidence=(M)[AC] power=Not charging load1=20.81
SAMPLE round=89 variant=a start_ns=12035342110659 map_ns=33954619 ready_map_ns=145342121 present_ns=147278090 complete_ns=177636631 minor_delta=13186 major_delta=0 rss_kib=55456 gl_result=0 evidence=(M)[AC] power=Not charging load1=20.81
SAMPLE round=89 variant=b start_ns=12035556104405 map_ns=6188690 ready_map_ns=31656269 present_ns=7291098 complete_ns=46872899 minor_delta=0 major_delta=0 rss_kib=155876 gl_result=-10 evidence=(M)[AC] power=Not charging load1=20.81
SAMPLE round=89 variant=c start_ns=12035607109526 map_ns=7327172 ready_map_ns=33312307 present_ns=8798551 complete_ns=46342448 minor_delta=0 major_delta=0 rss_kib=55552 gl_result=0 evidence=(M)[AC] power=Not charging load1=20.81
SAMPLE round=90 variant=a start_ns=12035659097263 map_ns=36058148 ready_map_ns=298769176 present_ns=304018941 complete_ns=327212022 minor_delta=13185 major_delta=0 rss_kib=55488 gl_result=0 evidence=(M)[AC] power=Not charging load1=20.81
SAMPLE round=90 variant=b start_ns=12036039100016 map_ns=3297595 ready_map_ns=31535996 present_ns=4357561 complete_ns=47441523 minor_delta=0 major_delta=0 rss_kib=155876 gl_result=-10 evidence=(M)[AC] power=Not charging load1=20.81
SAMPLE round=90 variant=c start_ns=12036087754143 map_ns=4391120 ready_map_ns=33799631 present_ns=8296716 complete_ns=49201096 minor_delta=0 major_delta=0 rss_kib=55552 gl_result=0 evidence=(M)[AC] power=Not charging load1=20.81
SAMPLE round=91 variant=a start_ns=12036147088709 map_ns=33006954 ready_map_ns=254003559 present_ns=254988539 complete_ns=290459942 minor_delta=13185 major_delta=0 rss_kib=55488 gl_result=0 evidence=(M)[AC] power=Not charging load1=20.81
SAMPLE round=91 variant=b start_ns=12036489092425 map_ns=11054346 ready_map_ns=33131701 present_ns=12587627 complete_ns=47786893 minor_delta=0 major_delta=0 rss_kib=155876 gl_result=-10 evidence=(M)[AC] power=Not charging load1=20.81
SAMPLE round=91 variant=c start_ns=12036541101629 map_ns=4106473 ready_map_ns=33485783 present_ns=7784779 complete_ns=46045337 minor_delta=0 major_delta=0 rss_kib=55552 gl_result=0 evidence=(M)[AC] power=Not charging load1=20.81
SAMPLE round=92 variant=a start_ns=12036590708424 map_ns=29073453 ready_map_ns=265983877 present_ns=268472403 complete_ns=295839294 minor_delta=13184 major_delta=0 rss_kib=55452 gl_result=0 evidence=(M)[AC] power=Not charging load1=20.81
SAMPLE round=92 variant=b start_ns=12036930098143 map_ns=6419015 ready_map_ns=29623951 present_ns=7801319 complete_ns=56247446 minor_delta=0 major_delta=0 rss_kib=155876 gl_result=-10 evidence=(M)[AC] power=Not charging load1=20.81
SAMPLE round=92 variant=c start_ns=12036988122145 map_ns=5980416 ready_map_ns=35527575 present_ns=9837798 complete_ns=66618590 minor_delta=0 major_delta=0 rss_kib=55552 gl_result=0 evidence=(M)[AC] power=Not charging load1=20.81
SAMPLE round=93 variant=a start_ns=12037072115009 map_ns=22964722 ready_map_ns=124599338 present_ns=128868149 complete_ns=148066483 minor_delta=13186 major_delta=0 rss_kib=55488 gl_result=0 evidence=(M)[AC] power=Not charging load1=20.81
SAMPLE round=93 variant=b start_ns=12037256125990 map_ns=6920464 ready_map_ns=31252081 present_ns=12052242 complete_ns=46943227 minor_delta=0 major_delta=0 rss_kib=155876 gl_result=-10 evidence=(M)[AC] power=Not charging load1=20.81
SAMPLE round=93 variant=c start_ns=12037307112543 map_ns=7009868 ready_map_ns=30272474 present_ns=8491695 complete_ns=44797672 minor_delta=0 major_delta=0 rss_kib=55552 gl_result=0 evidence=(M)[AC] power=Not charging load1=20.81
SAMPLE round=94 variant=a start_ns=12037356033067 map_ns=34122044 ready_map_ns=226208412 present_ns=228172283 complete_ns=262847727 minor_delta=13182 major_delta=0 rss_kib=55400 gl_result=0 evidence=(M)[AC] power=Not charging load1=20.81
SAMPLE round=94 variant=b start_ns=12037656369656 map_ns=9594808 ready_map_ns=36824786 present_ns=10922005 complete_ns=62340767 minor_delta=0 major_delta=0 rss_kib=155876 gl_result=-10 evidence=(M)[AC] power=Not charging load1=20.82
SAMPLE round=94 variant=c start_ns=12037723131506 map_ns=6892557 ready_map_ns=29638511 present_ns=8453459 complete_ns=46645133 minor_delta=0 major_delta=0 rss_kib=55552 gl_result=0 evidence=(M)[AC] power=Not charging load1=20.82
SAMPLE round=95 variant=a start_ns=12037776109308 map_ns=33076385 ready_map_ns=153577404 present_ns=155297174 complete_ns=177920354 minor_delta=13182 major_delta=0 rss_kib=55400 gl_result=0 evidence=(M)[AC] power=Not charging load1=20.82
SAMPLE round=95 variant=b start_ns=12038018093035 map_ns=5135709 ready_map_ns=40403164 present_ns=9546524 complete_ns=68044722 minor_delta=0 major_delta=0 rss_kib=155876 gl_result=-10 evidence=(M)[AC] power=Not charging load1=20.82
SAMPLE round=95 variant=c start_ns=12038108104013 map_ns=2757012 ready_map_ns=31039712 present_ns=4261841 complete_ns=46056583 minor_delta=0 major_delta=0 rss_kib=55552 gl_result=0 evidence=(M)[AC] power=Not charging load1=20.82
SAMPLE round=96 variant=a start_ns=12038161098096 map_ns=46969719 ready_map_ns=222570977 present_ns=222682407 complete_ns=258649008 minor_delta=13184 major_delta=0 rss_kib=55432 gl_result=0 evidence=(M)[AC] power=Not charging load1=20.82
SAMPLE round=96 variant=b start_ns=12038462039057 map_ns=10073851 ready_map_ns=42623459 present_ns=15179767 complete_ns=56900010 minor_delta=0 major_delta=0 rss_kib=155876 gl_result=-10 evidence=(M)[AC] power=Not charging load1=20.82
SAMPLE round=96 variant=c start_ns=12038521924460 map_ns=8252307 ready_map_ns=33125447 present_ns=11871851 complete_ns=47865193 minor_delta=0 major_delta=0 rss_kib=55552 gl_result=0 evidence=(M)[AC] power=Not charging load1=20.82
SAMPLE round=97 variant=a start_ns=12038576101669 map_ns=33816072 ready_map_ns=221048660 present_ns=223171322 complete_ns=243788689 minor_delta=13184 major_delta=0 rss_kib=55484 gl_result=0 evidence=(M)[AC] power=Not charging load1=20.82
SAMPLE round=97 variant=b start_ns=12038855096492 map_ns=3058058 ready_map_ns=32089081 present_ns=4379117 complete_ns=47981201 minor_delta=0 major_delta=0 rss_kib=155876 gl_result=-10 evidence=(M)[AC] power=Not charging load1=20.82
SAMPLE round=97 variant=c start_ns=12038904399526 map_ns=8460669 ready_map_ns=10942534 present_ns=11064324 complete_ns=32163158 minor_delta=0 major_delta=0 rss_kib=55552 gl_result=0 evidence=(M)[AC] power=Not charging load1=20.82
SAMPLE round=98 variant=a start_ns=12038939089326 map_ns=35956821 ready_map_ns=261732461 present_ns=263672064 complete_ns=296666468 minor_delta=13185 major_delta=0 rss_kib=55408 gl_result=0 evidence=(M)[AC] power=Not charging load1=20.82
SAMPLE round=98 variant=b start_ns=12039289323679 map_ns=11238330 ready_map_ns=31736438 present_ns=16053201 complete_ns=50097143 minor_delta=0 major_delta=0 rss_kib=155876 gl_result=-10 evidence=(M)[AC] power=Not charging load1=20.82
SAMPLE round=98 variant=c start_ns=12039348097625 map_ns=3986871 ready_map_ns=47109210 present_ns=6460112 complete_ns=71788438 minor_delta=0 major_delta=0 rss_kib=55552 gl_result=0 evidence=(M)[AC] power=Not charging load1=20.82
SAMPLE round=99 variant=a start_ns=12039421423571 map_ns=29507069 ready_map_ns=337626086 present_ns=339682584 complete_ns=386398640 minor_delta=13185 major_delta=0 rss_kib=55492 gl_result=0 evidence=(M)[AC] power=Not charging load1=20.82
SAMPLE round=99 variant=b start_ns=12039827109175 map_ns=5008528 ready_map_ns=25499669 present_ns=7786453 complete_ns=42541477 minor_delta=0 major_delta=0 rss_kib=155876 gl_result=-10 evidence=(M)[AC] power=Not charging load1=20.82
SAMPLE round=99 variant=c start_ns=12039877154545 map_ns=3389455 ready_map_ns=27028093 present_ns=4423570 complete_ns=41804115 minor_delta=0 major_delta=0 rss_kib=55552 gl_result=0 evidence=(M)[AC] power=Not charging load1=20.82
SAMPLE round=100 variant=a start_ns=12039921088135 map_ns=43469665 ready_map_ns=204740809 present_ns=208986929 complete_ns=230337620 minor_delta=13186 major_delta=0 rss_kib=55468 gl_result=0 evidence=(M)[AC] power=Not charging load1=20.82
SAMPLE round=100 variant=b start_ns=12040163124953 map_ns=6177216 ready_map_ns=39912842 present_ns=7025521 complete_ns=57228581 minor_delta=0 major_delta=0 rss_kib=155876 gl_result=-10 evidence=(M)[AC] power=Not charging load1=20.82
SAMPLE round=100 variant=c start_ns=12040224116763 map_ns=8232126 ready_map_ns=9719158 present_ns=9789565 complete_ns=27432852 minor_delta=0 major_delta=0 rss_kib=55552 gl_result=0 evidence=(M)[AC] power=Not charging load1=20.82
SAMPLE round=101 variant=a start_ns=12040254111861 map_ns=20559632 ready_map_ns=302754980 present_ns=304587275 complete_ns=351754602 minor_delta=13186 major_delta=0 rss_kib=55468 gl_result=0 evidence=(M)[AC] power=Not charging load1=20.82
SAMPLE round=101 variant=b start_ns=12040653120387 map_ns=3988158 ready_map_ns=34128766 present_ns=6489557 complete_ns=49324408 minor_delta=0 major_delta=0 rss_kib=155876 gl_result=-10 evidence=(M)[AC] power=Not charging load1=20.82
SAMPLE round=101 variant=c start_ns=12040707463332 map_ns=2675243 ready_map_ns=34052977 present_ns=6458887 complete_ns=47665077 minor_delta=0 major_delta=0 rss_kib=55552 gl_result=0 evidence=(M)[AC] power=Not charging load1=20.82
SAMPLE round=102 variant=a start_ns=12040758104724 map_ns=49074819 ready_map_ns=231209542 present_ns=233130374 complete_ns=280922453 minor_delta=13184 major_delta=0 rss_kib=55468 gl_result=0 evidence=(M)[AC] power=Not charging load1=20.82
SAMPLE round=102 variant=b start_ns=12041092130911 map_ns=11434462 ready_map_ns=32738052 present_ns=12502682 complete_ns=45248678 minor_delta=0 major_delta=0 rss_kib=155876 gl_result=-10 evidence=(M)[AC] power=Not charging load1=20.82
SAMPLE round=102 variant=c start_ns=12041145098897 map_ns=4035004 ready_map_ns=24408557 present_ns=5132467 complete_ns=42764105 minor_delta=0 major_delta=0 rss_kib=55552 gl_result=0 evidence=(M)[AC] power=Not charging load1=20.82
SAMPLE round=103 variant=a start_ns=12041193034826 map_ns=39285485 ready_map_ns=199552195 present_ns=208010309 complete_ns=243571234 minor_delta=13187 major_delta=0 rss_kib=55516 gl_result=0 evidence=(M)[AC] power=Not charging load1=20.82
SAMPLE round=103 variant=b start_ns=12041452873015 map_ns=2944112 ready_map_ns=54115558 present_ns=3854856 complete_ns=67682754 minor_delta=1 major_delta=0 rss_kib=155880 gl_result=-10 evidence=(M)[AC] power=Not charging load1=20.82
SAMPLE round=103 variant=c start_ns=12041525148468 map_ns=8431577 ready_map_ns=30308256 present_ns=9796149 complete_ns=44152905 minor_delta=1 major_delta=0 rss_kib=55556 gl_result=0 evidence=(M)[AC] power=Not charging load1=20.82
SAMPLE round=104 variant=a start_ns=12041578098549 map_ns=30728892 ready_map_ns=203746162 present_ns=205050676 complete_ns=242092969 minor_delta=13183 major_delta=0 rss_kib=55444 gl_result=0 evidence=(M)[AC] power=Not charging load1=20.82
SAMPLE round=104 variant=b start_ns=12041872961026 map_ns=9522887 ready_map_ns=34273639 present_ns=10402766 complete_ns=47133194 minor_delta=0 major_delta=0 rss_kib=155880 gl_result=-10 evidence=(M)[AC] power=Not charging load1=20.82
SAMPLE round=104 variant=c start_ns=12041922089017 map_ns=5316792 ready_map_ns=33317807 present_ns=7025890 complete_ns=63557488 minor_delta=0 major_delta=0 rss_kib=55556 gl_result=0 evidence=(M)[AC] power=Not charging load1=20.82
SAMPLE round=105 variant=a start_ns=12041990089418 map_ns=41030334 ready_map_ns=284853167 present_ns=285002260 complete_ns=332103729 minor_delta=13186 major_delta=0 rss_kib=55432 gl_result=0 evidence=(M)[AC] power=Not charging load1=20.82
SAMPLE round=105 variant=b start_ns=12042340154083 map_ns=9975110 ready_map_ns=48484399 present_ns=11432371 complete_ns=83431009 minor_delta=0 major_delta=0 rss_kib=155880 gl_result=-10 evidence=(M)[AC] power=Not charging load1=20.82
SAMPLE round=105 variant=c start_ns=12042435093959 map_ns=2785328 ready_map_ns=40404042 present_ns=4277585 complete_ns=73096489 minor_delta=0 major_delta=0 rss_kib=55556 gl_result=0 evidence=(M)[AC] power=Not charging load1=20.82
SAMPLE round=106 variant=a start_ns=12042510486864 map_ns=52375250 ready_map_ns=331241191 present_ns=341658564 complete_ns=394235297 minor_delta=13183 major_delta=0 rss_kib=55464 gl_result=0 evidence=(M)[AC] power=Not charging load1=20.82
SAMPLE round=106 variant=b start_ns=12043010102284 map_ns=2774904 ready_map_ns=27151001 present_ns=9080644 complete_ns=45146623 minor_delta=0 major_delta=0 rss_kib=155880 gl_result=-10 evidence=(M)[AC] power=Not charging load1=21.32
SAMPLE round=106 variant=c start_ns=12043058141520 map_ns=7821182 ready_map_ns=30031975 present_ns=8729292 complete_ns=46849229 minor_delta=0 major_delta=0 rss_kib=55556 gl_result=0 evidence=(M)[AC] power=Not charging load1=21.32
SAMPLE round=107 variant=a start_ns=12043113095013 map_ns=39499806 ready_map_ns=361651251 present_ns=365031358 complete_ns=406050401 minor_delta=13185 major_delta=0 rss_kib=55488 gl_result=0 evidence=(M)[AC] power=Not charging load1=21.32
SAMPLE round=107 variant=b start_ns=12043540153447 map_ns=9995322 ready_map_ns=51106174 present_ns=10924868 complete_ns=63100323 minor_delta=0 major_delta=0 rss_kib=155880 gl_result=-10 evidence=(M)[AC] power=Not charging load1=21.32
SAMPLE round=107 variant=c start_ns=12043613115280 map_ns=12040138 ready_map_ns=42295602 present_ns=18926954 complete_ns=58748479 minor_delta=0 major_delta=0 rss_kib=55556 gl_result=0 evidence=(M)[AC] power=Not charging load1=21.32
SAMPLE round=108 variant=a start_ns=12043677115848 map_ns=39157406 ready_map_ns=255721286 present_ns=258989796 complete_ns=293561768 minor_delta=13184 major_delta=0 rss_kib=55460 gl_result=0 evidence=(M)[AC] power=Not charging load1=21.32
SAMPLE round=108 variant=b start_ns=12044045124958 map_ns=10496132 ready_map_ns=12360946 present_ns=12480491 complete_ns=26714790 minor_delta=0 major_delta=0 rss_kib=155880 gl_result=-10 evidence=(M)[AC] power=Not charging load1=21.32
SAMPLE round=108 variant=c start_ns=12044079110601 map_ns=2850086 ready_map_ns=27819656 present_ns=4327495 complete_ns=57982892 minor_delta=0 major_delta=0 rss_kib=55556 gl_result=0 evidence=(M)[AC] power=Not charging load1=21.32
SAMPLE round=109 variant=a start_ns=12044154877946 map_ns=44456372 ready_map_ns=323082002 present_ns=323231926 complete_ns=364222386 minor_delta=13185 major_delta=0 rss_kib=55488 gl_result=0 evidence=(M)[AC] power=Not charging load1=21.32
SAMPLE round=109 variant=b start_ns=12044534104758 map_ns=6755848 ready_map_ns=58575321 present_ns=7775198 complete_ns=97369939 minor_delta=0 major_delta=0 rss_kib=155880 gl_result=-10 evidence=(M)[AC] power=Not charging load1=21.32
SAMPLE round=109 variant=c start_ns=12044637108219 map_ns=5075889 ready_map_ns=35537989 present_ns=6153563 complete_ns=49297886 minor_delta=0 major_delta=0 rss_kib=55556 gl_result=0 evidence=(M)[AC] power=Not charging load1=21.32
SAMPLE round=110 variant=a start_ns=12044690144604 map_ns=29100533 ready_map_ns=242979112 present_ns=243025556 complete_ns=278254607 minor_delta=13184 major_delta=0 rss_kib=55452 gl_result=0 evidence=(M)[AC] power=Not charging load1=21.32
SAMPLE round=110 variant=b start_ns=12045000207743 map_ns=5592003 ready_map_ns=35888977 present_ns=7139812 complete_ns=52173594 minor_delta=0 major_delta=0 rss_kib=155880 gl_result=-10 evidence=(M)[AC] power=Not charging load1=21.32
SAMPLE round=110 variant=c start_ns=12045066481362 map_ns=10011013 ready_map_ns=36174639 present_ns=12796447 complete_ns=53134936 minor_delta=0 major_delta=0 rss_kib=55556 gl_result=0 evidence=(M)[AC] power=Not charging load1=21.32
SAMPLE round=111 variant=a start_ns=12045123113227 map_ns=29299924 ready_map_ns=196717604 present_ns=203571175 complete_ns=228485141 minor_delta=13186 major_delta=0 rss_kib=55420 gl_result=0 evidence=(M)[AC] power=Not charging load1=21.32
SAMPLE round=111 variant=b start_ns=12045404179559 map_ns=2861678 ready_map_ns=33247894 present_ns=6001665 complete_ns=48333406 minor_delta=0 major_delta=0 rss_kib=155880 gl_result=-10 evidence=(M)[AC] power=Not charging load1=21.32
SAMPLE round=111 variant=c start_ns=12045456107737 map_ns=3308113 ready_map_ns=31108185 present_ns=7359658 complete_ns=49491014 minor_delta=0 major_delta=0 rss_kib=55556 gl_result=0 evidence=(M)[AC] power=Not charging load1=21.32
SAMPLE round=112 variant=a start_ns=12045511109621 map_ns=18502368 ready_map_ns=215191540 present_ns=215292283 complete_ns=257829166 minor_delta=13186 major_delta=0 rss_kib=55476 gl_result=0 evidence=(M)[AC] power=Not charging load1=21.32
SAMPLE round=112 variant=b start_ns=12045821124183 map_ns=10120401 ready_map_ns=39160688 present_ns=14735913 complete_ns=67339624 minor_delta=0 major_delta=0 rss_kib=155880 gl_result=-10 evidence=(M)[AC] power=Not charging load1=21.32
SAMPLE round=112 variant=c start_ns=12045897015981 map_ns=12156387 ready_map_ns=44297602 present_ns=13196855 complete_ns=60010351 minor_delta=0 major_delta=0 rss_kib=55556 gl_result=0 evidence=(M)[AC] power=Not charging load1=21.32
SAMPLE round=113 variant=a start_ns=12045961085208 map_ns=41803026 ready_map_ns=157690013 present_ns=157763982 complete_ns=190978659 minor_delta=13186 major_delta=0 rss_kib=55452 gl_result=0 evidence=(M)[AC] power=Not charging load1=21.32
SAMPLE round=113 variant=b start_ns=12046175095935 map_ns=4994400 ready_map_ns=29224975 present_ns=5785588 complete_ns=43938988 minor_delta=0 major_delta=0 rss_kib=155880 gl_result=-10 evidence=(M)[AC] power=Not charging load1=21.32
SAMPLE round=113 variant=c start_ns=12046220921288 map_ns=6230225 ready_map_ns=38715050 present_ns=7261432 complete_ns=64115481 minor_delta=0 major_delta=0 rss_kib=55556 gl_result=0 evidence=(M)[AC] power=Not charging load1=21.32
SAMPLE round=114 variant=a start_ns=12046293122814 map_ns=26556753 ready_map_ns=316819712 present_ns=319970470 complete_ns=351293746 minor_delta=13184 major_delta=0 rss_kib=55452 gl_result=0 evidence=(M)[AC] power=Not charging load1=21.32
SAMPLE round=114 variant=b start_ns=12046684091446 map_ns=2669981 ready_map_ns=40017537 present_ns=3779767 complete_ns=53836441 minor_delta=0 major_delta=0 rss_kib=155880 gl_result=-10 evidence=(M)[AC] power=Not charging load1=21.32
SAMPLE round=114 variant=c start_ns=12046745101582 map_ns=2775034 ready_map_ns=27016834 present_ns=3791843 complete_ns=41816499 minor_delta=0 major_delta=0 rss_kib=55556 gl_result=0 evidence=(M)[AC] power=Not charging load1=21.32
SAMPLE round=115 variant=a start_ns=12046788172866 map_ns=45954080 ready_map_ns=324355386 present_ns=327930218 complete_ns=435250658 minor_delta=13184 major_delta=0 rss_kib=55456 gl_result=0 evidence=(M)[AC] power=Not charging load1=21.32
SAMPLE round=115 variant=b start_ns=12047313110776 map_ns=4117708 ready_map_ns=50581372 present_ns=5733141 complete_ns=79566119 minor_delta=0 major_delta=0 rss_kib=155880 gl_result=-10 evidence=(M)[AC] power=Not charging load1=21.32
SAMPLE round=115 variant=c start_ns=12047399114267 map_ns=6096370 ready_map_ns=37215799 present_ns=7859569 complete_ns=52900662 minor_delta=0 major_delta=0 rss_kib=55556 gl_result=0 evidence=(M)[AC] power=Not charging load1=21.32
SAMPLE round=116 variant=a start_ns=12047457100907 map_ns=31428124 ready_map_ns=271157038 present_ns=271289523 complete_ns=311538542 minor_delta=13186 major_delta=0 rss_kib=55456 gl_result=0 evidence=(M)[AC] power=Not charging load1=21.32
SAMPLE round=116 variant=b start_ns=12047786121917 map_ns=13012362 ready_map_ns=53353869 present_ns=16968846 complete_ns=69109520 minor_delta=0 major_delta=0 rss_kib=155880 gl_result=-10 evidence=(M)[AC] power=Not charging load1=21.37
SAMPLE round=116 variant=c start_ns=12047860342057 map_ns=13796230 ready_map_ns=45535243 present_ns=19090798 complete_ns=74894928 minor_delta=0 major_delta=0 rss_kib=55556 gl_result=0 evidence=(M)[AC] power=Not charging load1=21.37
SAMPLE round=117 variant=a start_ns=12047946137042 map_ns=45007900 ready_map_ns=382024786 present_ns=389919087 complete_ns=429059817 minor_delta=13186 major_delta=0 rss_kib=55460 gl_result=0 evidence=(M)[AC] power=Not charging load1=21.37
SAMPLE round=117 variant=b start_ns=12048466090579 map_ns=3054506 ready_map_ns=39389322 present_ns=8999832 complete_ns=54118836 minor_delta=0 major_delta=0 rss_kib=155880 gl_result=-10 evidence=(M)[AC] power=Not charging load1=21.37
SAMPLE round=117 variant=c start_ns=12048523100346 map_ns=5032778 ready_map_ns=30602076 present_ns=8083871 complete_ns=46224600 minor_delta=0 major_delta=0 rss_kib=55556 gl_result=0 evidence=(M)[AC] power=Not charging load1=21.37
SAMPLE round=118 variant=a start_ns=12048570772403 map_ns=34638914 ready_map_ns=337383354 present_ns=340369251 complete_ns=381143172 minor_delta=13186 major_delta=0 rss_kib=55424 gl_result=0 evidence=(M)[AC] power=Not charging load1=21.37
SAMPLE round=118 variant=b start_ns=12048975133792 map_ns=14144960 ready_map_ns=61906382 present_ns=18353554 complete_ns=83012107 minor_delta=0 major_delta=0 rss_kib=155880 gl_result=-10 evidence=(M)[AC] power=Not charging load1=21.37
SAMPLE round=118 variant=c start_ns=12049065204667 map_ns=9954888 ready_map_ns=41069413 present_ns=11448316 complete_ns=70284640 minor_delta=0 major_delta=0 rss_kib=55556 gl_result=0 evidence=(M)[AC] power=Not charging load1=21.37
SAMPLE round=119 variant=a start_ns=12049144130679 map_ns=46533551 ready_map_ns=377608168 present_ns=381916514 complete_ns=407575785 minor_delta=13184 major_delta=0 rss_kib=55464 gl_result=0 evidence=(M)[AC] power=Not charging load1=21.37
SAMPLE round=119 variant=b start_ns=12049600119837 map_ns=3984090 ready_map_ns=22475464 present_ns=4744519 complete_ns=34809116 minor_delta=0 major_delta=0 rss_kib=155880 gl_result=-10 evidence=(M)[AC] power=Not charging load1=21.37
SAMPLE round=119 variant=c start_ns=12049641688994 map_ns=2889824 ready_map_ns=29231758 present_ns=4441359 complete_ns=64969646 minor_delta=0 major_delta=0 rss_kib=55556 gl_result=0 evidence=(M)[AC] power=Not charging load1=21.37
SAMPLE round=120 variant=a start_ns=12049715215271 map_ns=27736503 ready_map_ns=176642105 present_ns=178276839 complete_ns=203500191 minor_delta=13185 major_delta=0 rss_kib=55436 gl_result=0 evidence=(M)[AC] power=Not charging load1=21.37
SAMPLE round=120 variant=b start_ns=12049938120789 map_ns=7236284 ready_map_ns=35288942 present_ns=8126022 complete_ns=50866282 minor_delta=0 major_delta=0 rss_kib=155880 gl_result=-10 evidence=(M)[AC] power=Not charging load1=21.37
SAMPLE round=120 variant=c start_ns=12049995137021 map_ns=5452588 ready_map_ns=89180918 present_ns=7120387 complete_ns=114307626 minor_delta=0 major_delta=0 rss_kib=55556 gl_result=0 evidence=(M)[AC] power=Not charging load1=21.37
SAMPLE round=121 variant=a start_ns=12050123092571 map_ns=35010739 ready_map_ns=327005161 present_ns=329978322 complete_ns=361972777 minor_delta=13184 major_delta=0 rss_kib=55376 gl_result=0 evidence=(M)[AC] power=Not charging load1=21.37
SAMPLE round=121 variant=b start_ns=12050500113936 map_ns=11027292 ready_map_ns=36073794 present_ns=12563968 complete_ns=51603803 minor_delta=0 major_delta=0 rss_kib=155880 gl_result=-10 evidence=(M)[AC] power=Not charging load1=21.37
SAMPLE round=121 variant=c start_ns=12050557127690 map_ns=4793288 ready_map_ns=28518669 present_ns=8934554 complete_ns=45768080 minor_delta=0 major_delta=0 rss_kib=55556 gl_result=0 evidence=(M)[AC] power=Not charging load1=21.37
SAMPLE round=122 variant=a start_ns=12050622097213 map_ns=25285513 ready_map_ns=220116373 present_ns=220207079 complete_ns=265202791 minor_delta=13184 major_delta=0 rss_kib=55464 gl_result=0 evidence=(M)[AC] power=Not charging load1=21.37
SAMPLE round=122 variant=b start_ns=12050905355848 map_ns=3013933 ready_map_ns=32595667 present_ns=5405163 complete_ns=46455775 minor_delta=0 major_delta=0 rss_kib=155880 gl_result=-10 evidence=(M)[AC] power=Not charging load1=21.37
SAMPLE round=122 variant=c start_ns=12050955109102 map_ns=2774664 ready_map_ns=32240344 present_ns=4153768 complete_ns=48154782 minor_delta=0 major_delta=0 rss_kib=55556 gl_result=0 evidence=(M)[AC] power=Not charging load1=21.37
SAMPLE round=123 variant=a start_ns=12051005400468 map_ns=33766689 ready_map_ns=235167497 present_ns=237727780 complete_ns=280911140 minor_delta=13186 major_delta=0 rss_kib=55436 gl_result=0 evidence=(M)[AC] power=Not charging load1=21.37
SAMPLE round=123 variant=b start_ns=12051306093433 map_ns=2886287 ready_map_ns=65609927 present_ns=4529764 complete_ns=80108423 minor_delta=0 major_delta=0 rss_kib=155880 gl_result=-10 evidence=(M)[AC] power=Not charging load1=21.37
SAMPLE round=123 variant=c start_ns=12051387419793 map_ns=4956659 ready_map_ns=33142624 present_ns=6097657 complete_ns=49635730 minor_delta=0 major_delta=0 rss_kib=55556 gl_result=0 evidence=(M)[AC] power=Not charging load1=21.37
SAMPLE round=124 variant=a start_ns=12051441092189 map_ns=49540706 ready_map_ns=341973436 present_ns=344966326 complete_ns=377978833 minor_delta=13186 major_delta=0 rss_kib=55488 gl_result=0 evidence=(M)[AC] power=Not charging load1=21.37
SAMPLE round=124 variant=b start_ns=12051844090850 map_ns=8055173 ready_map_ns=45258186 present_ns=16322310 complete_ns=58478890 minor_delta=0 major_delta=0 rss_kib=155880 gl_result=-10 evidence=(M)[AC] power=Not charging load1=21.37
SAMPLE round=124 variant=c start_ns=12051904268489 map_ns=7568789 ready_map_ns=32118826 present_ns=8992584 complete_ns=48072899 minor_delta=0 major_delta=0 rss_kib=55556 gl_result=0 evidence=(M)[AC] power=Not charging load1=21.37
SAMPLE round=125 variant=a start_ns=12051960099199 map_ns=26699755 ready_map_ns=315165770 present_ns=318988427 complete_ns=345868822 minor_delta=13185 major_delta=0 rss_kib=55460 gl_result=0 evidence=(M)[AC] power=Not charging load1=21.37
SAMPLE round=125 variant=b start_ns=12052351271027 map_ns=2717416 ready_map_ns=33947067 present_ns=9374123 complete_ns=49886575 minor_delta=0 major_delta=0 rss_kib=155880 gl_result=-10 evidence=(M)[AC] power=Not charging load1=21.37
SAMPLE round=125 variant=c start_ns=12052402246513 map_ns=3552588 ready_map_ns=17762963 present_ns=4710725 complete_ns=35298756 minor_delta=0 major_delta=0 rss_kib=55556 gl_result=0 evidence=(M)[AC] power=Not charging load1=21.37
SAMPLE round=126 variant=a start_ns=12052438973736 map_ns=34545301 ready_map_ns=254674659 present_ns=258128564 complete_ns=297835801 minor_delta=13183 major_delta=0 rss_kib=55476 gl_result=0 evidence=(M)[AC] power=Not charging load1=21.37
SAMPLE round=126 variant=b start_ns=12052758007253 map_ns=6963676 ready_map_ns=48808278 present_ns=7910100 complete_ns=60042723 minor_delta=0 major_delta=0 rss_kib=155880 gl_result=-10 evidence=(M)[AC] power=Not charging load1=21.66
SAMPLE round=126 variant=c start_ns=12052822638911 map_ns=11199819 ready_map_ns=32889354 present_ns=12237825 complete_ns=47773961 minor_delta=0 major_delta=0 rss_kib=55556 gl_result=0 evidence=(M)[AC] power=Not charging load1=21.66
SAMPLE round=127 variant=a start_ns=12052885113728 map_ns=30992478 ready_map_ns=181881444 present_ns=183596969 complete_ns=226940103 minor_delta=13188 major_delta=0 rss_kib=55456 gl_result=0 evidence=(M)[AC] power=Not charging load1=21.66
SAMPLE round=127 variant=b start_ns=12053143092479 map_ns=10038759 ready_map_ns=28545896 present_ns=11217141 complete_ns=42567482 minor_delta=1 major_delta=0 rss_kib=155884 gl_result=-10 evidence=(M)[AC] power=Not charging load1=21.66
SAMPLE round=127 variant=c start_ns=12053189179306 map_ns=2721867 ready_map_ns=30785267 present_ns=4704485 complete_ns=44983553 minor_delta=1 major_delta=0 rss_kib=55560 gl_result=0 evidence=(M)[AC] power=Not charging load1=21.66
SAMPLE round=128 variant=a start_ns=12053241190564 map_ns=25575793 ready_map_ns=184585956 present_ns=184654331 complete_ns=210868858 minor_delta=13184 major_delta=0 rss_kib=55472 gl_result=0 evidence=(M)[AC] power=Not charging load1=21.66
SAMPLE round=128 variant=b start_ns=12053464933620 map_ns=10239833 ready_map_ns=39518860 present_ns=11207063 complete_ns=53842628 minor_delta=0 major_delta=0 rss_kib=155884 gl_result=-10 evidence=(M)[AC] power=Not charging load1=21.66
SAMPLE round=128 variant=c start_ns=12053527091735 map_ns=6020270 ready_map_ns=28474927 present_ns=6933241 complete_ns=43631274 minor_delta=0 major_delta=0 rss_kib=55560 gl_result=0 evidence=(M)[AC] power=Not charging load1=21.66
SAMPLE round=129 variant=a start_ns=12053580093636 map_ns=25526829 ready_map_ns=190022573 present_ns=191400915 complete_ns=221250339 minor_delta=13185 major_delta=0 rss_kib=55468 gl_result=0 evidence=(M)[AC] power=Not charging load1=21.66
SAMPLE round=129 variant=b start_ns=12053812533101 map_ns=4943890 ready_map_ns=42616054 present_ns=6698277 complete_ns=57129090 minor_delta=0 major_delta=0 rss_kib=155884 gl_result=-10 evidence=(M)[AC] power=Not charging load1=21.66
SAMPLE round=129 variant=c start_ns=12053874188859 map_ns=3094283 ready_map_ns=30098704 present_ns=3694893 complete_ns=44936454 minor_delta=0 major_delta=0 rss_kib=55560 gl_result=0 evidence=(M)[AC] power=Not charging load1=21.66
SAMPLE round=130 variant=a start_ns=12053935131488 map_ns=26041184 ready_map_ns=190132385 present_ns=190237334 complete_ns=217374229 minor_delta=13183 major_delta=0 rss_kib=55476 gl_result=0 evidence=(M)[AC] power=Not charging load1=21.66
SAMPLE round=130 variant=b start_ns=12054164139620 map_ns=7449365 ready_map_ns=38845668 present_ns=8483466 complete_ns=56484857 minor_delta=0 major_delta=0 rss_kib=155884 gl_result=-10 evidence=(M)[AC] power=Not charging load1=21.66
SAMPLE round=130 variant=c start_ns=12054222041850 map_ns=10061983 ready_map_ns=30786944 present_ns=11130137 complete_ns=51081635 minor_delta=0 major_delta=0 rss_kib=55560 gl_result=0 evidence=(M)[AC] power=Not charging load1=21.66
SAMPLE round=131 variant=a start_ns=12054275119851 map_ns=32651012 ready_map_ns=151135531 present_ns=151246033 complete_ns=178601746 minor_delta=13187 major_delta=0 rss_kib=55504 gl_result=0 evidence=(M)[AC] power=Not charging load1=21.66
SAMPLE round=131 variant=b start_ns=12054498369403 map_ns=15764706 ready_map_ns=39729542 present_ns=16831782 complete_ns=53676332 minor_delta=0 major_delta=0 rss_kib=155884 gl_result=-10 evidence=(M)[AC] power=Not charging load1=21.66
SAMPLE round=131 variant=c start_ns=12054559104590 map_ns=3193324 ready_map_ns=29981106 present_ns=4239739 complete_ns=45044609 minor_delta=0 major_delta=0 rss_kib=55560 gl_result=0 evidence=(M)[AC] power=Not charging load1=21.66
SAMPLE round=132 variant=a start_ns=12054607408334 map_ns=38903795 ready_map_ns=464907042 present_ns=469651508 complete_ns=494648688 minor_delta=13186 major_delta=0 rss_kib=55440 gl_result=0 evidence=(M)[AC] power=Not charging load1=21.66
SAMPLE round=132 variant=b start_ns=12055123107950 map_ns=2666399 ready_map_ns=29275922 present_ns=8966373 complete_ns=44632034 minor_delta=0 major_delta=0 rss_kib=155884 gl_result=-10 evidence=(M)[AC] power=Not charging load1=21.66
SAMPLE round=132 variant=c start_ns=12055171135066 map_ns=2756241 ready_map_ns=33504988 present_ns=3805099 complete_ns=46589065 minor_delta=0 major_delta=0 rss_kib=55560 gl_result=0 evidence=(M)[AC] power=Not charging load1=21.66
SAMPLE round=133 variant=a start_ns=12055225093774 map_ns=26654644 ready_map_ns=261764463 present_ns=265882340 complete_ns=293217997 minor_delta=13186 major_delta=0 rss_kib=55440 gl_result=0 evidence=(M)[AC] power=Not charging load1=21.66
SAMPLE round=133 variant=b start_ns=12055531120075 map_ns=7067800 ready_map_ns=38002070 present_ns=14005741 complete_ns=54423046 minor_delta=1 major_delta=0 rss_kib=155888 gl_result=-10 evidence=(M)[AC] power=Not charging load1=21.66
SAMPLE round=133 variant=c start_ns=12055590151576 map_ns=3031136 ready_map_ns=29987687 present_ns=4095284 complete_ns=46965562 minor_delta=0 major_delta=0 rss_kib=55560 gl_result=0 evidence=(M)[AC] power=Not charging load1=21.66
SAMPLE round=134 variant=a start_ns=12055640101794 map_ns=14700959 ready_map_ns=100402725 present_ns=100466323 complete_ns=145372671 minor_delta=13186 major_delta=0 rss_kib=55444 gl_result=0 evidence=(M)[AC] power=Not charging load1=21.66
SAMPLE round=134 variant=b start_ns=12055796818823 map_ns=6903789 ready_map_ns=39225551 present_ns=7900003 complete_ns=56555366 minor_delta=0 major_delta=0 rss_kib=155888 gl_result=-10 evidence=(M)[AC] power=Not charging load1=21.66
SAMPLE round=134 variant=c start_ns=12055855128924 map_ns=9447221 ready_map_ns=34039461 present_ns=10224322 complete_ns=47274942 minor_delta=1 major_delta=0 rss_kib=55564 gl_result=0 evidence=(M)[AC] power=Not charging load1=21.66
SAMPLE round=135 variant=a start_ns=12055903975933 map_ns=47491868 ready_map_ns=212156435 present_ns=214092707 complete_ns=248747921 minor_delta=13185 major_delta=0 rss_kib=55484 gl_result=0 evidence=(M)[AC] power=Not charging load1=21.66
SAMPLE round=135 variant=b start_ns=12056200144179 map_ns=4934024 ready_map_ns=21364103 present_ns=7915450 complete_ns=35413756 minor_delta=0 major_delta=0 rss_kib=155888 gl_result=-10 evidence=(M)[AC] power=Not charging load1=21.66
SAMPLE round=135 variant=c start_ns=12056238627073 map_ns=6540554 ready_map_ns=30495653 present_ns=7596568 complete_ns=46451375 minor_delta=0 major_delta=0 rss_kib=55564 gl_result=0 evidence=(M)[AC] power=Not charging load1=21.66
SAMPLE round=136 variant=a start_ns=12056286823133 map_ns=29043956 ready_map_ns=198686927 present_ns=198717431 complete_ns=232174375 minor_delta=13186 major_delta=0 rss_kib=55468 gl_result=0 evidence=(M)[AC] power=Not charging load1=21.66
SAMPLE round=136 variant=b start_ns=12056554143268 map_ns=3168092 ready_map_ns=32288663 present_ns=5686650 complete_ns=53364058 minor_delta=0 major_delta=0 rss_kib=155888 gl_result=-10 evidence=(M)[AC] power=Not charging load1=21.66
SAMPLE round=136 variant=c start_ns=12056611494880 map_ns=12147832 ready_map_ns=41760387 present_ns=17099323 complete_ns=56779973 minor_delta=0 major_delta=0 rss_kib=55564 gl_result=0 evidence=(M)[AC] power=Not charging load1=21.66
SAMPLE round=137 variant=a start_ns=12056677103527 map_ns=26282398 ready_map_ns=194265154 present_ns=197933230 complete_ns=224326825 minor_delta=13187 major_delta=0 rss_kib=55500 gl_result=0 evidence=(M)[AC] power=Not charging load1=21.66
SAMPLE round=137 variant=b start_ns=12056950355736 map_ns=6512981 ready_map_ns=36295841 present_ns=9225545 complete_ns=51544247 minor_delta=0 major_delta=0 rss_kib=155888 gl_result=-10 evidence=(M)[AC] power=Not charging load1=21.66
SAMPLE round=137 variant=c start_ns=12057007095879 map_ns=8036406 ready_map_ns=28610914 present_ns=9739425 complete_ns=44408955 minor_delta=0 major_delta=0 rss_kib=55564 gl_result=0 evidence=(M)[AC] power=Not charging load1=21.66
SAMPLE round=138 variant=a start_ns=12057053162165 map_ns=42330375 ready_map_ns=228837635 present_ns=228974100 complete_ns=265864351 minor_delta=13182 major_delta=0 rss_kib=55444 gl_result=0 evidence=(M)[AC] power=Not charging load1=21.66
SAMPLE round=138 variant=b start_ns=12057372126251 map_ns=15993177 ready_map_ns=47394041 present_ns=17029791 complete_ns=62869564 minor_delta=0 major_delta=0 rss_kib=155888 gl_result=-10 evidence=(M)[AC] power=Not charging load1=21.66
SAMPLE round=138 variant=c start_ns=12057437199036 map_ns=10954908 ready_map_ns=33927068 present_ns=12450848 complete_ns=50785016 minor_delta=0 major_delta=0 rss_kib=55564 gl_result=0 evidence=(M)[AC] power=Not charging load1=21.66
SAMPLE round=139 variant=a start_ns=12057491132464 map_ns=35434543 ready_map_ns=364136337 present_ns=364243921 complete_ns=413202538 minor_delta=13184 major_delta=0 rss_kib=55484 gl_result=0 evidence=(M)[AC] power=Not charging load1=21.66
SAMPLE round=139 variant=b start_ns=12057930549764 map_ns=16415908 ready_map_ns=79479120 present_ns=18084222 complete_ns=105547652 minor_delta=0 major_delta=0 rss_kib=155888 gl_result=-10 evidence=(M)[AC] power=Not charging load1=21.85
SAMPLE round=139 variant=c start_ns=12058045140796 map_ns=11295698 ready_map_ns=44141742 present_ns=12396597 complete_ns=59739520 minor_delta=0 major_delta=0 rss_kib=55564 gl_result=0 evidence=(M)[AC] power=Not charging load1=21.85
SAMPLE round=140 variant=a start_ns=12058118078728 map_ns=54321888 ready_map_ns=383411103 present_ns=384977637 complete_ns=423810256 minor_delta=13184 major_delta=0 rss_kib=55460 gl_result=0 evidence=(M)[AC] power=Not charging load1=21.85
SAMPLE round=140 variant=b start_ns=12058573126350 map_ns=12051528 ready_map_ns=38595342 present_ns=13569676 complete_ns=63535458 minor_delta=0 major_delta=0 rss_kib=155888 gl_result=-10 evidence=(M)[AC] power=Not charging load1=21.85
SAMPLE round=140 variant=c start_ns=12058649087734 map_ns=2827835 ready_map_ns=19372968 present_ns=4890470 complete_ns=37478539 minor_delta=0 major_delta=0 rss_kib=55564 gl_result=0 evidence=(M)[AC] power=Not charging load1=21.85
SAMPLE round=141 variant=a start_ns=12058700096923 map_ns=32188506 ready_map_ns=325925903 present_ns=334950120 complete_ns=370239451 minor_delta=13184 major_delta=0 rss_kib=55484 gl_result=0 evidence=(M)[AC] power=Not charging load1=21.85
SAMPLE round=141 variant=b start_ns=12059089162217 map_ns=6110945 ready_map_ns=46531162 present_ns=6662048 complete_ns=62272541 minor_delta=0 major_delta=0 rss_kib=155888 gl_result=-10 evidence=(M)[AC] power=Not charging load1=21.85
SAMPLE round=141 variant=c start_ns=12059161109258 map_ns=6703711 ready_map_ns=29682924 present_ns=8913813 complete_ns=41301281 minor_delta=0 major_delta=0 rss_kib=55564 gl_result=0 evidence=(M)[AC] power=Not charging load1=21.85
SAMPLE round=142 variant=a start_ns=12059212098395 map_ns=30168050 ready_map_ns=242492773 present_ns=244965714 complete_ns=274863096 minor_delta=13185 major_delta=0 rss_kib=55468 gl_result=0 evidence=(M)[AC] power=Not charging load1=21.85
SAMPLE round=142 variant=b start_ns=12059513098531 map_ns=5556588 ready_map_ns=56073132 present_ns=10916877 complete_ns=73483748 minor_delta=0 major_delta=0 rss_kib=155888 gl_result=-10 evidence=(M)[AC] power=Not charging load1=21.85
SAMPLE round=142 variant=c start_ns=12059602119891 map_ns=7031130 ready_map_ns=34920352 present_ns=8136139 complete_ns=50293551 minor_delta=0 major_delta=0 rss_kib=55564 gl_result=0 evidence=(M)[AC] power=Not charging load1=21.85
SAMPLE round=143 variant=a start_ns=12059661130542 map_ns=44715757 ready_map_ns=239459696 present_ns=241531424 complete_ns=277643770 minor_delta=13185 major_delta=0 rss_kib=55448 gl_result=0 evidence=(M)[AC] power=Not charging load1=21.85
SAMPLE round=143 variant=b start_ns=12060019130395 map_ns=15859772 ready_map_ns=57970106 present_ns=28943096 complete_ns=86955452 minor_delta=0 major_delta=0 rss_kib=155888 gl_result=-10 evidence=(M)[AC] power=Not charging load1=21.85
SAMPLE round=143 variant=c start_ns=12060109124412 map_ns=9676927 ready_map_ns=33281172 present_ns=11217093 complete_ns=61028581 minor_delta=0 major_delta=0 rss_kib=55564 gl_result=0 evidence=(M)[AC] power=Not charging load1=21.85
SAMPLE round=144 variant=a start_ns=12060178092872 map_ns=24591338 ready_map_ns=150257216 present_ns=152041908 complete_ns=173426425 minor_delta=13186 major_delta=0 rss_kib=55504 gl_result=0 evidence=(M)[AC] power=Not charging load1=21.85
SAMPLE round=144 variant=b start_ns=12060387459191 map_ns=6650520 ready_map_ns=33673394 present_ns=9729515 complete_ns=48279480 minor_delta=0 major_delta=0 rss_kib=155888 gl_result=-10 evidence=(M)[AC] power=Not charging load1=21.85
SAMPLE round=144 variant=c start_ns=12060443106812 map_ns=2969896 ready_map_ns=29471349 present_ns=4100765 complete_ns=41993307 minor_delta=0 major_delta=0 rss_kib=55564 gl_result=0 evidence=(M)[AC] power=Not charging load1=21.85
SAMPLE round=145 variant=a start_ns=12060486214472 map_ns=26539400 ready_map_ns=114020617 present_ns=114117832 complete_ns=148937290 minor_delta=13186 major_delta=0 rss_kib=55456 gl_result=0 evidence=(M)[AC] power=Not charging load1=21.85
SAMPLE round=145 variant=b start_ns=12060662077885 map_ns=2570765 ready_map_ns=40141870 present_ns=3651840 complete_ns=57030991 minor_delta=0 major_delta=0 rss_kib=155888 gl_result=-10 evidence=(M)[AC] power=Not charging load1=21.85
SAMPLE round=145 variant=c start_ns=12060720155621 map_ns=4356983 ready_map_ns=33098350 present_ns=5354347 complete_ns=47981125 minor_delta=0 major_delta=0 rss_kib=55564 gl_result=0 evidence=(M)[AC] power=Not charging load1=21.85
SAMPLE round=146 variant=a start_ns=12060772887868 map_ns=29385448 ready_map_ns=188170257 present_ns=191650707 complete_ns=212217579 minor_delta=13184 major_delta=0 rss_kib=55468 gl_result=0 evidence=(M)[AC] power=Not charging load1=21.85
SAMPLE round=146 variant=b start_ns=12061033094462 map_ns=2769778 ready_map_ns=37711320 present_ns=7836702 complete_ns=54679414 minor_delta=0 major_delta=0 rss_kib=155888 gl_result=-10 evidence=(M)[AC] power=Not charging load1=21.85
SAMPLE round=146 variant=c start_ns=12061102103959 map_ns=7512596 ready_map_ns=36347648 present_ns=16386264 complete_ns=65683586 minor_delta=0 major_delta=0 rss_kib=55564 gl_result=0 evidence=(M)[AC] power=Not charging load1=21.85
SAMPLE round=147 variant=a start_ns=12061169329353 map_ns=61283887 ready_map_ns=339936352 present_ns=341821905 complete_ns=402567702 minor_delta=13188 major_delta=0 rss_kib=55520 gl_result=0 evidence=(M)[AC] power=Not charging load1=21.85
SAMPLE round=147 variant=b start_ns=12061658481154 map_ns=8232172 ready_map_ns=44485953 present_ns=9259791 complete_ns=68582530 minor_delta=0 major_delta=0 rss_kib=155888 gl_result=-10 evidence=(M)[AC] power=Not charging load1=21.85
SAMPLE round=147 variant=c start_ns=12061745133528 map_ns=11205384 ready_map_ns=43045580 present_ns=12730325 complete_ns=79125043 minor_delta=0 major_delta=0 rss_kib=55564 gl_result=0 evidence=(M)[AC] power=Not charging load1=21.85
SAMPLE round=148 variant=a start_ns=12061836972631 map_ns=76445437 ready_map_ns=504622419 present_ns=506055605 complete_ns=568037345 minor_delta=13184 major_delta=0 rss_kib=55460 gl_result=0 evidence=(M)[AC] power=Not charging load1=21.85
SAMPLE round=148 variant=b start_ns=12062509132718 map_ns=7666388 ready_map_ns=46555433 present_ns=13457606 complete_ns=60915393 minor_delta=0 major_delta=0 rss_kib=155888 gl_result=-10 evidence=(M)[AC] power=Not charging load1=21.85
SAMPLE round=148 variant=c start_ns=12062572102243 map_ns=6612770 ready_map_ns=82410597 present_ns=7397537 complete_ns=97917714 minor_delta=0 major_delta=0 rss_kib=55564 gl_result=0 evidence=(M)[AC] power=Not charging load1=23.30
SAMPLE round=149 variant=a start_ns=12062677143952 map_ns=28626610 ready_map_ns=220342261 present_ns=223009814 complete_ns=275598193 minor_delta=13186 major_delta=0 rss_kib=55432 gl_result=0 evidence=(M)[AC] power=Not charging load1=23.30
SAMPLE round=149 variant=b start_ns=12063008204990 map_ns=11552571 ready_map_ns=47450290 present_ns=15356868 complete_ns=66510181 minor_delta=0 major_delta=0 rss_kib=155888 gl_result=-10 evidence=(M)[AC] power=Not charging load1=23.30
SAMPLE round=149 variant=c start_ns=12063076131601 map_ns=10249908 ready_map_ns=44824406 present_ns=11887735 complete_ns=60076184 minor_delta=0 major_delta=0 rss_kib=55564 gl_result=0 evidence=(M)[AC] power=Not charging load1=23.30
SAMPLE round=150 variant=a start_ns=12063139102388 map_ns=38883951 ready_map_ns=134133553 present_ns=134173450 complete_ns=162913689 minor_delta=13186 major_delta=0 rss_kib=55512 gl_result=0 evidence=(M)[AC] power=Not charging load1=23.30
SAMPLE round=150 variant=b start_ns=12063335620449 map_ns=6460943 ready_map_ns=37336661 present_ns=7565154 complete_ns=66133416 minor_delta=1 major_delta=0 rss_kib=155892 gl_result=-10 evidence=(M)[AC] power=Not charging load1=23.30
SAMPLE round=150 variant=c start_ns=12063405497160 map_ns=4436846 ready_map_ns=33358743 present_ns=6161843 complete_ns=47543384 minor_delta=1 major_delta=0 rss_kib=55568 gl_result=0 evidence=(M)[AC] power=Not charging load1=23.30
SAMPLE round=151 variant=a start_ns=12063458129059 map_ns=43510279 ready_map_ns=273915276 present_ns=277983141 complete_ns=311413186 minor_delta=13189 major_delta=0 rss_kib=55464 gl_result=0 evidence=(M)[AC] power=Not charging load1=23.30
SAMPLE round=151 variant=b start_ns=12063817625085 map_ns=12914469 ready_map_ns=36306322 present_ns=14824570 complete_ns=68442211 minor_delta=0 major_delta=0 rss_kib=155892 gl_result=-10 evidence=(M)[AC] power=Not charging load1=23.30
SAMPLE round=151 variant=c start_ns=12063900140666 map_ns=9502324 ready_map_ns=59635296 present_ns=11317775 complete_ns=92521943 minor_delta=0 major_delta=0 rss_kib=55568 gl_result=0 evidence=(M)[AC] power=Not charging load1=23.30
SAMPLE round=152 variant=a start_ns=12064005095955 map_ns=74713565 ready_map_ns=337423966 present_ns=338314557 complete_ns=397258821 minor_delta=13186 major_delta=0 rss_kib=55512 gl_result=0 evidence=(M)[AC] power=Not charging load1=23.30
SAMPLE round=152 variant=b start_ns=12064466096841 map_ns=2890645 ready_map_ns=24864542 present_ns=5117945 complete_ns=52964022 minor_delta=0 major_delta=0 rss_kib=155892 gl_result=-10 evidence=(M)[AC] power=Not charging load1=23.30
SAMPLE round=152 variant=c start_ns=12064526105714 map_ns=5664124 ready_map_ns=28019263 present_ns=7463107 complete_ns=42531825 minor_delta=0 major_delta=0 rss_kib=55568 gl_result=0 evidence=(M)[AC] power=Not charging load1=23.30
SAMPLE round=153 variant=a start_ns=12064571094828 map_ns=21122538 ready_map_ns=355468147 present_ns=355562072 complete_ns=397240101 minor_delta=13187 major_delta=0 rss_kib=55464 gl_result=0 evidence=(M)[AC] power=Not charging load1=23.30
SAMPLE round=153 variant=b start_ns=12064984097533 map_ns=6005362 ready_map_ns=68628112 present_ns=7063208 complete_ns=84189958 minor_delta=0 major_delta=0 rss_kib=155892 gl_result=-10 evidence=(M)[AC] power=Not charging load1=23.30
SAMPLE round=153 variant=c start_ns=12065076083236 map_ns=7020499 ready_map_ns=26953404 present_ns=8976307 complete_ns=42162381 minor_delta=0 major_delta=0 rss_kib=55568 gl_result=0 evidence=(M)[AC] power=Not charging load1=23.30
SAMPLE round=154 variant=a start_ns=12065124515623 map_ns=18619816 ready_map_ns=212687896 present_ns=215661665 complete_ns=261089089 minor_delta=13185 major_delta=0 rss_kib=55448 gl_result=0 evidence=(M)[AC] power=Not charging load1=23.30
SAMPLE round=154 variant=b start_ns=12065438126919 map_ns=7207290 ready_map_ns=32250081 present_ns=10284476 complete_ns=47498569 minor_delta=0 major_delta=0 rss_kib=155892 gl_result=-10 evidence=(M)[AC] power=Not charging load1=23.30
SAMPLE round=154 variant=c start_ns=12065500191885 map_ns=15172921 ready_map_ns=36605262 present_ns=18408748 complete_ns=68868145 minor_delta=0 major_delta=0 rss_kib=55568 gl_result=0 evidence=(M)[AC] power=Not charging load1=23.30
SAMPLE round=155 variant=a start_ns=12065571060796 map_ns=68545594 ready_map_ns=355357620 present_ns=359103107 complete_ns=398138719 minor_delta=13187 major_delta=0 rss_kib=55424 gl_result=0 evidence=(M)[AC] power=Not charging load1=23.30
SAMPLE round=155 variant=b start_ns=12066016940595 map_ns=5372289 ready_map_ns=36891175 present_ns=6987400 complete_ns=51698647 minor_delta=0 major_delta=0 rss_kib=155892 gl_result=-10 evidence=(M)[AC] power=Not charging load1=23.30
SAMPLE round=155 variant=c start_ns=12066072163775 map_ns=8544188 ready_map_ns=35801446 present_ns=9458781 complete_ns=64431801 minor_delta=0 major_delta=0 rss_kib=55568 gl_result=0 evidence=(M)[AC] power=Not charging load1=23.30
SAMPLE round=156 variant=a start_ns=12066141114731 map_ns=25282966 ready_map_ns=186861182 present_ns=192926820 complete_ns=227628589 minor_delta=13182 major_delta=0 rss_kib=55440 gl_result=0 evidence=(M)[AC] power=Not charging load1=23.30
SAMPLE round=156 variant=b start_ns=12066429133213 map_ns=8471753 ready_map_ns=43247361 present_ns=11415322 complete_ns=71722315 minor_delta=0 major_delta=0 rss_kib=155892 gl_result=-10 evidence=(M)[AC] power=Not charging load1=23.30
SAMPLE round=156 variant=c start_ns=12066515349209 map_ns=9799580 ready_map_ns=38104476 present_ns=11278964 complete_ns=53736888 minor_delta=0 major_delta=0 rss_kib=55568 gl_result=0 evidence=(M)[AC] power=Not charging load1=23.30
SAMPLE round=157 variant=a start_ns=12066571022778 map_ns=63008805 ready_map_ns=261918634 present_ns=264322931 complete_ns=297907922 minor_delta=13183 major_delta=0 rss_kib=55412 gl_result=0 evidence=(M)[AC] power=Not charging load1=23.30
SAMPLE round=157 variant=b s