Not charging
26.79
libEGL warning: DRI3 error: Could not get DRI3 device
libEGL warning: Ensure your X server supports DRI3 to get accelerated rendering
WARM variant=b gl_result=-10 rss_kib=155916 hwm_kib=170072 minor=38874 major=0 evidence=(M)[AC] power=Not charging load1=26.79
WARM variant=c gl_result=0 rss_kib=55328 hwm_kib=55328 minor=13164 major=0 evidence=(M)[AC] power=Not charging load1=26.79
SAMPLE round=0 variant=a start_ns=12221147125712 map_ns=50145352 ready_map_ns=234010953 present_ns=234960583 complete_ns=266663675 minor_delta=13187 major_delta=0 rss_kib=55516 gl_result=0 evidence=(M)[AC] power=Not charging load1=26.79
SAMPLE round=0 variant=b start_ns=12221460543662 map_ns=8833863 ready_map_ns=9420426 present_ns=14112871 complete_ns=52017262 minor_delta=0 major_delta=0 rss_kib=155916 gl_result=-10 evidence=(M)[AC] power=Not charging load1=26.79
SAMPLE round=0 variant=c start_ns=12221544096934 map_ns=3044791 ready_map_ns=5353397 present_ns=9946698 complete_ns=70266801 minor_delta=26 major_delta=0 rss_kib=55492 gl_result=0 evidence=(M)[AC] power=Not charging load1=26.79
SAMPLE round=1 variant=a start_ns=12221669233263 map_ns=35761347 ready_map_ns=243571780 present_ns=243721259 complete_ns=276327497 minor_delta=13184 major_delta=0 rss_kib=55460 gl_result=0 evidence=(M)[AC] power=Not charging load1=26.79
SAMPLE round=1 variant=b start_ns=12221983091319 map_ns=3255654 ready_map_ns=3963443 present_ns=4012312 complete_ns=30771268 minor_delta=0 major_delta=0 rss_kib=155916 gl_result=-10 evidence=(M)[AC] power=Not charging load1=26.79
SAMPLE round=1 variant=c start_ns=12222034690549 map_ns=9448290 ready_map_ns=11550993 present_ns=11633151 complete_ns=27303741 minor_delta=1 major_delta=0 rss_kib=55496 gl_result=0 evidence=(M)[AC] power=Not charging load1=26.79
SAMPLE round=2 variant=a start_ns=12222086097928 map_ns=49092318 ready_map_ns=265980721 present_ns=274006764 complete_ns=308749196 minor_delta=13181 major_delta=0 rss_kib=55460 gl_result=0 evidence=(M)[AC] power=Not charging load1=26.79
SAMPLE round=2 variant=b start_ns=12222453861791 map_ns=8569260 ready_map_ns=10101876 present_ns=10295216 complete_ns=43096834 minor_delta=0 major_delta=0 rss_kib=155916 gl_result=-10 evidence=(M)[AC] power=Not charging load1=26.79
SAMPLE round=2 variant=c start_ns=12222532062187 map_ns=6022690 ready_map_ns=6973655 present_ns=7043513 complete_ns=29583950 minor_delta=0 major_delta=0 rss_kib=55496 gl_result=0 evidence=(M)[AC] power=Not charging load1=26.79
SAMPLE round=3 variant=a start_ns=12222586082516 map_ns=36510131 ready_map_ns=188686025 present_ns=192984140 complete_ns=227194194 minor_delta=13184 major_delta=0 rss_kib=55496 gl_result=0 evidence=(M)[AC] power=Not charging load1=26.79
SAMPLE round=3 variant=b start_ns=12222823968336 map_ns=10161467 ready_map_ns=12958294 present_ns=13002387 complete_ns=45644354 minor_delta=0 major_delta=0 rss_kib=155916 gl_result=-10 evidence=(M)[AC] power=Not charging load1=26.88
SAMPLE round=3 variant=c start_ns=12222903139296 map_ns=7235811 ready_map_ns=8336655 present_ns=8451849 complete_ns=25059321 minor_delta=0 major_delta=0 rss_kib=55496 gl_result=0 evidence=(M)[AC] power=Not charging load1=26.88
SAMPLE round=4 variant=a start_ns=12222971132978 map_ns=37029086 ready_map_ns=233212432 present_ns=236054121 complete_ns=292343998 minor_delta=13186 major_delta=0 rss_kib=55516 gl_result=0 evidence=(M)[AC] power=Not charging load1=26.88
SAMPLE round=4 variant=b start_ns=12223297114702 map_ns=5361088 ready_map_ns=6875819 present_ns=9010784 complete_ns=84615418 minor_delta=0 major_delta=0 rss_kib=155916 gl_result=-10 evidence=(M)[AC] power=Not charging load1=26.88
SAMPLE round=4 variant=c start_ns=12223421128635 map_ns=12021798 ready_map_ns=14634342 present_ns=14685480 complete_ns=40884069 minor_delta=0 major_delta=0 rss_kib=55496 gl_result=0 evidence=(M)[AC] power=Not charging load1=26.88
SAMPLE round=5 variant=a start_ns=12223502110225 map_ns=40944400 ready_map_ns=258001607 present_ns=258758284 complete_ns=310644532 minor_delta=13187 major_delta=0 rss_kib=55448 gl_result=0 evidence=(M)[AC] power=Not charging load1=26.88
SAMPLE round=5 variant=b start_ns=12223823296034 map_ns=5145135 ready_map_ns=5850127 present_ns=5955945 complete_ns=71447375 minor_delta=0 major_delta=0 rss_kib=155916 gl_result=-10 evidence=(M)[AC] power=Not charging load1=26.88
SAMPLE round=5 variant=c start_ns=12223921109064 map_ns=11196317 ready_map_ns=12535308 present_ns=12839122 complete_ns=57067137 minor_delta=0 major_delta=0 rss_kib=55496 gl_result=0 evidence=(M)[AC] power=Not charging load1=26.88
SAMPLE round=6 variant=a start_ns=12224001100433 map_ns=39097689 ready_map_ns=460729882 present_ns=463850660 complete_ns=512938069 minor_delta=13187 major_delta=0 rss_kib=55464 gl_result=0 evidence=(M)[AC] power=Not charging load1=26.88
SAMPLE round=6 variant=b start_ns=12224563095531 map_ns=2702596 ready_map_ns=8249069 present_ns=9196801 complete_ns=54774180 minor_delta=0 major_delta=0 rss_kib=155916 gl_result=-10 evidence=(M)[AC] power=Not charging load1=26.88
SAMPLE round=6 variant=c start_ns=12224669141692 map_ns=4068807 ready_map_ns=5023713 present_ns=5100175 complete_ns=32579676 minor_delta=0 major_delta=0 rss_kib=55496 gl_result=0 evidence=(M)[AC] power=Not charging load1=26.88
SAMPLE round=7 variant=a start_ns=12224750102671 map_ns=107421884 ready_map_ns=412397515 present_ns=416005902 complete_ns=467126512 minor_delta=13187 major_delta=0 rss_kib=55472 gl_result=0 evidence=(M)[AC] power=Not charging load1=26.88
SAMPLE round=7 variant=b start_ns=12225324144633 map_ns=6780628 ready_map_ns=7598782 present_ns=7662531 complete_ns=21779587 minor_delta=0 major_delta=0 rss_kib=155916 gl_result=-10 evidence=(M)[AC] power=Not charging load1=26.88
SAMPLE round=7 variant=c start_ns=12225376122730 map_ns=5135361 ready_map_ns=5897850 present_ns=5939324 complete_ns=35348509 minor_delta=0 major_delta=0 rss_kib=55496 gl_result=0 evidence=(M)[AC] power=Not charging load1=26.88
SAMPLE round=8 variant=a start_ns=12225431551960 map_ns=82902262 ready_map_ns=427342496 present_ns=431561870 complete_ns=484830530 minor_delta=13184 major_delta=0 rss_kib=55448 gl_result=0 evidence=(M)[AC] power=Not charging load1=26.88
SAMPLE round=8 variant=b start_ns=12225984137636 map_ns=11964730 ready_map_ns=12770054 present_ns=13922948 complete_ns=29006639 minor_delta=0 major_delta=0 rss_kib=155916 gl_result=-10 evidence=(M)[AC] power=Not charging load1=26.88
SAMPLE round=8 variant=c start_ns=12226034158037 map_ns=9744084 ready_map_ns=10544510 present_ns=10603680 complete_ns=30778460 minor_delta=0 major_delta=0 rss_kib=55496 gl_result=0 evidence=(M)[AC] power=Not charging load1=26.88
SAMPLE round=9 variant=a start_ns=12226084082350 map_ns=28812400 ready_map_ns=272395104 present_ns=274769808 complete_ns=313464314 minor_delta=13185 major_delta=0 rss_kib=55480 gl_result=0 evidence=(M)[AC] power=Not charging load1=26.88
SAMPLE round=9 variant=b start_ns=12226447099847 map_ns=5344060 ready_map_ns=8216165 present_ns=8297910 complete_ns=32859185 minor_delta=0 major_delta=0 rss_kib=155916 gl_result=-10 evidence=(M)[AC] power=Not charging load1=26.88
SAMPLE round=9 variant=c start_ns=12226533736444 map_ns=7583478 ready_map_ns=16112087 present_ns=16236748 complete_ns=29630258 minor_delta=0 major_delta=0 rss_kib=55496 gl_result=0 evidence=(M)[AC] power=Not charging load1=26.88
SAMPLE round=10 variant=a start_ns=12226588094485 map_ns=25261324 ready_map_ns=210662153 present_ns=211403567 complete_ns=240310230 minor_delta=13183 major_delta=0 rss_kib=55476 gl_result=0 evidence=(M)[AC] power=Not charging load1=26.88
SAMPLE round=10 variant=b start_ns=12226891110468 map_ns=16115168 ready_map_ns=20208602 present_ns=20371539 complete_ns=55483840 minor_delta=0 major_delta=0 rss_kib=155916 gl_result=-10 evidence=(M)[AC] power=Not charging load1=26.88
SAMPLE round=10 variant=c start_ns=12227003243925 map_ns=3857471 ready_map_ns=4850644 present_ns=6068460 complete_ns=27631307 minor_delta=0 major_delta=0 rss_kib=55496 gl_result=0 evidence=(M)[AC] power=Not charging load1=26.88
SAMPLE round=11 variant=a start_ns=12227084096083 map_ns=45228498 ready_map_ns=213438160 present_ns=213510877 complete_ns=260608077 minor_delta=13183 major_delta=0 rss_kib=55484 gl_result=0 evidence=(M)[AC] power=Not charging load1=26.88
SAMPLE round=11 variant=b start_ns=12227366135382 map_ns=3946750 ready_map_ns=7143443 present_ns=7279405 complete_ns=45755830 minor_delta=0 major_delta=0 rss_kib=155916 gl_result=-10 evidence=(M)[AC] power=Not charging load1=26.88
SAMPLE round=11 variant=c start_ns=12227433391870 map_ns=10342972 ready_map_ns=11767105 present_ns=11898704 complete_ns=44644226 minor_delta=0 major_delta=0 rss_kib=55496 gl_result=0 evidence=(M)[AC] power=Not charging load1=26.88
SAMPLE round=12 variant=a start_ns=12227498119306 map_ns=28342746 ready_map_ns=231956686 present_ns=234841870 complete_ns=263219890 minor_delta=13185 major_delta=0 rss_kib=55436 gl_result=0 evidence=(M)[AC] power=Not charging load1=26.88
SAMPLE round=12 variant=b start_ns=12227766385229 map_ns=3316651 ready_map_ns=4231001 present_ns=4329926 complete_ns=48041167 minor_delta=0 major_delta=0 rss_kib=155916 gl_result=-10 evidence=(M)[AC] power=Not charging load1=26.81
SAMPLE round=12 variant=c start_ns=12227832171141 map_ns=5764661 ready_map_ns=7427275 present_ns=7475063 complete_ns=29273613 minor_delta=0 major_delta=0 rss_kib=55496 gl_result=0 evidence=(M)[AC] power=Not charging load1=26.81
SAMPLE round=13 variant=a start_ns=12227881147525 map_ns=62523647 ready_map_ns=375014728 present_ns=378917626 complete_ns=431465905 minor_delta=13184 major_delta=0 rss_kib=55452 gl_result=0 evidence=(M)[AC] power=Not charging load1=26.81
SAMPLE round=13 variant=b start_ns=12228344100719 map_ns=7447176 ready_map_ns=8936184 present_ns=8992558 complete_ns=68525643 minor_delta=0 major_delta=0 rss_kib=155916 gl_result=-10 evidence=(M)[AC] power=Not charging load1=26.81
SAMPLE round=13 variant=c start_ns=12228435773099 map_ns=9313835 ready_map_ns=10769802 present_ns=11371620 complete_ns=43607221 minor_delta=0 major_delta=0 rss_kib=55496 gl_result=0 evidence=(M)[AC] power=Not charging load1=26.81
SAMPLE round=14 variant=a start_ns=12228499162041 map_ns=41151652 ready_map_ns=181402248 present_ns=184934886 complete_ns=231590744 minor_delta=13186 major_delta=0 rss_kib=55444 gl_result=0 evidence=(M)[AC] power=Not charging load1=26.81
SAMPLE round=14 variant=b start_ns=12228785086524 map_ns=9814947 ready_map_ns=11318584 present_ns=11453600 complete_ns=44258904 minor_delta=1 major_delta=0 rss_kib=155920 gl_result=-10 evidence=(M)[AC] power=Not charging load1=26.81
SAMPLE round=14 variant=c start_ns=12228848441212 map_ns=8820657 ready_map_ns=16875072 present_ns=16968869 complete_ns=46823487 minor_delta=1 major_delta=0 rss_kib=55500 gl_result=0 evidence=(M)[AC] power=Not charging load1=26.81
SAMPLE round=15 variant=a start_ns=12228922089059 map_ns=39512414 ready_map_ns=227635847 present_ns=228822434 complete_ns=257961590 minor_delta=13183 major_delta=0 rss_kib=55464 gl_result=0 evidence=(M)[AC] power=Not charging load1=26.81
SAMPLE round=15 variant=b start_ns=12229217875596 map_ns=10201282 ready_map_ns=15449071 present_ns=15602835 complete_ns=47093423 minor_delta=0 major_delta=0 rss_kib=155920 gl_result=-10 evidence=(M)[AC] power=Not charging load1=26.81
SAMPLE round=15 variant=c start_ns=12229305103005 map_ns=3046115 ready_map_ns=4537873 present_ns=7925925 complete_ns=25493589 minor_delta=0 major_delta=0 rss_kib=55500 gl_result=0 evidence=(M)[AC] power=Not charging load1=26.81
SAMPLE round=16 variant=a start_ns=12229379139906 map_ns=35234773 ready_map_ns=270269470 present_ns=270501563 complete_ns=317373602 minor_delta=13187 major_delta=0 rss_kib=55448 gl_result=0 evidence=(M)[AC] power=Not charging load1=26.81
SAMPLE round=16 variant=b start_ns=12229705095808 map_ns=2698093 ready_map_ns=4101664 present_ns=6050746 complete_ns=58613180 minor_delta=0 major_delta=0 rss_kib=155920 gl_result=-10 evidence=(M)[AC] power=Not charging load1=26.81
SAMPLE round=16 variant=c start_ns=12229798102625 map_ns=5120177 ready_map_ns=8718958 present_ns=8765245 complete_ns=30537706 minor_delta=0 major_delta=0 rss_kib=55500 gl_result=0 evidence=(M)[AC] power=Not charging load1=26.81
SAMPLE round=17 variant=a start_ns=12229868090478 map_ns=36793275 ready_map_ns=301958943 present_ns=303160495 complete_ns=328545861 minor_delta=13183 major_delta=0 rss_kib=55468 gl_result=0 evidence=(M)[AC] power=Not charging load1=26.81
SAMPLE round=17 variant=b start_ns=12230206020370 map_ns=4087486 ready_map_ns=7145745 present_ns=7265919 complete_ns=40291836 minor_delta=0 major_delta=0 rss_kib=155920 gl_result=-10 evidence=(M)[AC] power=Not charging load1=26.81
SAMPLE round=17 variant=c start_ns=12230277106942 map_ns=2802979 ready_map_ns=4315510 present_ns=5537542 complete_ns=37157643 minor_delta=0 major_delta=0 rss_kib=55500 gl_result=0 evidence=(M)[AC] power=Not charging load1=26.81
SAMPLE round=18 variant=a start_ns=12230350090669 map_ns=53366695 ready_map_ns=211008865 present_ns=217962701 complete_ns=245228360 minor_delta=13186 major_delta=0 rss_kib=55456 gl_result=0 evidence=(M)[AC] power=Not charging load1=26.81
SAMPLE round=18 variant=b start_ns=12230651084319 map_ns=9050833 ready_map_ns=10297361 present_ns=11285225 complete_ns=44709152 minor_delta=0 major_delta=0 rss_kib=155920 gl_result=-10 evidence=(M)[AC] power=Not charging load1=26.81
SAMPLE round=18 variant=c start_ns=12230718549294 map_ns=6120602 ready_map_ns=7444773 present_ns=13508089 complete_ns=25598599 minor_delta=0 major_delta=0 rss_kib=55500 gl_result=0 evidence=(M)[AC] power=Not charging load1=26.81
SAMPLE round=19 variant=a start_ns=12230766086266 map_ns=29069821 ready_map_ns=204277913 present_ns=204612544 complete_ns=245078256 minor_delta=13189 major_delta=0 rss_kib=55440 gl_result=0 evidence=(M)[AC] power=Not charging load1=26.81
SAMPLE round=19 variant=b start_ns=12231026684222 map_ns=8754936 ready_map_ns=10298050 present_ns=10478926 complete_ns=53683343 minor_delta=0 major_delta=0 rss_kib=155920 gl_result=-10 evidence=(M)[AC] power=Not charging load1=26.81
SAMPLE round=19 variant=c start_ns=12231121079527 map_ns=5953171 ready_map_ns=7223027 present_ns=8443307 complete_ns=40069333 minor_delta=0 major_delta=0 rss_kib=55500 gl_result=0 evidence=(M)[AC] power=Not charging load1=26.81
SAMPLE round=20 variant=a start_ns=12231186092872 map_ns=31685026 ready_map_ns=224727754 present_ns=226010776 complete_ns=260982202 minor_delta=13183 major_delta=0 rss_kib=55476 gl_result=0 evidence=(M)[AC] power=Not charging load1=26.81
SAMPLE round=20 variant=b start_ns=12231484123914 map_ns=7340095 ready_map_ns=10563309 present_ns=10670595 complete_ns=48664050 minor_delta=0 major_delta=0 rss_kib=155920 gl_result=-10 evidence=(M)[AC] power=Not charging load1=26.81
SAMPLE round=20 variant=c start_ns=12231569059572 map_ns=5708360 ready_map_ns=11249954 present_ns=11413747 complete_ns=45125458 minor_delta=0 major_delta=0 rss_kib=55500 gl_result=0 evidence=(M)[AC] power=Not charging load1=26.81
SAMPLE round=21 variant=a start_ns=12231663383301 map_ns=38173967 ready_map_ns=207276290 present_ns=207434290 complete_ns=250794966 minor_delta=13187 major_delta=0 rss_kib=55480 gl_result=0 evidence=(M)[AC] power=Not charging load1=26.81
SAMPLE round=21 variant=b start_ns=12231956037316 map_ns=6621347 ready_map_ns=7539772 present_ns=7635949 complete_ns=21927418 minor_delta=0 major_delta=0 rss_kib=155920 gl_result=-10 evidence=(M)[AC] power=Not charging load1=26.81
SAMPLE round=21 variant=c start_ns=12232001563087 map_ns=7420206 ready_map_ns=8866092 present_ns=8959863 complete_ns=27424044 minor_delta=0 major_delta=0 rss_kib=55500 gl_result=0 evidence=(M)[AC] power=Not charging load1=26.81
SAMPLE round=22 variant=a start_ns=12232047921702 map_ns=31296002 ready_map_ns=268123210 present_ns=268166769 complete_ns=313611753 minor_delta=13184 major_delta=0 rss_kib=55484 gl_result=0 evidence=(M)[AC] power=Not charging load1=26.81
SAMPLE round=22 variant=b start_ns=12232395523615 map_ns=5849419 ready_map_ns=9319428 present_ns=9431100 complete_ns=33263205 minor_delta=0 major_delta=0 rss_kib=155920 gl_result=-10 evidence=(M)[AC] power=Not charging load1=26.81
SAMPLE round=22 variant=c start_ns=12232450101565 map_ns=2773982 ready_map_ns=6780644 present_ns=6929183 complete_ns=27533954 minor_delta=0 major_delta=0 rss_kib=55500 gl_result=0 evidence=(M)[AC] power=Not charging load1=26.81
SAMPLE round=23 variant=a start_ns=12232500508953 map_ns=32330995 ready_map_ns=223466197 present_ns=224572801 complete_ns=259711897 minor_delta=13185 major_delta=0 rss_kib=55424 gl_result=0 evidence=(M)[AC] power=Not charging load1=26.81
SAMPLE round=23 variant=b start_ns=12232814115851 map_ns=5704921 ready_map_ns=7233487 present_ns=7337485 complete_ns=30051538 minor_delta=0 major_delta=0 rss_kib=155920 gl_result=-10 evidence=(M)[AC] power=Not charging load1=27.23
SAMPLE round=23 variant=c start_ns=12232869455052 map_ns=6649259 ready_map_ns=7611466 present_ns=7646934 complete_ns=28242095 minor_delta=0 major_delta=0 rss_kib=55500 gl_result=0 evidence=(M)[AC] power=Not charging load1=27.23
SAMPLE round=24 variant=a start_ns=12232916124757 map_ns=35631770 ready_map_ns=225447762 present_ns=226941751 complete_ns=262366218 minor_delta=13185 major_delta=0 rss_kib=55440 gl_result=0 evidence=(M)[AC] power=Not charging load1=27.23
SAMPLE round=24 variant=b start_ns=12233221121871 map_ns=6745412 ready_map_ns=7900405 present_ns=8020711 complete_ns=23974574 minor_delta=0 major_delta=0 rss_kib=155920 gl_result=-10 evidence=(M)[AC] power=Not charging load1=27.23
SAMPLE round=24 variant=c start_ns=12233267114767 map_ns=6809827 ready_map_ns=7395507 present_ns=7467749 complete_ns=27356977 minor_delta=0 major_delta=0 rss_kib=55500 gl_result=0 evidence=(M)[AC] power=Not charging load1=27.23
SAMPLE round=25 variant=a start_ns=12233316127146 map_ns=31854673 ready_map_ns=240168934 present_ns=240256559 complete_ns=282834868 minor_delta=13185 major_delta=0 rss_kib=55464 gl_result=0 evidence=(M)[AC] power=Not charging load1=27.23
SAMPLE round=25 variant=b start_ns=12233642078277 map_ns=2836134 ready_map_ns=3771431 present_ns=3858467 complete_ns=37682768 minor_delta=0 major_delta=0 rss_kib=155920 gl_result=-10 evidence=(M)[AC] power=Not charging load1=27.23
SAMPLE round=25 variant=c start_ns=12233700147527 map_ns=6221832 ready_map_ns=9654840 present_ns=9750573 complete_ns=28712500 minor_delta=0 major_delta=0 rss_kib=55500 gl_result=0 evidence=(M)[AC] power=Not charging load1=27.23
SAMPLE round=26 variant=a start_ns=12233753114616 map_ns=32260756 ready_map_ns=151166635 present_ns=152945948 complete_ns=191495907 minor_delta=13186 major_delta=0 rss_kib=55476 gl_result=0 evidence=(M)[AC] power=Not charging load1=27.23
SAMPLE round=26 variant=b start_ns=12233995110509 map_ns=7645669 ready_map_ns=8594007 present_ns=8668055 complete_ns=31972506 minor_delta=0 major_delta=0 rss_kib=155920 gl_result=-10 evidence=(M)[AC] power=Not charging load1=27.23
SAMPLE round=26 variant=c start_ns=12234047085042 map_ns=2520788 ready_map_ns=7076672 present_ns=7220279 complete_ns=31231923 minor_delta=0 major_delta=0 rss_kib=55500 gl_result=0 evidence=(M)[AC] power=Not charging load1=27.23
SAMPLE round=27 variant=a start_ns=12234132123220 map_ns=42405865 ready_map_ns=241094855 present_ns=243942992 complete_ns=278967805 minor_delta=13182 major_delta=0 rss_kib=55456 gl_result=0 evidence=(M)[AC] power=Not charging load1=27.23
SAMPLE round=27 variant=b start_ns=12234456784399 map_ns=7325579 ready_map_ns=8401694 present_ns=8491780 complete_ns=40824333 minor_delta=0 major_delta=0 rss_kib=155920 gl_result=-10 evidence=(M)[AC] power=Not charging load1=27.23
SAMPLE round=27 variant=c start_ns=12234534121191 map_ns=7245141 ready_map_ns=8964275 present_ns=9151687 complete_ns=28422848 minor_delta=0 major_delta=0 rss_kib=55500 gl_result=0 evidence=(M)[AC] power=Not charging load1=27.23
SAMPLE round=28 variant=a start_ns=12234601101689 map_ns=33631796 ready_map_ns=228790313 present_ns=228871753 complete_ns=259056037 minor_delta=13183 major_delta=0 rss_kib=55464 gl_result=0 evidence=(M)[AC] power=Not charging load1=27.23
SAMPLE round=28 variant=b start_ns=12234876120521 map_ns=8730928 ready_map_ns=11162887 present_ns=11328064 complete_ns=34928768 minor_delta=0 major_delta=0 rss_kib=155920 gl_result=-10 evidence=(M)[AC] power=Not charging load1=27.23
SAMPLE round=28 variant=c start_ns=12234933125492 map_ns=7075089 ready_map_ns=10973834 present_ns=11033399 complete_ns=28628752 minor_delta=0 major_delta=0 rss_kib=55500 gl_result=0 evidence=(M)[AC] power=Not charging load1=27.23
SAMPLE round=29 variant=a start_ns=12234983558692 map_ns=51351581 ready_map_ns=286832468 present_ns=286893534 complete_ns=327655343 minor_delta=13186 major_delta=0 rss_kib=55476 gl_result=0 evidence=(M)[AC] power=Not charging load1=27.23
SAMPLE round=29 variant=b start_ns=12235373578317 map_ns=8416385 ready_map_ns=9743991 present_ns=9881619 complete_ns=37798386 minor_delta=0 major_delta=0 rss_kib=155920 gl_result=-10 evidence=(M)[AC] power=Not charging load1=27.23
SAMPLE round=29 variant=c start_ns=12235437084060 map_ns=4780029 ready_map_ns=7381200 present_ns=7477601 complete_ns=27024650 minor_delta=0 major_delta=0 rss_kib=55500 gl_result=0 evidence=(M)[AC] power=Not charging load1=27.23
SAMPLE round=30 variant=a start_ns=12235485126560 map_ns=33640759 ready_map_ns=228668758 present_ns=228931384 complete_ns=261741210 minor_delta=13187 major_delta=0 rss_kib=55528 gl_result=0 evidence=(M)[AC] power=Not charging load1=27.23
SAMPLE round=30 variant=b start_ns=12235760129882 map_ns=2676382 ready_map_ns=4063389 present_ns=4692569 complete_ns=51539937 minor_delta=1 major_delta=0 rss_kib=155924 gl_result=-10 evidence=(M)[AC] power=Not charging load1=27.23
SAMPLE round=30 variant=c start_ns=12235835086421 map_ns=2774707 ready_map_ns=7068601 present_ns=7224190 complete_ns=27638333 minor_delta=0 major_delta=0 rss_kib=55500 gl_result=0 evidence=(M)[AC] power=Not charging load1=27.23
SAMPLE round=31 variant=a start_ns=12235883086153 map_ns=32374193 ready_map_ns=144777148 present_ns=144818616 complete_ns=212875025 minor_delta=13184 major_delta=0 rss_kib=55448 gl_result=0 evidence=(M)[AC] power=Not charging load1=27.23
SAMPLE round=31 variant=b start_ns=12236138110073 map_ns=11045468 ready_map_ns=18820093 present_ns=18974500 complete_ns=40331069 minor_delta=0 major_delta=0 rss_kib=155924 gl_result=-10 evidence=(M)[AC] power=Not charging load1=27.23
SAMPLE round=31 variant=c start_ns=12236201257757 map_ns=11600979 ready_map_ns=12374277 present_ns=12432524 complete_ns=42589315 minor_delta=0 major_delta=0 rss_kib=55500 gl_result=0 evidence=(M)[AC] power=Not charging load1=27.23
SAMPLE round=32 variant=a start_ns=12236287334832 map_ns=34514853 ready_map_ns=273988992 present_ns=280806468 complete_ns=328061581 minor_delta=13183 major_delta=0 rss_kib=55456 gl_result=0 evidence=(M)[AC] power=Not charging load1=27.23
SAMPLE round=32 variant=b start_ns=12236642089058 map_ns=7070236 ready_map_ns=7983249 present_ns=8079559 complete_ns=69069830 minor_delta=0 major_delta=0 rss_kib=155924 gl_result=-10 evidence=(M)[AC] power=Not charging load1=27.23
SAMPLE round=32 variant=c start_ns=12236755090487 map_ns=2860383 ready_map_ns=6231599 present_ns=6392615 complete_ns=28232770 minor_delta=1 major_delta=0 rss_kib=55504 gl_result=0 evidence=(M)[AC] power=Not charging load1=27.23
SAMPLE round=33 variant=a start_ns=12236820075723 map_ns=29414342 ready_map_ns=300062737 present_ns=300114717 complete_ns=344022796 minor_delta=13185 major_delta=0 rss_kib=55488 gl_result=0 evidence=(M)[AC] power=Not charging load1=27.23
SAMPLE round=33 variant=b start_ns=12237209451717 map_ns=11269751 ready_map_ns=14138857 present_ns=14418871 complete_ns=54180604 minor_delta=0 major_delta=0 rss_kib=155924 gl_result=-10 evidence=(M)[AC] power=Not charging load1=27.23
SAMPLE round=33 variant=c start_ns=12237305081720 map_ns=4067132 ready_map_ns=5471613 present_ns=5600708 complete_ns=41990135 minor_delta=0 major_delta=0 rss_kib=55504 gl_result=0 evidence=(M)[AC] power=Not charging load1=27.23
SAMPLE round=34 variant=a start_ns=12237367090280 map_ns=35977349 ready_map_ns=209836047 present_ns=210998231 complete_ns=265874005 minor_delta=13186 major_delta=0 rss_kib=55448 gl_result=0 evidence=(M)[AC] power=Not charging load1=27.23
SAMPLE round=34 variant=b start_ns=12237702117856 map_ns=6852482 ready_map_ns=8175032 present_ns=8335695 complete_ns=46644329 minor_delta=0 major_delta=0 rss_kib=155924 gl_result=-10 evidence=(M)[AC] power=Not charging load1=27.13
SAMPLE round=34 variant=c start_ns=12237785035375 map_ns=2672927 ready_map_ns=6385831 present_ns=6465260 complete_ns=29715686 minor_delta=0 major_delta=0 rss_kib=55504 gl_result=0 evidence=(M)[AC] power=Not charging load1=27.13
SAMPLE round=35 variant=a start_ns=12237849093579 map_ns=39215625 ready_map_ns=172529573 present_ns=172790040 complete_ns=211129724 minor_delta=13185 major_delta=0 rss_kib=55424 gl_result=0 evidence=(M)[AC] power=Not charging load1=27.13
SAMPLE round=35 variant=b start_ns=12238110119315 map_ns=6532276 ready_map_ns=7462952 present_ns=7564627 complete_ns=34791290 minor_delta=0 major_delta=0 rss_kib=155924 gl_result=-10 evidence=(M)[AC] power=Not charging load1=27.13
SAMPLE round=35 variant=c start_ns=12238170027354 map_ns=10080409 ready_map_ns=12226653 present_ns=12379542 complete_ns=44300719 minor_delta=0 major_delta=0 rss_kib=55504 gl_result=0 evidence=(M)[AC] power=Not charging load1=27.13
SAMPLE round=36 variant=a start_ns=12238249100212 map_ns=30174957 ready_map_ns=280593737 present_ns=280697792 complete_ns=314205094 minor_delta=13186 major_delta=0 rss_kib=55528 gl_result=0 evidence=(M)[AC] power=Not charging load1=27.13
SAMPLE round=36 variant=b start_ns=12238610845454 map_ns=7561005 ready_map_ns=8932962 present_ns=9098828 complete_ns=38528215 minor_delta=0 major_delta=0 rss_kib=155924 gl_result=-10 evidence=(M)[AC] power=Not charging load1=27.13
SAMPLE round=36 variant=c start_ns=12238689092058 map_ns=2479956 ready_map_ns=4231726 present_ns=6313148 complete_ns=42390628 minor_delta=0 major_delta=0 rss_kib=55504 gl_result=0 evidence=(M)[AC] power=Not charging load1=27.13
SAMPLE round=37 variant=a start_ns=12238774084420 map_ns=29161658 ready_map_ns=199777976 present_ns=199856126 complete_ns=239710806 minor_delta=13186 major_delta=0 rss_kib=55452 gl_result=0 evidence=(M)[AC] power=Not charging load1=27.13
SAMPLE round=37 variant=b start_ns=12239057185209 map_ns=2597979 ready_map_ns=5078758 present_ns=6218543 complete_ns=42468575 minor_delta=0 major_delta=0 rss_kib=155924 gl_result=-10 evidence=(M)[AC] power=Not charging load1=27.13
SAMPLE round=37 variant=c start_ns=12239141162957 map_ns=6622117 ready_map_ns=8560250 present_ns=8820744 complete_ns=36991573 minor_delta=0 major_delta=0 rss_kib=55504 gl_result=0 evidence=(M)[AC] power=Not charging load1=27.13
SAMPLE round=38 variant=a start_ns=12239203799588 map_ns=32176675 ready_map_ns=222929728 present_ns=224163547 complete_ns=259084989 minor_delta=13184 major_delta=0 rss_kib=55448 gl_result=0 evidence=(M)[AC] power=Not charging load1=27.13
SAMPLE round=38 variant=b start_ns=12239503591622 map_ns=4908659 ready_map_ns=7122782 present_ns=7284525 complete_ns=24963205 minor_delta=0 major_delta=0 rss_kib=155924 gl_result=-10 evidence=(M)[AC] power=Not charging load1=27.13
SAMPLE round=38 variant=c start_ns=12239567164129 map_ns=2800498 ready_map_ns=7028476 present_ns=7218490 complete_ns=29519944 minor_delta=0 major_delta=0 rss_kib=55504 gl_result=0 evidence=(M)[AC] power=Not charging load1=27.13
SAMPLE round=39 variant=a start_ns=12239617862006 map_ns=35132395 ready_map_ns=158885913 present_ns=159031333 complete_ns=194522756 minor_delta=13183 major_delta=0 rss_kib=55452 gl_result=0 evidence=(M)[AC] power=Not charging load1=27.13
SAMPLE round=39 variant=b start_ns=12239863133177 map_ns=2813770 ready_map_ns=4349019 present_ns=4440590 complete_ns=34001577 minor_delta=0 major_delta=0 rss_kib=155924 gl_result=-10 evidence=(M)[AC] power=Not charging load1=27.13
SAMPLE round=39 variant=c start_ns=12239923662640 map_ns=7141849 ready_map_ns=7783377 present_ns=7878524 complete_ns=24599012 minor_delta=0 major_delta=0 rss_kib=55504 gl_result=0 evidence=(M)[AC] power=Not charging load1=27.13
SAMPLE round=40 variant=a start_ns=12239952117828 map_ns=38660018 ready_map_ns=209264304 present_ns=209385726 complete_ns=262983102 minor_delta=13185 major_delta=0 rss_kib=55460 gl_result=0 evidence=(M)[AC] power=Not charging load1=27.13
SAMPLE round=40 variant=b start_ns=12240265120329 map_ns=10187117 ready_map_ns=11483046 present_ns=11601070 complete_ns=47693553 minor_delta=0 major_delta=0 rss_kib=155924 gl_result=-10 evidence=(M)[AC] power=Not charging load1=27.13
SAMPLE round=40 variant=c start_ns=12240350081054 map_ns=6195392 ready_map_ns=7106958 present_ns=7208031 complete_ns=28327420 minor_delta=0 major_delta=0 rss_kib=55504 gl_result=0 evidence=(M)[AC] power=Not charging load1=27.13
SAMPLE round=41 variant=a start_ns=12240422085990 map_ns=27940655 ready_map_ns=196647886 present_ns=198444680 complete_ns=222175563 minor_delta=13183 major_delta=0 rss_kib=55452 gl_result=0 evidence=(M)[AC] power=Not charging load1=27.13
SAMPLE round=41 variant=b start_ns=12240652604616 map_ns=4527314 ready_map_ns=6145861 present_ns=6238618 complete_ns=31001270 minor_delta=0 major_delta=0 rss_kib=155924 gl_result=-10 evidence=(M)[AC] power=Not charging load1=27.13
SAMPLE round=41 variant=c start_ns=12240722094951 map_ns=3204453 ready_map_ns=4681607 present_ns=5132188 complete_ns=29098097 minor_delta=0 major_delta=0 rss_kib=55504 gl_result=0 evidence=(M)[AC] power=Not charging load1=27.13
SAMPLE round=42 variant=a start_ns=12240785278061 map_ns=43345030 ready_map_ns=204109835 present_ns=204193402 complete_ns=261692787 minor_delta=13186 major_delta=0 rss_kib=55476 gl_result=0 evidence=(M)[AC] power=Not charging load1=27.13
SAMPLE round=42 variant=b start_ns=12241070997049 map_ns=2737175 ready_map_ns=4280935 present_ns=4374329 complete_ns=43897047 minor_delta=0 major_delta=0 rss_kib=155924 gl_result=-10 evidence=(M)[AC] power=Not charging load1=27.13
SAMPLE round=42 variant=c start_ns=12241157122069 map_ns=6983035 ready_map_ns=8418481 present_ns=8570990 complete_ns=39996960 minor_delta=0 major_delta=0 rss_kib=55504 gl_result=0 evidence=(M)[AC] power=Not charging load1=27.13
SAMPLE round=43 variant=a start_ns=12241231253100 map_ns=39013332 ready_map_ns=208624472 present_ns=208671768 complete_ns=250545030 minor_delta=13185 major_delta=0 rss_kib=55456 gl_result=0 evidence=(M)[AC] power=Not charging load1=27.13
SAMPLE round=43 variant=b start_ns=12241525232200 map_ns=10112791 ready_map_ns=14285311 present_ns=14847328 complete_ns=37512843 minor_delta=0 major_delta=0 rss_kib=155924 gl_result=-10 evidence=(M)[AC] power=Not charging load1=27.13
SAMPLE round=43 variant=c start_ns=12241609181742 map_ns=8234859 ready_map_ns=10649640 present_ns=11052039 complete_ns=35742677 minor_delta=0 major_delta=0 rss_kib=55504 gl_result=0 evidence=(M)[AC] power=Not charging load1=27.13
SAMPLE round=44 variant=a start_ns=12241686344527 map_ns=48194314 ready_map_ns=262547716 present_ns=266801076 complete_ns=330879088 minor_delta=13185 major_delta=0 rss_kib=55448 gl_result=0 evidence=(M)[AC] power=Not charging load1=27.13
SAMPLE round=44 variant=b start_ns=12242054534315 map_ns=9822333 ready_map_ns=10918405 present_ns=12051447 complete_ns=42983068 minor_delta=0 major_delta=0 rss_kib=155924 gl_result=-10 evidence=(M)[AC] power=Not charging load1=27.13
SAMPLE round=44 variant=c start_ns=12242165100075 map_ns=2744513 ready_map_ns=5260041 present_ns=5394048 complete_ns=33115004 minor_delta=0 major_delta=0 rss_kib=55504 gl_result=0 evidence=(M)[AC] power=Not charging load1=27.13
SAMPLE round=45 variant=a start_ns=12242249090943 map_ns=66418705 ready_map_ns=267877301 present_ns=268034459 complete_ns=328352555 minor_delta=13186 major_delta=0 rss_kib=55432 gl_result=0 evidence=(M)[AC] power=Not charging load1=27.13
SAMPLE round=45 variant=b start_ns=12242590091562 map_ns=2898694 ready_map_ns=4373907 present_ns=4509239 complete_ns=88564093 minor_delta=0 major_delta=0 rss_kib=155924 gl_result=-10 evidence=(M)[AC] power=Not charging load1=27.13
SAMPLE round=45 variant=c start_ns=12242714697471 map_ns=5593534 ready_map_ns=6574895 present_ns=6666551 complete_ns=29961135 minor_delta=0 major_delta=0 rss_kib=55504 gl_result=0 evidence=(M)[AC] power=Not charging load1=27.44
SAMPLE round=46 variant=a start_ns=12242763770032 map_ns=27454685 ready_map_ns=256686857 present_ns=256773131 complete_ns=299068062 minor_delta=13183 major_delta=0 rss_kib=55452 gl_result=0 evidence=(M)[AC] power=Not charging load1=27.44
SAMPLE round=46 variant=b start_ns=12243125147354 map_ns=6985749 ready_map_ns=8609700 present_ns=13631632 complete_ns=36783468 minor_delta=0 major_delta=0 rss_kib=155924 gl_result=-10 evidence=(M)[AC] power=Not charging load1=27.44
SAMPLE round=46 variant=c start_ns=12243226094121 map_ns=2873723 ready_map_ns=3847717 present_ns=3918240 complete_ns=42657423 minor_delta=0 major_delta=0 rss_kib=55504 gl_result=0 evidence=(M)[AC] power=Not charging load1=27.44
SAMPLE round=47 variant=a start_ns=12243312091689 map_ns=42238395 ready_map_ns=215777641 present_ns=217011082 complete_ns=266545852 minor_delta=13185 major_delta=0 rss_kib=55472 gl_result=0 evidence=(M)[AC] power=Not charging load1=27.44
SAMPLE round=47 variant=b start_ns=12243615118536 map_ns=4981279 ready_map_ns=6573467 present_ns=7251554 complete_ns=29930012 minor_delta=0 major_delta=0 rss_kib=155924 gl_result=-10 evidence=(M)[AC] power=Not charging load1=27.44
SAMPLE round=47 variant=c start_ns=12243672087357 map_ns=3013457 ready_map_ns=6627214 present_ns=6765823 complete_ns=24099254 minor_delta=0 major_delta=0 rss_kib=55504 gl_result=0 evidence=(M)[AC] power=Not charging load1=27.44
SAMPLE round=48 variant=a start_ns=12243732404718 map_ns=40455499 ready_map_ns=222042230 present_ns=222465849 complete_ns=261290722 minor_delta=13186 major_delta=0 rss_kib=55504 gl_result=0 evidence=(M)[AC] power=Not charging load1=27.44
SAMPLE round=48 variant=b start_ns=12244003088757 map_ns=2890845 ready_map_ns=3499865 present_ns=3569732 complete_ns=42489997 minor_delta=0 major_delta=0 rss_kib=155924 gl_result=-10 evidence=(M)[AC] power=Not charging load1=27.44
SAMPLE round=48 variant=c start_ns=12244070474100 map_ns=6647728 ready_map_ns=8097637 present_ns=8168569 complete_ns=29077265 minor_delta=0 major_delta=0 rss_kib=55504 gl_result=0 evidence=(M)[AC] power=Not charging load1=27.44
SAMPLE round=49 variant=a start_ns=12244132126623 map_ns=34357334 ready_map_ns=284699146 present_ns=284790698 complete_ns=331221471 minor_delta=13184 major_delta=0 rss_kib=55452 gl_result=0 evidence=(M)[AC] power=Not charging load1=27.44
SAMPLE round=49 variant=b start_ns=12244518873813 map_ns=3798779 ready_map_ns=6499642 present_ns=6585543 complete_ns=25508817 minor_delta=0 major_delta=0 rss_kib=155924 gl_result=-10 evidence=(M)[AC] power=Not charging load1=27.44
SAMPLE round=49 variant=c start_ns=12244582792351 map_ns=7293148 ready_map_ns=8256094 present_ns=8416500 complete_ns=30362998 minor_delta=0 major_delta=0 rss_kib=55504 gl_result=0 evidence=(M)[AC] power=Not charging load1=27.44
SAMPLE round=50 variant=a start_ns=12244656095718 map_ns=33097804 ready_map_ns=232197987 present_ns=232242669 complete_ns=287434798 minor_delta=13183 major_delta=0 rss_kib=55452 gl_result=0 evidence=(M)[AC] power=Not charging load1=27.44
SAMPLE round=50 variant=b start_ns=12244982107747 map_ns=6349545 ready_map_ns=7578637 present_ns=7643816 complete_ns=27641382 minor_delta=2 major_delta=0 rss_kib=155928 gl_result=-10 evidence=(M)[AC] power=Not charging load1=27.44
SAMPLE round=50 variant=c start_ns=12245035110918 map_ns=6110851 ready_map_ns=9161692 present_ns=9293428 complete_ns=27862843 minor_delta=1 major_delta=0 rss_kib=55508 gl_result=0 evidence=(M)[AC] power=Not charging load1=27.44
SAMPLE round=51 variant=a start_ns=12245097546215 map_ns=41322125 ready_map_ns=307904990 present_ns=307949882 complete_ns=348236051 minor_delta=13185 major_delta=0 rss_kib=55464 gl_result=0 evidence=(M)[AC] power=Not charging load1=27.44
SAMPLE round=51 variant=b start_ns=12245493147492 map_ns=6282938 ready_map_ns=7037164 present_ns=7120712 complete_ns=36136640 minor_delta=0 major_delta=0 rss_kib=155928 gl_result=-10 evidence=(M)[AC] power=Not charging load1=27.44
SAMPLE round=51 variant=c start_ns=12245579060820 map_ns=3542214 ready_map_ns=5081646 present_ns=5155374 complete_ns=31070909 minor_delta=0 major_delta=0 rss_kib=55508 gl_result=0 evidence=(M)[AC] power=Not charging load1=27.44
SAMPLE round=52 variant=a start_ns=12245636398744 map_ns=31454919 ready_map_ns=194992298 present_ns=195047392 complete_ns=230273069 minor_delta=13187 major_delta=0 rss_kib=55532 gl_result=0 evidence=(M)[AC] power=Not charging load1=27.44
SAMPLE round=52 variant=b start_ns=12245879645115 map_ns=5827584 ready_map_ns=6893705 present_ns=7788317 complete_ns=51800143 minor_delta=0 major_delta=0 rss_kib=155928 gl_result=-10 evidence=(M)[AC] power=Not charging load1=27.44
SAMPLE round=52 variant=c start_ns=12245971103028 map_ns=7932591 ready_map_ns=9432318 present_ns=10034176 complete_ns=42501544 minor_delta=0 major_delta=0 rss_kib=55508 gl_result=0 evidence=(M)[AC] power=Not charging load1=27.44
SAMPLE round=53 variant=a start_ns=12246041099412 map_ns=29044879 ready_map_ns=131854343 present_ns=131926714 complete_ns=187020224 minor_delta=13185 major_delta=0 rss_kib=55484 gl_result=0 evidence=(M)[AC] power=Not charging load1=27.44
SAMPLE round=53 variant=b start_ns=12246238406995 map_ns=3226358 ready_map_ns=4185571 present_ns=4264761 complete_ns=57420490 minor_delta=0 major_delta=0 rss_kib=155928 gl_result=-10 evidence=(M)[AC] power=Not charging load1=27.44
SAMPLE round=53 variant=c start_ns=12246315256977 map_ns=5971075 ready_map_ns=7396717 present_ns=7580152 complete_ns=30906831 minor_delta=0 major_delta=0 rss_kib=55508 gl_result=0 evidence=(M)[AC] power=Not charging load1=27.44
SAMPLE round=54 variant=a start_ns=12246365135042 map_ns=36114664 ready_map_ns=171800139 present_ns=174347319 complete_ns=213897152 minor_delta=13188 major_delta=0 rss_kib=55428 gl_result=0 evidence=(M)[AC] power=Not charging load1=27.44
SAMPLE round=54 variant=b start_ns=12246628468653 map_ns=7297720 ready_map_ns=9079150 present_ns=9124442 complete_ns=32788200 minor_delta=0 major_delta=0 rss_kib=155928 gl_result=-10 evidence=(M)[AC] power=Not charging load1=27.44
SAMPLE round=54 variant=c start_ns=12246683098399 map_ns=2700725 ready_map_ns=4058481 present_ns=4190050 complete_ns=26676988 minor_delta=0 major_delta=0 rss_kib=55508 gl_result=0 evidence=(M)[AC] power=Not charging load1=27.44
SAMPLE round=55 variant=a start_ns=12246735573650 map_ns=45837142 ready_map_ns=167357034 present_ns=167399402 complete_ns=209120553 minor_delta=13185 major_delta=0 rss_kib=55500 gl_result=0 evidence=(M)[AC] power=Not charging load1=27.44
SAMPLE round=55 variant=b start_ns=12247001118266 map_ns=7060920 ready_map_ns=8928634 present_ns=9053739 complete_ns=26020845 minor_delta=0 major_delta=0 rss_kib=155928 gl_result=-10 evidence=(M)[AC] power=Not charging load1=27.44
SAMPLE round=55 variant=c start_ns=12247049132387 map_ns=7357948 ready_map_ns=8909415 present_ns=9050675 complete_ns=27874533 minor_delta=0 major_delta=0 rss_kib=55508 gl_result=0 evidence=(M)[AC] power=Not charging load1=27.44
SAMPLE round=56 variant=a start_ns=12247099541759 map_ns=40153445 ready_map_ns=238906807 present_ns=239014770 complete_ns=279700685 minor_delta=13184 major_delta=0 rss_kib=55444 gl_result=0 evidence=(M)[AC] power=Not charging load1=27.44
SAMPLE round=56 variant=b start_ns=12247413200617 map_ns=4425928 ready_map_ns=5973481 present_ns=6120354 complete_ns=31598468 minor_delta=0 major_delta=0 rss_kib=155928 gl_result=-10 evidence=(M)[AC] power=Not charging load1=27.44
SAMPLE round=56 variant=c start_ns=12247482220519 map_ns=3214123 ready_map_ns=4201323 present_ns=4295273 complete_ns=28056215 minor_delta=0 major_delta=0 rss_kib=55508 gl_result=0 evidence=(M)[AC] power=Not charging load1=27.44
SAMPLE round=57 variant=a start_ns=12247534550640 map_ns=30183394 ready_map_ns=175551011 present_ns=175643074 complete_ns=215196708 minor_delta=13187 major_delta=0 rss_kib=55512 gl_result=0 evidence=(M)[AC] power=Not charging load1=27.44
SAMPLE round=57 variant=b start_ns=12247808086873 map_ns=6068838 ready_map_ns=6637426 present_ns=6699480 complete_ns=36412951 minor_delta=0 major_delta=0 rss_kib=155928 gl_result=-10 evidence=(M)[AC] power=Not charging load1=26.76
SAMPLE round=57 variant=c start_ns=12247865423938 map_ns=4640625 ready_map_ns=8469528 present_ns=8617218 complete_ns=27660281 minor_delta=0 major_delta=0 rss_kib=55508 gl_result=0 evidence=(M)[AC] power=Not charging load1=26.76
SAMPLE round=58 variant=a start_ns=12247915980739 map_ns=33841874 ready_map_ns=187548541 present_ns=187607866 complete_ns=213697758 minor_delta=13186 major_delta=0 rss_kib=55444 gl_result=0 evidence=(M)[AC] power=Not charging load1=26.76
SAMPLE round=58 variant=b start_ns=12248150088865 map_ns=2818692 ready_map_ns=3767669 present_ns=3867325 complete_ns=78987875 minor_delta=0 major_delta=0 rss_kib=155928 gl_result=-10 evidence=(M)[AC] power=Not charging load1=26.76
SAMPLE round=58 variant=c start_ns=12248266114464 map_ns=7304232 ready_map_ns=9613348 present_ns=9689938 complete_ns=27265485 minor_delta=0 major_delta=0 rss_kib=55508 gl_result=0 evidence=(M)[AC] power=Not charging load1=26.76
SAMPLE round=59 variant=a start_ns=12248313499393 map_ns=39886995 ready_map_ns=147110269 present_ns=147280725 complete_ns=179669724 minor_delta=13186 major_delta=0 rss_kib=55508 gl_result=0 evidence=(M)[AC] power=Not charging load1=26.76
SAMPLE round=59 variant=b start_ns=12248518373346 map_ns=2569426 ready_map_ns=3963677 present_ns=4134062 complete_ns=27388374 minor_delta=0 major_delta=0 rss_kib=155928 gl_result=-10 evidence=(M)[AC] power=Not charging load1=26.76
SAMPLE round=59 variant=c start_ns=12248566276546 map_ns=3418348 ready_map_ns=5094977 present_ns=6835524 complete_ns=27323481 minor_delta=0 major_delta=0 rss_kib=55508 gl_result=0 evidence=(M)[AC] power=Not charging load1=26.76
SAMPLE round=60 variant=a start_ns=12248617116723 map_ns=100754094 ready_map_ns=214349437 present_ns=214407053 complete_ns=244106107 minor_delta=13186 major_delta=0 rss_kib=55504 gl_result=0 evidence=(M)[AC] power=Not charging load1=26.76
SAMPLE round=60 variant=b start_ns=12248903470898 map_ns=2585290 ready_map_ns=3627158 present_ns=3662753 complete_ns=23511334 minor_delta=0 major_delta=0 rss_kib=155928 gl_result=-10 evidence=(M)[AC] power=Not charging load1=26.76
SAMPLE round=60 variant=c start_ns=12248944981784 map_ns=2529900 ready_map_ns=3790009 present_ns=3926074 complete_ns=15578843 minor_delta=0 major_delta=0 rss_kib=55508 gl_result=0 evidence=(M)[AC] power=Not charging load1=26.76
SAMPLE round=61 variant=a start_ns=12248980471721 map_ns=22905330 ready_map_ns=158922658 present_ns=158977638 complete_ns=182676655 minor_delta=13183 major_delta=0 rss_kib=55472 gl_result=0 evidence=(M)[AC] power=Not charging load1=26.76
SAMPLE round=61 variant=b start_ns=12249191467567 map_ns=7797673 ready_map_ns=9400938 present_ns=9508223 complete_ns=20603930 minor_delta=0 major_delta=0 rss_kib=155928 gl_result=-10 evidence=(M)[AC] power=Not charging load1=26.76
SAMPLE round=61 variant=c start_ns=12249230200476 map_ns=2742976 ready_map_ns=6152796 present_ns=6286429 complete_ns=29777243 minor_delta=0 major_delta=0 rss_kib=55508 gl_result=0 evidence=(M)[AC] power=Not charging load1=26.76
SAMPLE round=62 variant=a start_ns=12249283087694 map_ns=34631116 ready_map_ns=144480030 present_ns=145032931 complete_ns=177726210 minor_delta=13186 major_delta=0 rss_kib=55512 gl_result=0 evidence=(M)[AC] power=Not charging load1=26.76
SAMPLE round=62 variant=b start_ns=12249474477233 map_ns=6345050 ready_map_ns=7256040 present_ns=7407612 complete_ns=36322836 minor_delta=0 major_delta=0 rss_kib=155928 gl_result=-10 evidence=(M)[AC] power=Not charging load1=26.76
SAMPLE round=62 variant=c start_ns=12249565668980 map_ns=5953341 ready_map_ns=7098759 present_ns=7128507 complete_ns=27379032 minor_delta=0 major_delta=0 rss_kib=55508 gl_result=0 evidence=(M)[AC] power=Not charging load1=26.76
SAMPLE round=63 variant=a start_ns=12249633083710 map_ns=54740089 ready_map_ns=180376056 present_ns=183989716 complete_ns=244694273 minor_delta=13185 major_delta=0 rss_kib=55456 gl_result=0 evidence=(M)[AC] power=Not charging load1=26.76
SAMPLE round=63 variant=b start_ns=12249892650014 map_ns=7448078 ready_map_ns=8551408 present_ns=8647472 complete_ns=37237173 minor_delta=0 major_delta=0 rss_kib=155928 gl_result=-10 evidence=(M)[AC] power=Not charging load1=26.76
SAMPLE round=63 variant=c start_ns=12249958904137 map_ns=3403627 ready_map_ns=4663779 present_ns=4730826 complete_ns=18583102 minor_delta=0 major_delta=0 rss_kib=55508 gl_result=0 evidence=(M)[AC] power=Not charging load1=26.76
SAMPLE round=64 variant=a start_ns=12249996532509 map_ns=21735572 ready_map_ns=105543706 present_ns=106107747 complete_ns=148048932 minor_delta=13185 major_delta=0 rss_kib=55468 gl_result=0 evidence=(M)[AC] power=Not charging load1=26.76
SAMPLE round=64 variant=b start_ns=12250189049833 map_ns=3018396 ready_map_ns=5612403 present_ns=5885844 complete_ns=22923714 minor_delta=0 major_delta=0 rss_kib=155928 gl_result=-10 evidence=(M)[AC] power=Not charging load1=26.76
SAMPLE round=64 variant=c start_ns=12250230915248 map_ns=5752972 ready_map_ns=6609424 present_ns=6669707 complete_ns=30306113 minor_delta=0 major_delta=0 rss_kib=55508 gl_result=0 evidence=(M)[AC] power=Not charging load1=26.76
SAMPLE round=65 variant=a start_ns=12250284583129 map_ns=19571895 ready_map_ns=115124651 present_ns=115504391 complete_ns=142440310 minor_delta=13184 major_delta=0 rss_kib=55452 gl_result=0 evidence=(M)[AC] power=Not charging load1=26.76
SAMPLE round=65 variant=b start_ns=12250456516439 map_ns=2998903 ready_map_ns=3987201 present_ns=4082458 complete_ns=21549403 minor_delta=0 major_delta=0 rss_kib=155928 gl_result=-10 evidence=(M)[AC] power=Not charging load1=26.76
SAMPLE round=65 variant=c start_ns=12250506527135 map_ns=5012388 ready_map_ns=10618666 present_ns=10688370 complete_ns=25404949 minor_delta=1 major_delta=0 rss_kib=55508 gl_result=0 evidence=(M)[AC] power=Not charging load1=26.76
SAMPLE round=66 variant=a start_ns=12250572079855 map_ns=17965359 ready_map_ns=149695529 present_ns=149739710 complete_ns=190165961 minor_delta=13184 major_delta=0 rss_kib=55484 gl_result=0 evidence=(M)[AC] power=Not charging load1=26.76
SAMPLE round=66 variant=b start_ns=12250774210364 map_ns=31194272 ready_map_ns=32887966 present_ns=33004480 complete_ns=53825906 minor_delta=0 major_delta=0 rss_kib=155928 gl_result=-10 evidence=(M)[AC] power=Not charging load1=26.76
SAMPLE round=66 variant=c start_ns=12250878107146 map_ns=9449031 ready_map_ns=14721349 present_ns=15144708 complete_ns=33374416 minor_delta=0 major_delta=0 rss_kib=55508 gl_result=0 evidence=(M)[AC] power=Not charging load1=26.76
SAMPLE round=67 variant=a start_ns=12250933104339 map_ns=87910117 ready_map_ns=280935034 present_ns=280966710 complete_ns=316119202 minor_delta=13186 major_delta=0 rss_kib=55516 gl_result=0 evidence=(M)[AC] power=Not charging load1=26.76
SAMPLE round=67 variant=b start_ns=12251337322441 map_ns=2912782 ready_map_ns=4491393 present_ns=4582333 complete_ns=29345922 minor_delta=0 major_delta=0 rss_kib=155928 gl_result=-10 evidence=(M)[AC] power=Not charging load1=26.76
SAMPLE round=67 variant=c start_ns=12251404541426 map_ns=8277613 ready_map_ns=12071582 present_ns=12230166 complete_ns=38356545 minor_delta=0 major_delta=0 rss_kib=55508 gl_result=0 evidence=(M)[AC] power=Not charging load1=26.76
SAMPLE round=68 variant=a start_ns=12251490111437 map_ns=31346648 ready_map_ns=200546310 present_ns=203223697 complete_ns=241686635 minor_delta=13184 major_delta=0 rss_kib=55488 gl_result=0 evidence=(M)[AC] power=Not charging load1=26.76
SAMPLE round=68 variant=b start_ns=12251785138643 map_ns=9374167 ready_map_ns=11002776 present_ns=11284621 complete_ns=26416166 minor_delta=0 major_delta=0 rss_kib=155928 gl_result=-10 evidence=(M)[AC] power=Not charging load1=26.76
SAMPLE round=68 variant=c start_ns=12251832102742 map_ns=3287762 ready_map_ns=4451623 present_ns=7954823 complete_ns=31738838 minor_delta=0 major_delta=0 rss_kib=55508 gl_result=0 evidence=(M)[AC] power=Not charging load1=26.76
SAMPLE round=69 variant=a start_ns=12251883106249 map_ns=29441084 ready_map_ns=202113125 present_ns=202153583 complete_ns=229455838 minor_delta=13189 major_delta=0 rss_kib=55536 gl_result=0 evidence=(M)[AC] power=Not charging load1=26.76
SAMPLE round=69 variant=b start_ns=12252146576681 map_ns=10010005 ready_map_ns=10918462 present_ns=10969487 complete_ns=37741534 minor_delta=0 major_delta=0 rss_kib=155928 gl_result=-10 evidence=(M)[AC] power=Not charging load1=26.76
SAMPLE round=69 variant=c start_ns=12252214139997 map_ns=9533194 ready_map_ns=11099757 present_ns=11229860 complete_ns=46375691 minor_delta=0 major_delta=0 rss_kib=55508 gl_result=0 evidence=(M)[AC] power=Not charging load1=26.76
SAMPLE round=70 variant=a start_ns=12252281111387 map_ns=42427034 ready_map_ns=148012447 present_ns=149754830 complete_ns=183307127 minor_delta=13183 major_delta=0 rss_kib=55452 gl_result=0 evidence=(M)[AC] power=Not charging load1=26.76
SAMPLE round=70 variant=b start_ns=12252545219719 map_ns=4325310 ready_map_ns=6240045 present_ns=6760410 complete_ns=37399968 minor_delta=0 major_delta=0 rss_kib=155928 gl_result=-10 evidence=(M)[AC] power=Not charging load1=26.76
SAMPLE round=70 variant=c start_ns=12252586226032 map_ns=14663993 ready_map_ns=15872775 present_ns=16022144 complete_ns=45121777 minor_delta=0 major_delta=0 rss_kib=55508 gl_result=0 evidence=(M)[AC] power=Not charging load1=26.76
SAMPLE round=71 variant=a start_ns=12252652849920 map_ns=15660344 ready_map_ns=103408344 present_ns=104075754 complete_ns=127051726 minor_delta=13184 major_delta=0 rss_kib=55464 gl_result=0 evidence=(M)[AC] power=Not charging load1=26.70
SAMPLE round=71 variant=b start_ns=12252796758896 map_ns=2903713 ready_map_ns=4433557 present_ns=4622396 complete_ns=33535886 minor_delta=0 major_delta=0 rss_kib=155928 gl_result=-10 evidence=(M)[AC] power=Not charging load1=26.70
SAMPLE round=71 variant=c start_ns=12252851120312 map_ns=2959525 ready_map_ns=6792470 present_ns=6853582 complete_ns=27342889 minor_delta=0 major_delta=0 rss_kib=55508 gl_result=0 evidence=(M)[AC] power=Not charging load1=26.70
SAMPLE round=72 variant=a start_ns=12252900319616 map_ns=42532806 ready_map_ns=181085016 present_ns=182218976 complete_ns=226471531 minor_delta=13186 major_delta=0 rss_kib=55456 gl_result=0 evidence=(M)[AC] power=Not charging load1=26.70
SAMPLE round=72 variant=b start_ns=12253154584289 map_ns=5335968 ready_map_ns=8919426 present_ns=9007624 complete_ns=26219435 minor_delta=0 major_delta=0 rss_kib=155928 gl_result=-10 evidence=(M)[AC] power=Not charging load1=26.70
SAMPLE round=72 variant=c start_ns=12253200389721 map_ns=10713205 ready_map_ns=12160304 present_ns=12257812 complete_ns=28073079 minor_delta=0 major_delta=0 rss_kib=55508 gl_result=0 evidence=(M)[AC] power=Not charging load1=26.70
SAMPLE round=73 variant=a start_ns=12253249994258 map_ns=19279772 ready_map_ns=160593370 present_ns=163080869 complete_ns=215544161 minor_delta=13181 major_delta=0 rss_kib=55444 gl_result=0 evidence=(M)[AC] power=Not charging load1=26.70
SAMPLE round=73 variant=b start_ns=12253511687154 map_ns=8769790 ready_map_ns=12540959 present_ns=12977430 complete_ns=34961315 minor_delta=0 major_delta=0 rss_kib=155928 gl_result=-10 evidence=(M)[AC] power=Not charging load1=26.70
SAMPLE round=73 variant=c start_ns=12253601541847 map_ns=7332636 ready_map_ns=13847277 present_ns=13931890 complete_ns=43341905 minor_delta=0 major_delta=0 rss_kib=55508 gl_result=0 evidence=(M)[AC] power=Not charging load1=26.70
SAMPLE round=74 variant=a start_ns=12253664783844 map_ns=67832871 ready_map_ns=239167894 present_ns=239271595 complete_ns=279597294 minor_delta=13185 major_delta=0 rss_kib=55428 gl_result=0 evidence=(M)[AC] power=Not charging load1=26.70
SAMPLE round=74 variant=b start_ns=12253954540399 map_ns=12019638 ready_map_ns=13950945 present_ns=14128139 complete_ns=41194936 minor_delta=0 major_delta=0 rss_kib=155928 gl_result=-10 evidence=(M)[AC] power=Not charging load1=26.70
SAMPLE round=74 variant=c start_ns=12254016108625 map_ns=3456364 ready_map_ns=8333575 present_ns=9075880 complete_ns=28209957 minor_delta=0 major_delta=0 rss_kib=55508 gl_result=0 evidence=(M)[AC] power=Not charging load1=26.70
SAMPLE round=75 variant=a start_ns=12254071142475 map_ns=33870381 ready_map_ns=166142761 present_ns=167490209 complete_ns=190150671 minor_delta=13186 major_delta=0 rss_kib=55472 gl_result=0 evidence=(M)[AC] power=Not charging load1=26.70
SAMPLE round=75 variant=b start_ns=12254304123722 map_ns=6434652 ready_map_ns=7386076 present_ns=8072621 complete_ns=23810556 minor_delta=0 major_delta=0 rss_kib=155928 gl_result=-10 evidence=(M)[AC] power=Not charging load1=26.70
SAMPLE round=75 variant=c start_ns=12254348094829 map_ns=2963536 ready_map_ns=6838394 present_ns=7054801 complete_ns=30357235 minor_delta=0 major_delta=0 rss_kib=55508 gl_result=0 evidence=(M)[AC] power=Not charging load1=26.70
SAMPLE round=76 variant=a start_ns=12254420924282 map_ns=28789924 ready_map_ns=195338955 present_ns=196600342 complete_ns=225794800 minor_delta=13186 major_delta=0 rss_kib=55476 gl_result=0 evidence=(M)[AC] power=Not charging load1=26.70
SAMPLE round=76 variant=b start_ns=12254712255117 map_ns=14605386 ready_map_ns=15925645 present_ns=16001376 complete_ns=32805445 minor_delta=0 major_delta=0 rss_kib=155928 gl_result=-10 evidence=(M)[AC] power=Not charging load1=26.70
SAMPLE round=76 variant=c start_ns=12254768219772 map_ns=12053503 ready_map_ns=14655609 present_ns=14799982 complete_ns=27778064 minor_delta=0 major_delta=0 rss_kib=55508 gl_result=0 evidence=(M)[AC] power=Not charging load1=26.70
SAMPLE round=77 variant=a start_ns=12254817132741 map_ns=28725789 ready_map_ns=366426093 present_ns=372750369 complete_ns=433041777 minor_delta=13183 major_delta=0 rss_kib=55456 gl_result=0 evidence=(M)[AC] power=Not charging load1=26.70
SAMPLE round=77 variant=b start_ns=12255303778408 map_ns=5023894 ready_map_ns=6792621 present_ns=6859709 complete_ns=24745796 minor_delta=0 major_delta=0 rss_kib=155928 gl_result=-10 evidence=(M)[AC] power=Not charging load1=26.70
SAMPLE round=77 variant=c start_ns=12255391133275 map_ns=6007274 ready_map_ns=6920353 present_ns=7030226 complete_ns=36838537 minor_delta=0 major_delta=0 rss_kib=55508 gl_result=0 evidence=(M)[AC] power=Not charging load1=26.70
SAMPLE round=78 variant=a start_ns=12255465988697 map_ns=35097776 ready_map_ns=208006777 present_ns=211147077 complete_ns=250943083 minor_delta=13186 major_delta=0 rss_kib=55508 gl_result=0 evidence=(M)[AC] power=Not charging load1=26.70
SAMPLE round=78 variant=b start_ns=12255753612185 map_ns=9908925 ready_map_ns=15164532 present_ns=17569409 complete_ns=42819308 minor_delta=0 major_delta=0 rss_kib=155928 gl_result=-10 evidence=(M)[AC] power=Not charging load1=26.70
SAMPLE round=78 variant=c start_ns=12255837142317 map_ns=5217406 ready_map_ns=7073679 present_ns=7144649 complete_ns=41270802 minor_delta=0 major_delta=0 rss_kib=55508 gl_result=0 evidence=(M)[AC] power=Not charging load1=26.70
SAMPLE round=79 variant=a start_ns=12255923123052 map_ns=31931117 ready_map_ns=203701252 present_ns=204937556 complete_ns=258352554 minor_delta=13186 major_delta=0 rss_kib=55468 gl_result=0 evidence=(M)[AC] power=Not charging load1=26.70
SAMPLE round=79 variant=b start_ns=12256244210124 map_ns=12936079 ready_map_ns=16511222 present_ns=16673513 complete_ns=52018376 minor_delta=0 major_delta=0 rss_kib=155928 gl_result=-10 evidence=(M)[AC] power=Not charging load1=26.70
SAMPLE round=79 variant=c start_ns=12256318078349 map_ns=4749931 ready_map_ns=5766714 present_ns=5873382 complete_ns=25263690 minor_delta=0 major_delta=0 rss_kib=55508 gl_result=0 evidence=(M)[AC] power=Not charging load1=26.70
SAMPLE round=80 variant=a start_ns=12256369196116 map_ns=40592690 ready_map_ns=255200281 present_ns=255444077 complete_ns=292972304 minor_delta=13184 major_delta=0 rss_kib=55476 gl_result=0 evidence=(M)[AC] power=Not charging load1=26.70
SAMPLE round=80 variant=b start_ns=12256685735530 map_ns=3075452 ready_map_ns=4692774 present_ns=4824083 complete_ns=23931678 minor_delta=0 major_delta=0 rss_kib=155928 gl_result=-10 evidence=(M)[AC] power=Not charging load1=26.70
SAMPLE round=80 variant=c start_ns=12256733501427 map_ns=5398812 ready_map_ns=6254179 present_ns=6327298 complete_ns=27130441 minor_delta=0 major_delta=0 rss_kib=55508 gl_result=0 evidence=(M)[AC] power=Not charging load1=26.70
SAMPLE round=81 variant=a start_ns=12256794068060 map_ns=27795342 ready_map_ns=148424367 present_ns=148971377 complete_ns=187157704 minor_delta=13186 major_delta=0 rss_kib=55484 gl_result=0 evidence=(M)[AC] power=Not charging load1=26.70
SAMPLE round=81 variant=b start_ns=12257016675228 map_ns=4691129 ready_map_ns=6337517 present_ns=6462218 complete_ns=31759602 minor_delta=1 major_delta=0 rss_kib=155932 gl_result=-10 evidence=(M)[AC] power=Not charging load1=26.70
SAMPLE round=81 variant=c start_ns=12257086946173 map_ns=6534413 ready_map_ns=7719849 present_ns=7822230 complete_ns=25519577 minor_delta=0 major_delta=0 rss_kib=55508 gl_result=0 evidence=(M)[AC] power=Not charging load1=26.70
SAMPLE round=82 variant=a start_ns=12257154132584 map_ns=38194730 ready_map_ns=194736649 present_ns=198409684 complete_ns=244849681 minor_delta=13186 major_delta=0 rss_kib=55512 gl_result=0 evidence=(M)[AC] power=Not charging load1=26.70
SAMPLE round=82 variant=b start_ns=12257462417462 map_ns=7944615 ready_map_ns=8781730 present_ns=8926057 complete_ns=50568465 minor_delta=0 major_delta=0 rss_kib=155932 gl_result=-10 evidence=(M)[AC] power=Not charging load1=26.70
SAMPLE round=82 variant=c start_ns=12257589145028 map_ns=35685889 ready_map_ns=37388389 present_ns=37422213 complete_ns=72720940 minor_delta=0 major_delta=0 rss_kib=55508 gl_result=0 evidence=(M)[AC] power=Not charging load1=26.70
SAMPLE round=83 variant=a start_ns=12257739125666 map_ns=47000500 ready_map_ns=235013910 present_ns=236093238 complete_ns=273024581 minor_delta=13185 major_delta=0 rss_kib=55500 gl_result=0 evidence=(M)[AC] power=Not charging load1=26.81
SAMPLE round=83 variant=b start_ns=12258056884229 map_ns=5418458 ready_map_ns=6355904 present_ns=6423107 complete_ns=36143636 minor_delta=0 major_delta=0 rss_kib=155932 gl_result=-10 evidence=(M)[AC] power=Not charging load1=26.81
SAMPLE round=83 variant=c start_ns=12258114130580 map_ns=9420608 ready_map_ns=12218877 present_ns=12277073 complete_ns=30994932 minor_delta=1 major_delta=0 rss_kib=55512 gl_result=0 evidence=(M)[AC] power=Not charging load1=26.81
SAMPLE round=84 variant=a start_ns=12258163770620 map_ns=23904020 ready_map_ns=111936390 present_ns=112113339 complete_ns=145828153 minor_delta=13185 major_delta=0 rss_kib=55508 gl_result=0 evidence=(M)[AC] power=Not charging load1=26.81
SAMPLE round=84 variant=b start_ns=12258339653405 map_ns=6178215 ready_map_ns=10720486 present_ns=10883990 complete_ns=38290051 minor_delta=0 major_delta=0 rss_kib=155932 gl_result=-10 evidence=(M)[AC] power=Not charging load1=26.81
SAMPLE round=84 variant=c start_ns=12258400078769 map_ns=3121324 ready_map_ns=4047751 present_ns=4116404 complete_ns=26697425 minor_delta=0 major_delta=0 rss_kib=55512 gl_result=0 evidence=(M)[AC] power=Not charging load1=26.81
SAMPLE round=85 variant=a start_ns=12258447877314 map_ns=18643415 ready_map_ns=104087623 present_ns=105826873 complete_ns=132150245 minor_delta=13186 major_delta=0 rss_kib=55436 gl_result=0 evidence=(M)[AC] power=Not charging load1=26.81
SAMPLE round=85 variant=b start_ns=12258607097043 map_ns=6459566 ready_map_ns=7832936 present_ns=8005993 complete_ns=39814526 minor_delta=0 major_delta=0 rss_kib=155932 gl_result=-10 evidence=(M)[AC] power=Not charging load1=26.81
SAMPLE round=85 variant=c start_ns=12258670172040 map_ns=8062746 ready_map_ns=10854088 present_ns=10977700 complete_ns=39824951 minor_delta=0 major_delta=0 rss_kib=55512 gl_result=0 evidence=(M)[AC] power=Not charging load1=26.81
SAMPLE round=86 variant=a start_ns=12258733286894 map_ns=15695704 ready_map_ns=101538731 present_ns=103442921 complete_ns=126361130 minor_delta=13185 major_delta=0 rss_kib=55480 gl_result=0 evidence=(M)[AC] power=Not charging load1=26.81
SAMPLE round=86 variant=b start_ns=12258889361418 map_ns=8147392 ready_map_ns=9156611 present_ns=9272551 complete_ns=37000886 minor_delta=0 major_delta=0 rss_kib=155932 gl_result=-10 evidence=(M)[AC] power=Not charging load1=26.81
SAMPLE round=86 variant=c start_ns=12258950670894 map_ns=8597919 ready_map_ns=9596887 present_ns=9724634 complete_ns=43779276 minor_delta=0 major_delta=0 rss_kib=55512 gl_result=0 evidence=(M)[AC] power=Not charging load1=26.81
SAMPLE round=87 variant=a start_ns=12259013480156 map_ns=25561996 ready_map_ns=122498939 present_ns=124221356 complete_ns=147061602 minor_delta=13183 major_delta=0 rss_kib=55480 gl_result=0 evidence=(M)[AC] power=Not charging load1=26.81
SAMPLE round=87 variant=b start_ns=12259213114886 map_ns=3273284 ready_map_ns=5356354 present_ns=5462464 complete_ns=30831361 minor_delta=0 major_delta=0 rss_kib=155932 gl_result=-10 evidence=(M)[AC] power=Not charging load1=26.81
SAMPLE round=87 variant=c start_ns=12259272102950 map_ns=7823088 ready_map_ns=8977177 present_ns=9037640 complete_ns=39565466 minor_delta=1 major_delta=0 rss_kib=55516 gl_result=0 evidence=(M)[AC] power=Not charging load1=26.81
SAMPLE round=88 variant=a start_ns=12259331425191 map_ns=26105867 ready_map_ns=200128972 present_ns=200610855 complete_ns=230598164 minor_delta=13184 major_delta=0 rss_kib=55448 gl_result=0 evidence=(M)[AC] power=Not charging load1=26.81
SAMPLE round=88 variant=b start_ns=12259605444399 map_ns=3464838 ready_map_ns=4290268 present_ns=4335720 complete_ns=21999819 minor_delta=1 major_delta=0 rss_kib=155936 gl_result=-10 evidence=(M)[AC] power=Not charging load1=26.81
SAMPLE round=88 variant=c start_ns=12259646834411 map_ns=7002793 ready_map_ns=7987192 present_ns=8110025 complete_ns=29761977 minor_delta=0 major_delta=0 rss_kib=55516 gl_result=0 evidence=(M)[AC] power=Not charging load1=26.81
SAMPLE round=89 variant=a start_ns=12259717390206 map_ns=65122941 ready_map_ns=226045991 present_ns=229663762 complete_ns=279794732 minor_delta=13187 major_delta=0 rss_kib=55512 gl_result=0 evidence=(M)[AC] power=Not charging load1=26.81
SAMPLE round=89 variant=b start_ns=12260037697407 map_ns=6622685 ready_map_ns=9867149 present_ns=10222935 complete_ns=62623741 minor_delta=0 major_delta=0 rss_kib=155936 gl_result=-10 evidence=(M)[AC] power=Not charging load1=26.81
SAMPLE round=89 variant=c start_ns=12260130448917 map_ns=7986045 ready_map_ns=10981114 present_ns=11118460 complete_ns=30444092 minor_delta=0 major_delta=0 rss_kib=55516 gl_result=0 evidence=(M)[AC] power=Not charging load1=26.81
SAMPLE round=90 variant=a start_ns=12260179146061 map_ns=28338095 ready_map_ns=174193426 present_ns=174776784 complete_ns=214625423 minor_delta=13183 major_delta=0 rss_kib=55456 gl_result=0 evidence=(M)[AC] power=Not charging load1=26.81
SAMPLE round=90 variant=b start_ns=12260453106246 map_ns=4063865 ready_map_ns=5028285 present_ns=5330287 complete_ns=24615726 minor_delta=0 major_delta=0 rss_kib=155936 gl_result=-10 evidence=(M)[AC] power=Not charging load1=26.81
SAMPLE round=90 variant=c start_ns=12260496068320 map_ns=3515965 ready_map_ns=5162268 present_ns=6570356 complete_ns=37059475 minor_delta=0 major_delta=0 rss_kib=55516 gl_result=0 evidence=(M)[AC] power=Not charging load1=26.81
SAMPLE round=91 variant=a start_ns=12260566097200 map_ns=74892829 ready_map_ns=190657430 present_ns=191522967 complete_ns=212208574 minor_delta=13185 major_delta=0 rss_kib=55496 gl_result=0 evidence=(M)[AC] power=Not charging load1=26.81
SAMPLE round=91 variant=b start_ns=12260827831596 map_ns=6887125 ready_map_ns=9751019 present_ns=9865152 complete_ns=31596195 minor_delta=0 major_delta=0 rss_kib=155936 gl_result=-10 evidence=(M)[AC] power=Not charging load1=26.81
SAMPLE round=91 variant=c start_ns=12260881366490 map_ns=4712615 ready_map_ns=5894778 present_ns=6029935 complete_ns=31741451 minor_delta=0 major_delta=0 rss_kib=55516 gl_result=0 evidence=(M)[AC] power=Not charging load1=26.81
SAMPLE round=92 variant=a start_ns=12260933611049 map_ns=37904147 ready_map_ns=318181959 present_ns=318225555 complete_ns=363746061 minor_delta=13184 major_delta=0 rss_kib=55452 gl_result=0 evidence=(M)[AC] power=Not charging load1=26.81
SAMPLE round=92 variant=b start_ns=12261311902624 map_ns=9096736 ready_map_ns=10041159 present_ns=10139176 complete_ns=50025406 minor_delta=0 major_delta=0 rss_kib=155936 gl_result=-10 evidence=(M)[AC] power=Not charging load1=26.81
SAMPLE round=92 variant=c start_ns=12261392155129 map_ns=8990566 ready_map_ns=14462375 present_ns=14518060 complete_ns=36636532 minor_delta=0 major_delta=0 rss_kib=55516 gl_result=0 evidence=(M)[AC] power=Not charging load1=26.81
SAMPLE round=93 variant=a start_ns=12261487335882 map_ns=49996901 ready_map_ns=201877905 present_ns=203742281 complete_ns=276056697 minor_delta=13186 major_delta=0 rss_kib=55452 gl_result=0 evidence=(M)[AC] power=Not charging load1=26.81
SAMPLE round=93 variant=b start_ns=12261828154461 map_ns=8716140 ready_map_ns=9669559 present_ns=9730594 complete_ns=31811094 minor_delta=0 major_delta=0 rss_kib=155936 gl_result=-10 evidence=(M)[AC] power=Not charging load1=26.81
SAMPLE round=93 variant=c start_ns=12261882335402 map_ns=8445983 ready_map_ns=13172413 present_ns=16791800 complete_ns=45879515 minor_delta=0 major_delta=0 rss_kib=55516 gl_result=0 evidence=(M)[AC] power=Not charging load1=26.81
SAMPLE round=94 variant=a start_ns=12261977101556 map_ns=67346277 ready_map_ns=198998112 present_ns=199082336 complete_ns=233863401 minor_delta=13183 major_delta=0 rss_kib=55460 gl_result=0 evidence=(M)[AC] power=Not charging load1=26.81
SAMPLE round=94 variant=b start_ns=12262244169164 map_ns=5010058 ready_map_ns=6699182 present_ns=8929515 complete_ns=31966918 minor_delta=0 major_delta=0 rss_kib=155936 gl_result=-10 evidence=(M)[AC] power=Not charging load1=26.81
SAMPLE round=94 variant=c start_ns=12262296556825 map_ns=7613627 ready_map_ns=9256721 present_ns=10496259 complete_ns=32186431 minor_delta=0 major_delta=0 rss_kib=55516 gl_result=0 evidence=(M)[AC] power=Not charging load1=26.81
SAMPLE round=95 variant=a start_ns=12262350140631 map_ns=39658812 ready_map_ns=192326107 present_ns=192668730 complete_ns=238659450 minor_delta=13184 major_delta=0 rss_kib=55472 gl_result=0 evidence=(M)[AC] power=Not charging load1=26.81
SAMPLE round=95 variant=b start_ns=12262657725461 map_ns=14534436 ready_map_ns=16399431 present_ns=16527251 complete_ns=54435345 minor_delta=0 major_delta=0 rss_kib=155936 gl_result=-10 evidence=(M)[AC] power=Not charging load1=28.10
SAMPLE round=95 variant=c start_ns=12262749097466 map_ns=10122056 ready_map_ns=11049432 present_ns=11150974 complete_ns=48143738 minor_delta=0 major_delta=0 rss_kib=55516 gl_result=0 evidence=(M)[AC] power=Not charging load1=28.10
SAMPLE round=96 variant=a start_ns=12262833117314 map_ns=33942997 ready_map_ns=364486498 present_ns=367500391 complete_ns=411896711 minor_delta=13187 major_delta=0 rss_kib=55432 gl_result=0 evidence=(M)[AC] power=Not charging load1=28.10
SAMPLE round=96 variant=b start_ns=12263299112379 map_ns=5019116 ready_map_ns=6560172 present_ns=6710185 complete_ns=36638948 minor_delta=0 major_delta=0 rss_kib=155936 gl_result=-10 evidence=(M)[AC] power=Not charging load1=28.10
SAMPLE round=96 variant=c start_ns=12263383918320 map_ns=4780475 ready_map_ns=5809589 present_ns=5866237 complete_ns=31156262 minor_delta=0 major_delta=0 rss_kib=55516 gl_result=0 evidence=(M)[AC] power=Not charging load1=28.10
SAMPLE round=97 variant=a start_ns=12263450092711 map_ns=38321646 ready_map_ns=346171238 present_ns=346588872 complete_ns=393305987 minor_delta=13185 major_delta=0 rss_kib=55456 gl_result=0 evidence=(M)[AC] power=Not charging load1=28.10
SAMPLE round=97 variant=b start_ns=12263895123147 map_ns=7466456 ready_map_ns=8327980 present_ns=8447695 complete_ns=33092404 minor_delta=0 major_delta=0 rss_kib=155936 gl_result=-10 evidence=(M)[AC] power=Not charging load1=28.10
SAMPLE round=97 variant=c start_ns=12263963114986 map_ns=6985638 ready_map_ns=7936621 present_ns=7992182 complete_ns=33610710 minor_delta=0 major_delta=0 rss_kib=55516 gl_result=0 evidence=(M)[AC] power=Not charging load1=28.10
SAMPLE round=98 variant=a start_ns=12264038698535 map_ns=72051068 ready_map_ns=207246699 present_ns=210966501 complete_ns=238570271 minor_delta=13185 major_delta=0 rss_kib=55504 gl_result=0 evidence=(M)[AC] power=Not charging load1=28.10
SAMPLE round=98 variant=b start_ns=12264300051063 map_ns=3417976 ready_map_ns=4502380 present_ns=4588092 complete_ns=26628146 minor_delta=0 major_delta=0 rss_kib=155936 gl_result=-10 evidence=(M)[AC] power=Not charging load1=28.10
SAMPLE round=98 variant=c start_ns=12264348091156 map_ns=2603830 ready_map_ns=3954723 present_ns=4065437 complete_ns=31827389 minor_delta=0 major_delta=0 rss_kib=55516 gl_result=0 evidence=(M)[AC] power=Not charging load1=28.10
SAMPLE round=99 variant=a start_ns=12264403177635 map_ns=28013963 ready_map_ns=258326988 present_ns=259227940 complete_ns=309550073 minor_delta=13185 major_delta=0 rss_kib=55456 gl_result=0 evidence=(M)[AC] power=Not charging load1=28.10
SAMPLE round=99 variant=b start_ns=12264765644232 map_ns=9139042 ready_map_ns=10668897 present_ns=10799133 complete_ns=34727612 minor_delta=0 major_delta=0 rss_kib=155936 gl_result=-10 evidence=(M)[AC] power=Not charging load1=28.10
SAMPLE round=99 variant=c start_ns=12264833957720 map_ns=5131072 ready_map_ns=7643749 present_ns=7758003 complete_ns=26185453 minor_delta=0 major_delta=0 rss_kib=55516 gl_result=0 evidence=(M)[AC] power=Not charging load1=28.10
SAMPLE round=100 variant=a start_ns=12264879568291 map_ns=14029684 ready_map_ns=127068725 present_ns=127309479 complete_ns=148036439 minor_delta=13183 major_delta=0 rss_kib=55468 gl_result=0 evidence=(M)[AC] power=Not charging load1=28.10
SAMPLE round=100 variant=b start_ns=12265110500622 map_ns=3896150 ready_map_ns=6330729 present_ns=6456802 complete_ns=35690156 minor_delta=0 major_delta=0 rss_kib=155936 gl_result=-10 evidence=(M)[AC] power=Not charging load1=28.10
SAMPLE round=100 variant=c start_ns=12265186094853 map_ns=6039253 ready_map_ns=7110630 present_ns=7213129 complete_ns=28191114 minor_delta=0 major_delta=0 rss_kib=55516 gl_result=0 evidence=(M)[AC] power=Not charging load1=28.10
SAMPLE round=101 variant=a start_ns=12265258641892 map_ns=29780443 ready_map_ns=175308996 present_ns=176821461 complete_ns=221002056 minor_delta=13185 major_delta=0 rss_kib=55452 gl_result=0 evidence=(M)[AC] power=Not charging load1=28.10
SAMPLE round=101 variant=b start_ns=12265542087334 map_ns=4761493 ready_map_ns=6332580 present_ns=6484857 complete_ns=35784475 minor_delta=0 major_delta=0 rss_kib=155936 gl_result=-10 evidence=(M)[AC] power=Not charging load1=28.10
SAMPLE round=101 variant=c start_ns=12265617996594 map_ns=11138558 ready_map_ns=12833416 present_ns=12993530 complete_ns=42428026 minor_delta=0 major_delta=0 rss_kib=55516 gl_result=0 evidence=(M)[AC] power=Not charging load1=28.10
SAMPLE round=102 variant=a start_ns=12265687364798 map_ns=27855233 ready_map_ns=230470906 present_ns=232788450 complete_ns=255655465 minor_delta=13183 major_delta=0 rss_kib=55464 gl_result=0 evidence=(M)[AC] power=Not charging load1=28.10
SAMPLE round=102 variant=b start_ns=12265982816562 map_ns=8607861 ready_map_ns=12695274 present_ns=14523989 complete_ns=45631052 minor_delta=0 major_delta=0 rss_kib=155936 gl_result=-10 evidence=(M)[AC] power=Not charging load1=28.10
SAMPLE round=102 variant=c start_ns=12266065063783 map_ns=7778267 ready_map_ns=8773309 present_ns=8821663 complete_ns=44892056 minor_delta=0 major_delta=0 rss_kib=55516 gl_result=0 evidence=(M)[AC] power=Not charging load1=28.10
SAMPLE round=103 variant=a start_ns=12266147272326 map_ns=34186672 ready_map_ns=166660928 present_ns=167941015 complete_ns=196780679 minor_delta=13186 major_delta=0 rss_kib=55476 gl_result=0 evidence=(M)[AC] power=Not charging load1=28.10
SAMPLE round=103 variant=b start_ns=12266404707913 map_ns=4822917 ready_map_ns=6151692 present_ns=6415467 complete_ns=22138221 minor_delta=0 major_delta=0 rss_kib=155936 gl_result=-10 evidence=(M)[AC] power=Not charging load1=28.10
SAMPLE round=103 variant=c start_ns=12266431211472 map_ns=11544029 ready_map_ns=13161803 present_ns=13323134 complete_ns=45492081 minor_delta=0 major_delta=0 rss_kib=55516 gl_result=0 evidence=(M)[AC] power=Not charging load1=28.10
SAMPLE round=104 variant=a start_ns=12266498519461 map_ns=42016732 ready_map_ns=350349737 present_ns=351136755 complete_ns=395759611 minor_delta=13185 major_delta=0 rss_kib=55436 gl_result=0 evidence=(M)[AC] power=Not charging load1=28.10
SAMPLE round=104 variant=b start_ns=12266920089767 map_ns=2792074 ready_map_ns=3905050 present_ns=4018589 complete_ns=25130241 minor_delta=0 major_delta=0 rss_kib=155936 gl_result=-10 evidence=(M)[AC] power=Not charging load1=28.10
SAMPLE round=104 variant=c start_ns=12266967167667 map_ns=10493139 ready_map_ns=11456562 present_ns=13928827 complete_ns=43570060 minor_delta=0 major_delta=0 rss_kib=55516 gl_result=0 evidence=(M)[AC] power=Not charging load1=28.10
SAMPLE round=105 variant=a start_ns=12267033091347 map_ns=33616759 ready_map_ns=237297529 present_ns=237477045 complete_ns=279532141 minor_delta=13185 major_delta=0 rss_kib=55432 gl_result=0 evidence=(M)[AC] power=Not charging load1=28.10
SAMPLE round=105 variant=b start_ns=12267367402975 map_ns=7179040 ready_map_ns=8660437 present_ns=8767377 complete_ns=28048119 minor_delta=0 major_delta=0 rss_kib=155936 gl_result=-10 evidence=(M)[AC] power=Not charging load1=28.10
SAMPLE round=105 variant=c start_ns=12267400185922 map_ns=11785697 ready_map_ns=13940407 present_ns=17159852 complete_ns=45490988 minor_delta=0 major_delta=0 rss_kib=55516 gl_result=0 evidence=(M)[AC] power=Not charging load1=28.10
SAMPLE round=106 variant=a start_ns=12267483668343 map_ns=30265261 ready_map_ns=212859662 present_ns=212927676 complete_ns=260014137 minor_delta=13187 major_delta=0 rss_kib=55516 gl_result=0 evidence=(M)[AC] power=Not charging load1=28.10
SAMPLE round=106 variant=b start_ns=12267806091838 map_ns=16014676 ready_map_ns=24282045 present_ns=42779951 complete_ns=104649391 minor_delta=0 major_delta=0 rss_kib=155936 gl_result=-10 evidence=(M)[AC] power=Not charging load1=27.61
SAMPLE round=106 variant=c start_ns=12267979622294 map_ns=11589306 ready_map_ns=12956146 present_ns=13013953 complete_ns=30815923 minor_delta=0 major_delta=0 rss_kib=55516 gl_result=0 evidence=(M)[AC] power=Not charging load1=27.61
SAMPLE round=107 variant=a start_ns=12268035120111 map_ns=14951057 ready_map_ns=100440127 present_ns=102207982 complete_ns=125202711 minor_delta=13186 major_delta=0 rss_kib=55504 gl_result=0 evidence=(M)[AC] power=Not charging load1=27.61
SAMPLE round=107 variant=b start_ns=12268205051472 map_ns=3187198 ready_map_ns=4231263 present_ns=4315418 complete_ns=26133564 minor_delta=0 major_delta=0 rss_kib=155936 gl_result=-10 evidence=(M)[AC] power=Not charging load1=27.61
SAMPLE round=107 variant=c start_ns=12268262570711 map_ns=3738447 ready_map_ns=6211703 present_ns=6296466 complete_ns=30721554 minor_delta=0 major_delta=0 rss_kib=55516 gl_result=0 evidence=(M)[AC] power=Not charging load1=27.61
SAMPLE round=108 variant=a start_ns=12268318230220 map_ns=50115838 ready_map_ns=271484514 present_ns=273879870 complete_ns=294421189 minor_delta=13186 major_delta=0 rss_kib=55456 gl_result=0 evidence=(M)[AC] power=Not charging load1=27.61
SAMPLE round=108 variant=b start_ns=12268655571063 map_ns=3976037 ready_map_ns=4875235 present_ns=4962732 complete_ns=21604166 minor_delta=0 major_delta=0 rss_kib=155936 gl_result=-10 evidence=(M)[AC] power=Not charging load1=27.61
SAMPLE round=108 variant=c start_ns=12268686498500 map_ns=6550305 ready_map_ns=7578088 present_ns=7673662 complete_ns=23856334 minor_delta=0 major_delta=0 rss_kib=55516 gl_result=0 evidence=(M)[AC] power=Not charging load1=27.61
SAMPLE round=109 variant=a start_ns=12268731771283 map_ns=58168525 ready_map_ns=212838899 present_ns=214554899 complete_ns=245302517 minor_delta=13186 major_delta=0 rss_kib=55444 gl_result=0 evidence=(M)[AC] power=Not charging load1=27.61
SAMPLE round=109 variant=b start_ns=12268985315165 map_ns=6215091 ready_map_ns=7166464 present_ns=7345248 complete_ns=59559316 minor_delta=0 major_delta=0 rss_kib=155936 gl_result=-10 evidence=(M)[AC] power=Not charging load1=27.61
SAMPLE round=109 variant=c start_ns=12269069429590 map_ns=2843258 ready_map_ns=5320832 present_ns=5467129 complete_ns=26601697 minor_delta=0 major_delta=0 rss_kib=55516 gl_result=0 evidence=(M)[AC] power=Not charging load1=27.61
SAMPLE round=110 variant=a start_ns=12269135251057 map_ns=13557011 ready_map_ns=147891532 present_ns=150455817 complete_ns=174420920 minor_delta=13187 major_delta=0 rss_kib=55468 gl_result=0 evidence=(M)[AC] power=Not charging load1=27.61
SAMPLE round=110 variant=b start_ns=12269352710224 map_ns=6770144 ready_map_ns=9333763 present_ns=10395537 complete_ns=23107502 minor_delta=0 major_delta=0 rss_kib=155936 gl_result=-10 evidence=(M)[AC] power=Not charging load1=27.61
SAMPLE round=110 variant=c start_ns=12269380098209 map_ns=3421506 ready_map_ns=4883048 present_ns=5945612 complete_ns=29670745 minor_delta=0 major_delta=0 rss_kib=55516 gl_result=0 evidence=(M)[AC] power=Not charging load1=27.61
SAMPLE round=111 variant=a start_ns=12269429090620 map_ns=30166962 ready_map_ns=164220079 present_ns=164261406 complete_ns=183938733 minor_delta=13186 major_delta=0 rss_kib=55484 gl_result=0 evidence=(M)[AC] power=Not charging load1=27.61
SAMPLE round=111 variant=b start_ns=12269650869345 map_ns=4200944 ready_map_ns=5986020 present_ns=6170459 complete_ns=27147318 minor_delta=0 major_delta=0 rss_kib=155936 gl_result=-10 evidence=(M)[AC] power=Not charging load1=27.61
SAMPLE round=111 variant=c start_ns=12269706946256 map_ns=7986279 ready_map_ns=9411371 present_ns=9581880 complete_ns=37532964 minor_delta=0 major_delta=0 rss_kib=55516 gl_result=0 evidence=(M)[AC] power=Not charging load1=27.61
SAMPLE round=112 variant=a start_ns=12269768800734 map_ns=25244573 ready_map_ns=136130089 present_ns=138758814 complete_ns=159864361 minor_delta=13187 major_delta=0 rss_kib=55472 gl_result=0 evidence=(M)[AC] power=Not charging load1=27.61
SAMPLE round=112 variant=b start_ns=12269975120269 map_ns=2821289 ready_map_ns=3823137 present_ns=3917108 complete_ns=18612550 minor_delta=0 major_delta=0 rss_kib=155936 gl_result=-10 evidence=(M)[AC] power=Not charging load1=27.61
SAMPLE round=112 variant=c start_ns=12270014125723 map_ns=7171148 ready_map_ns=8352863 present_ns=8447397 complete_ns=29357942 minor_delta=0 major_delta=0 rss_kib=55516 gl_result=0 evidence=(M)[AC] power=Not charging load1=27.61
SAMPLE round=113 variant=a start_ns=12270061463931 map_ns=22079453 ready_map_ns=172136848 present_ns=172201990 complete_ns=216627497 minor_delta=13187 major_delta=0 rss_kib=55452 gl_result=0 evidence=(M)[AC] power=Not charging load1=27.61
SAMPLE round=113 variant=b start_ns=12270319097832 map_ns=6021443 ready_map_ns=7008293 present_ns=7117790 complete_ns=25482268 minor_delta=0 major_delta=0 rss_kib=155936 gl_result=-10 evidence=(M)[AC] power=Not charging load1=27.61
SAMPLE round=113 variant=c start_ns=12270366404512 map_ns=7313559 ready_map_ns=10261549 present_ns=10490883 complete_ns=30498599 minor_delta=0 major_delta=0 rss_kib=55516 gl_result=0 evidence=(M)[AC] power=Not charging load1=27.61
SAMPLE round=114 variant=a start_ns=12270434543514 map_ns=40034770 ready_map_ns=170002143 present_ns=170143221 complete_ns=192819019 minor_delta=13185 major_delta=0 rss_kib=55444 gl_result=0 evidence=(M)[AC] power=Not charging load1=27.61
SAMPLE round=114 variant=b start_ns=12270702142689 map_ns=5450352 ready_map_ns=9328994 present_ns=9487055 complete_ns=24665574 minor_delta=0 major_delta=0 rss_kib=155936 gl_result=-10 evidence=(M)[AC] power=Not charging load1=27.61
SAMPLE round=114 variant=c start_ns=12270759067707 map_ns=11079234 ready_map_ns=12070320 present_ns=12142980 complete_ns=34271398 minor_delta=0 major_delta=0 rss_kib=55516 gl_result=0 evidence=(M)[AC] power=Not charging load1=27.61
SAMPLE round=115 variant=a start_ns=12270814564704 map_ns=24130468 ready_map_ns=134517721 present_ns=137531044 complete_ns=162940495 minor_delta=13182 major_delta=0 rss_kib=55452 gl_result=0 evidence=(M)[AC] power=Not charging load1=27.61
SAMPLE round=115 variant=b start_ns=12270998096242 map_ns=2970039 ready_map_ns=4557566 present_ns=4713555 complete_ns=48472003 minor_delta=0 major_delta=0 rss_kib=155936 gl_result=-10 evidence=(M)[AC] power=Not charging load1=27.61
SAMPLE round=115 variant=c start_ns=12271083112415 map_ns=9539710 ready_map_ns=13645137 present_ns=13745530 complete_ns=30289478 minor_delta=0 major_delta=0 rss_kib=55516 gl_result=0 evidence=(M)[AC] power=Not charging load1=27.61
SAMPLE round=116 variant=a start_ns=12271117334760 map_ns=34303684 ready_map_ns=124265770 present_ns=124498694 complete_ns=142446799 minor_delta=13183 major_delta=0 rss_kib=55464 gl_result=0 evidence=(M)[AC] power=Not charging load1=27.61
SAMPLE round=116 variant=b start_ns=12271267527411 map_ns=4167175 ready_map_ns=6452721 present_ns=6481990 complete_ns=25873554 minor_delta=0 major_delta=0 rss_kib=155936 gl_result=-10 evidence=(M)[AC] power=Not charging load1=27.61
SAMPLE round=116 variant=c start_ns=12271311460944 map_ns=4058051 ready_map_ns=5064726 present_ns=5126194 complete_ns=32334118 minor_delta=0 major_delta=0 rss_kib=55516 gl_result=0 evidence=(M)[AC] power=Not charging load1=27.61
SAMPLE round=117 variant=a start_ns=12271363572376 map_ns=25161827 ready_map_ns=240907009 present_ns=241021199 complete_ns=287214856 minor_delta=13185 major_delta=0 rss_kib=55432 gl_result=0 evidence=(M)[AC] power=Not charging load1=27.61
SAMPLE round=117 variant=b start_ns=12271690092560 map_ns=2790607 ready_map_ns=5786038 present_ns=6020517 complete_ns=35864164 minor_delta=0 major_delta=0 rss_kib=155936 gl_result=-10 evidence=(M)[AC] power=Not charging load1=27.61
SAMPLE round=117 variant=c start_ns=12271749157790 map_ns=2824655 ready_map_ns=4571073 present_ns=6930393 complete_ns=29784061 minor_delta=0 major_delta=0 rss_kib=55516 gl_result=0 evidence=(M)[AC] power=Not charging load1=27.61
SAMPLE round=118 variant=a start_ns=12271810134091 map_ns=30734744 ready_map_ns=169557224 present_ns=173049815 complete_ns=199262829 minor_delta=13184 major_delta=0 rss_kib=55480 gl_result=0 evidence=(M)[AC] power=Not charging load1=27.61
SAMPLE round=118 variant=b start_ns=12272030599208 map_ns=4585795 ready_map_ns=6330573 present_ns=6797470 complete_ns=29181117 minor_delta=0 major_delta=0 rss_kib=155936 gl_result=-10 evidence=(M)[AC] power=Not charging load1=27.61
SAMPLE round=118 variant=c start_ns=12272078346311 map_ns=6126654 ready_map_ns=7128625 present_ns=7253798 complete_ns=33608712 minor_delta=0 major_delta=0 rss_kib=55516 gl_result=0 evidence=(M)[AC] power=Not charging load1=27.61
SAMPLE round=119 variant=a start_ns=12272128484945 map_ns=12550697 ready_map_ns=94491486 present_ns=96598022 complete_ns=131431339 minor_delta=13186 major_delta=0 rss_kib=55476 gl_result=0 evidence=(M)[AC] power=Not charging load1=27.61
SAMPLE round=119 variant=b start_ns=12272271873279 map_ns=6359785 ready_map_ns=7367801 present_ns=7479986 complete_ns=54117086 minor_delta=0 major_delta=0 rss_kib=155936 gl_result=-10 evidence=(M)[AC] power=Not charging load1=27.61
SAMPLE round=119 variant=c start_ns=12272344439092 map_ns=4329028 ready_map_ns=5338328 present_ns=7493181 complete_ns=31329229 minor_delta=0 major_delta=0 rss_kib=55516 gl_result=0 evidence=(M)[AC] power=Not charging load1=27.61
SAMPLE round=120 variant=a start_ns=12272397141397 map_ns=15021226 ready_map_ns=100694443 present_ns=101929367 complete_ns=127894721 minor_delta=13186 major_delta=0 rss_kib=55480 gl_result=0 evidence=(M)[AC] power=Not charging load1=27.61
SAMPLE round=120 variant=b start_ns=12272534122558 map_ns=5929823 ready_map_ns=9347791 present_ns=9845639 complete_ns=42068941 minor_delta=0 major_delta=0 rss_kib=155936 gl_result=-10 evidence=(M)[AC] power=Not charging load1=27.61
SAMPLE round=120 variant=c start_ns=12272595288955 map_ns=5861795 ready_map_ns=6808769 present_ns=6927966 complete_ns=32949761 minor_delta=0 major_delta=0 rss_kib=55516 gl_result=0 evidence=(M)[AC] power=Not charging load1=27.61
SAMPLE round=121 variant=a start_ns=12272645831564 map_ns=22820369 ready_map_ns=175598779 present_ns=176238298 complete_ns=197019456 minor_delta=13186 major_delta=0 rss_kib=55444 gl_result=0 evidence=(M)[AC] power=Not charging load1=27.00
SAMPLE round=121 variant=b start_ns=12272880211688 map_ns=7742013 ready_map_ns=8770560 present_ns=8869384 complete_ns=35334086 minor_delta=0 major_delta=0 rss_kib=155936 gl_result=-10 evidence=(M)[AC] power=Not charging load1=27.00
SAMPLE round=121 variant=c start_ns=12272999173732 map_ns=21650733 ready_map_ns=26777321 present_ns=26865266 complete_ns=45917477 minor_delta=0 major_delta=0 rss_kib=55516 gl_result=0 evidence=(M)[AC] power=Not charging load1=27.00
SAMPLE round=122 variant=a start_ns=12273050125767 map_ns=17488806 ready_map_ns=131358124 present_ns=131626884 complete_ns=161625865 minor_delta=13188 major_delta=0 rss_kib=55536 gl_result=0 evidence=(M)[AC] power=Not charging load1=27.00
SAMPLE round=122 variant=b start_ns=12273268498603 map_ns=4330015 ready_map_ns=5330451 present_ns=5366844 complete_ns=25001482 minor_delta=0 major_delta=0 rss_kib=155936 gl_result=-10 evidence=(M)[AC] power=Not charging load1=27.00
SAMPLE round=122 variant=c start_ns=12273313097268 map_ns=7279951 ready_map_ns=9822861 present_ns=9883933 complete_ns=31018549 minor_delta=0 major_delta=0 rss_kib=55516 gl_result=0 evidence=(M)[AC] power=Not charging load1=27.00
SAMPLE round=123 variant=a start_ns=12273368333270 map_ns=95325104 ready_map_ns=293075314 present_ns=293818256 complete_ns=325686450 minor_delta=13186 major_delta=0 rss_kib=55468 gl_result=0 evidence=(M)[AC] power=Not charging load1=27.00
SAMPLE round=123 variant=b start_ns=12273727636079 map_ns=6848793 ready_map_ns=9673697 present_ns=9859551 complete_ns=33391745 minor_delta=0 major_delta=0 rss_kib=155936 gl_result=-10 evidence=(M)[AC] power=Not charging load1=27.00
SAMPLE round=123 variant=c start_ns=12273777897603 map_ns=4462140 ready_map_ns=6291837 present_ns=6404427 complete_ns=32673448 minor_delta=0 major_delta=0 rss_kib=55516 gl_result=0 evidence=(M)[AC] power=Not charging load1=27.00
SAMPLE round=124 variant=a start_ns=12273832079092 map_ns=25804061 ready_map_ns=231019923 present_ns=231117652 complete_ns=261526598 minor_delta=13185 major_delta=0 rss_kib=55456 gl_result=0 evidence=(M)[AC] power=Not charging load1=27.00
SAMPLE round=124 variant=b start_ns=12274179890721 map_ns=7017341 ready_map_ns=11765431 present_ns=11842006 complete_ns=29013138 minor_delta=0 major_delta=0 rss_kib=155936 gl_result=-10 evidence=(M)[AC] power=Not charging load1=27.00
SAMPLE round=124 variant=c start_ns=12274237095422 map_ns=2853539 ready_map_ns=9944058 present_ns=10701607 complete_ns=22793537 minor_delta=1 major_delta=0 rss_kib=55520 gl_result=0 evidence=(M)[AC] power=Not charging load1=27.00
SAMPLE round=125 variant=a start_ns=12274280841091 map_ns=17954234 ready_map_ns=121431746 present_ns=123900363 complete_ns=148404186 minor_delta=13184 major_delta=0 rss_kib=55472 gl_result=0 evidence=(M)[AC] power=Not charging load1=27.00
SAMPLE round=125 variant=b start_ns=12274440564093 map_ns=10021975 ready_map_ns=11032881 present_ns=11110204 complete_ns=43545295 minor_delta=0 major_delta=0 rss_kib=155936 gl_result=-10 evidence=(M)[AC] power=Not charging load1=27.00
SAMPLE round=125 variant=c start_ns=12274512689173 map_ns=3539893 ready_map_ns=4567389 present_ns=4665157 complete_ns=31258342 minor_delta=0 major_delta=0 rss_kib=55520 gl_result=0 evidence=(M)[AC] power=Not charging load1=27.00
SAMPLE round=126 variant=a start_ns=12274561873534 map_ns=24980604 ready_map_ns=161876574 present_ns=161901089 complete_ns=199722975 minor_delta=13186 major_delta=0 rss_kib=55428 gl_result=0 evidence=(M)[AC] power=Not charging load1=27.00
SAMPLE round=126 variant=b start_ns=12274782137507 map_ns=9956219 ready_map_ns=11022805 present_ns=11129397 complete_ns=42562756 minor_delta=1 major_delta=0 rss_kib=155940 gl_result=-10 evidence=(M)[AC] power=Not charging load1=27.00
SAMPLE round=126 variant=c start_ns=12274845452774 map_ns=3961718 ready_map_ns=4850556 present_ns=4930403 complete_ns=34618021 minor_delta=0 major_delta=0 rss_kib=55520 gl_result=0 evidence=(M)[AC] power=Not charging load1=27.00
SAMPLE round=127 variant=a start_ns=12274896773132 map_ns=33508394 ready_map_ns=207267128 present_ns=209024456 complete_ns=229101074 minor_delta=13184 major_delta=0 rss_kib=55468 gl_result=0 evidence=(M)[AC] power=Not charging load1=27.00
SAMPLE round=127 variant=b start_ns=12275138083339 map_ns=2630394 ready_map_ns=3765093 present_ns=3855132 complete_ns=39268550 minor_delta=0 major_delta=0 rss_kib=155940 gl_result=-10 evidence=(M)[AC] power=Not charging load1=27.00
SAMPLE round=127 variant=c start_ns=12275213135971 map_ns=6063958 ready_map_ns=6832861 present_ns=7931399 complete_ns=30904808 minor_delta=0 major_delta=0 rss_kib=55520 gl_result=0 evidence=(M)[AC] power=Not charging load1=27.00
SAMPLE round=128 variant=a start_ns=12275266135478 map_ns=34147318 ready_map_ns=289085112 present_ns=297074265 complete_ns=327398077 minor_delta=13183 major_delta=0 rss_kib=55444 gl_result=0 evidence=(M)[AC] power=Not charging load1=27.00
SAMPLE round=128 variant=b start_ns=12275618110064 map_ns=5835110 ready_map_ns=6899029 present_ns=7738825 complete_ns=45454273 minor_delta=0 major_delta=0 rss_kib=155940 gl_result=-10 evidence=(M)[AC] power=Not charging load1=27.00
SAMPLE round=128 variant=c start_ns=12275694788834 map_ns=9030997 ready_map_ns=10785002 present_ns=10950152 complete_ns=31720070 minor_delta=0 major_delta=0 rss_kib=55520 gl_result=0 evidence=(M)[AC] power=Not charging load1=27.00
SAMPLE round=129 variant=a start_ns=12275748074394 map_ns=53167177 ready_map_ns=225162013 present_ns=225249400 complete_ns=261744749 minor_delta=13185 major_delta=0 rss_kib=55456 gl_result=0 evidence=(M)[AC] power=Not charging load1=27.00
SAMPLE round=129 variant=b start_ns=12276061295361 map_ns=7744674 ready_map_ns=9424369 present_ns=9495311 complete_ns=33543819 minor_delta=0 major_delta=0 rss_kib=155940 gl_result=-10 evidence=(M)[AC] power=Not charging load1=27.00
SAMPLE round=129 variant=c start_ns=12276126705002 map_ns=5272071 ready_map_ns=6361339 present_ns=6447679 complete_ns=35150714 minor_delta=0 major_delta=0 rss_kib=55520 gl_result=0 evidence=(M)[AC] power=Not charging load1=27.00
SAMPLE round=130 variant=a start_ns=12276196094709 map_ns=41171880 ready_map_ns=131048231 present_ns=131574631 complete_ns=164102186 minor_delta=13186 major_delta=0 rss_kib=55476 gl_result=0 evidence=(M)[AC] power=Not charging load1=27.00
SAMPLE round=130 variant=b start_ns=12276387113580 map_ns=8669066 ready_map_ns=10127789 present_ns=10331572 complete_ns=41689629 minor_delta=0 major_delta=0 rss_kib=155940 gl_result=-10 evidence=(M)[AC] power=Not charging load1=27.00
SAMPLE round=130 variant=c start_ns=12276475114824 map_ns=5271774 ready_map_ns=6360685 present_ns=6395298 complete_ns=34647182 minor_delta=0 major_delta=0 rss_kib=55520 gl_result=0 evidence=(M)[AC] power=Not charging load1=27.00
SAMPLE round=131 variant=a start_ns=12276529174049 map_ns=63408805 ready_map_ns=229525669 present_ns=229607135 complete_ns=265016327 minor_delta=13183 major_delta=0 rss_kib=55448 gl_result=0 evidence=(M)[AC] power=Not charging load1=27.00
SAMPLE round=131 variant=b start_ns=12276834114436 map_ns=7300598 ready_map_ns=8732260 present_ns=8859596 complete_ns=29134203 minor_delta=0 major_delta=0 rss_kib=155940 gl_result=-10 evidence=(M)[AC] power=Not charging load1=27.00
SAMPLE round=131 variant=c start_ns=12276880114481 map_ns=5687805 ready_map_ns=6828500 present_ns=6857548 complete_ns=29831620 minor_delta=0 major_delta=0 rss_kib=55520 gl_result=0 evidence=(M)[AC] power=Not charging load1=27.00
SAMPLE round=132 variant=a start_ns=12276930067893 map_ns=49207797 ready_map_ns=179513379 present_ns=184974404 complete_ns=215944732 minor_delta=13183 major_delta=0 rss_kib=55456 gl_result=0 evidence=(M)[AC] power=Not charging load1=27.00
SAMPLE round=132 variant=b start_ns=12277167199902 map_ns=14862577 ready_map_ns=16385691 present_ns=16491646 complete_ns=58844899 minor_delta=1 major_delta=0 rss_kib=155944 gl_result=-10 evidence=(M)[AC] power=Not charging load1=27.00
SAMPLE round=132 variant=c start_ns=12277255102720 map_ns=4010994 ready_map_ns=6269242 present_ns=8555351 complete_ns=40516767 minor_delta=0 major_delta=0 rss_kib=55520 gl_result=0 evidence=(M)[AC] power=Not charging load1=27.00
SAMPLE round=133 variant=a start_ns=12277329142768 map_ns=41043687 ready_map_ns=163454767 present_ns=163596718 complete_ns=197360223 minor_delta=13184 major_delta=0 rss_kib=55452 gl_result=0 evidence=(M)[AC] power=Not charging load1=27.00
SAMPLE round=133 variant=b start_ns=12277600100306 map_ns=7012850 ready_map_ns=9582023 present_ns=9681908 complete_ns=26583477 minor_delta=0 major_delta=0 rss_kib=155944 gl_result=-10 evidence=(M)[AC] power=Not charging load1=27.00
SAMPLE round=133 variant=c start_ns=12277648085332 map_ns=3219521 ready_map_ns=4942290 present_ns=5008951 complete_ns=30897294 minor_delta=0 major_delta=0 rss_kib=55520 gl_result=0 evidence=(M)[AC] power=Not charging load1=26.92
SAMPLE round=134 variant=a start_ns=12277701102744 map_ns=34253492 ready_map_ns=259571742 present_ns=259721999 complete_ns=292646613 minor_delta=13185 major_delta=0 rss_kib=55464 gl_result=0 evidence=(M)[AC] power=Not charging load1=26.92
SAMPLE round=134 variant=b start_ns=12278048127118 map_ns=11221871 ready_map_ns=12696575 present_ns=12899476 complete_ns=47103712 minor_delta=0 major_delta=0 rss_kib=155944 gl_result=-10 evidence=(M)[AC] power=Not charging load1=26.92
SAMPLE round=134 variant=c start_ns=12278151554237 map_ns=67647039 ready_map_ns=69109412 present_ns=70952986 complete_ns=95619801 minor_delta=1 major_delta=0 rss_kib=55524 gl_result=0 evidence=(M)[AC] power=Not charging load1=26.92
SAMPLE round=135 variant=a start_ns=12278282561502 map_ns=50315276 ready_map_ns=338504389 present_ns=343938042 complete_ns=396614968 minor_delta=13186 major_delta=0 rss_kib=55512 gl_result=0 evidence=(M)[AC] power=Not charging load1=26.92
SAMPLE round=135 variant=b start_ns=12278770126033 map_ns=9427631 ready_map_ns=10654524 present_ns=10721911 complete_ns=22762729 minor_delta=0 major_delta=0 rss_kib=155944 gl_result=-10 evidence=(M)[AC] power=Not charging load1=26.92
SAMPLE round=135 variant=c start_ns=12278796047197 map_ns=7084536 ready_map_ns=22191144 present_ns=25999679 complete_ns=57808773 minor_delta=0 major_delta=0 rss_kib=55524 gl_result=0 evidence=(M)[AC] power=Not charging load1=26.92
SAMPLE round=136 variant=a start_ns=12278909099048 map_ns=24394800 ready_map_ns=191761612 present_ns=194614329 complete_ns=234144666 minor_delta=13185 major_delta=0 rss_kib=55456 gl_result=0 evidence=(M)[AC] power=Not charging load1=26.92
SAMPLE round=136 variant=b start_ns=12279185724488 map_ns=4264594 ready_map_ns=13845760 present_ns=13954096 complete_ns=27199600 minor_delta=0 major_delta=0 rss_kib=155944 gl_result=-10 evidence=(M)[AC] power=Not charging load1=26.92
SAMPLE round=136 variant=c start_ns=12279217091286 map_ns=6508734 ready_map_ns=7971236 present_ns=8087895 complete_ns=44527678 minor_delta=0 major_delta=0 rss_kib=55524 gl_result=0 evidence=(M)[AC] power=Not charging load1=26.92
SAMPLE round=137 variant=a start_ns=12279282089364 map_ns=35401317 ready_map_ns=205853905 present_ns=211267120 complete_ns=228391508 minor_delta=13184 major_delta=0 rss_kib=55476 gl_result=0 evidence=(M)[AC] power=Not charging load1=26.92
SAMPLE round=137 variant=b start_ns=12279557203605 map_ns=8031847 ready_map_ns=9164573 present_ns=9300072 complete_ns=36975244 minor_delta=0 major_delta=0 rss_kib=155944 gl_result=-10 evidence=(M)[AC] power=Not charging load1=26.92
SAMPLE round=137 variant=c start_ns=12279616797049 map_ns=10331544 ready_map_ns=12021620 present_ns=12086249 complete_ns=45032060 minor_delta=0 major_delta=0 rss_kib=55524 gl_result=0 evidence=(M)[AC] power=Not charging load1=26.92
SAMPLE round=138 variant=a start_ns=12279700251865 map_ns=53306347 ready_map_ns=364639283 present_ns=368029113 complete_ns=430374580 minor_delta=13186 major_delta=0 rss_kib=55456 gl_result=0 evidence=(M)[AC] power=Not charging load1=26.92
SAMPLE round=138 variant=b start_ns=12280227084899 map_ns=5398631 ready_map_ns=6306027 present_ns=6348480 complete_ns=34819334 minor_delta=0 major_delta=0 rss_kib=155944 gl_result=-10 evidence=(M)[AC] power=Not charging load1=26.92
SAMPLE round=138 variant=c start_ns=12280302301991 map_ns=2652906 ready_map_ns=6005176 present_ns=6482919 complete_ns=48505258 minor_delta=0 major_delta=0 rss_kib=55524 gl_result=0 evidence=(M)[AC] power=Not charging load1=26.92
SAMPLE round=139 variant=a start_ns=12280384119650 map_ns=38917426 ready_map_ns=197528047 present_ns=197673484 complete_ns=265120273 minor_delta=13186 major_delta=0 rss_kib=55448 gl_result=0 evidence=(M)[AC] power=Not charging load1=26.92
SAMPLE round=139 variant=b start_ns=12280680111551 map_ns=13021694 ready_map_ns=14575025 present_ns=14704533 complete_ns=64577048 minor_delta=0 major_delta=0 rss_kib=155944 gl_result=-10 evidence=(M)[AC] power=Not charging load1=26.92
SAMPLE round=139 variant=c start_ns=12280764096077 map_ns=5215533 ready_map_ns=6239667 present_ns=6959087 complete_ns=47938329 minor_delta=0 major_delta=0 rss_kib=55524 gl_result=0 evidence=(M)[AC] power=Not charging load1=26.92
SAMPLE round=140 variant=a start_ns=12280845143878 map_ns=27226857 ready_map_ns=319124111 present_ns=325894081 complete_ns=353514953 minor_delta=13185 major_delta=0 rss_kib=55456 gl_result=0 evidence=(M)[AC] power=Not charging load1=26.92
SAMPLE round=140 variant=b start_ns=12281274255581 map_ns=3099510 ready_map_ns=4132410 present_ns=7843706 complete_ns=37496171 minor_delta=0 major_delta=0 rss_kib=155944 gl_result=-10 evidence=(M)[AC] power=Not charging load1=26.92
SAMPLE round=140 variant=c start_ns=12281346314563 map_ns=2852010 ready_map_ns=3886128 present_ns=3978738 complete_ns=29141565 minor_delta=0 major_delta=0 rss_kib=55524 gl_result=0 evidence=(M)[AC] power=Not charging load1=26.92
SAMPLE round=141 variant=a start_ns=12281403568056 map_ns=26367910 ready_map_ns=176622925 present_ns=182493939 complete_ns=204951639 minor_delta=13185 major_delta=0 rss_kib=55456 gl_result=0 evidence=(M)[AC] power=Not charging load1=26.92
SAMPLE round=141 variant=b start_ns=12281620247376 map_ns=5200104 ready_map_ns=6167063 present_ns=6247067 complete_ns=40720530 minor_delta=0 major_delta=0 rss_kib=155944 gl_result=-10 evidence=(M)[AC] power=Not charging load1=26.92
SAMPLE round=141 variant=c start_ns=12281696126707 map_ns=8465928 ready_map_ns=9467727 present_ns=9549093 complete_ns=35903784 minor_delta=0 major_delta=0 rss_kib=55524 gl_result=0 evidence=(M)[AC] power=Not charging load1=26.92
SAMPLE round=142 variant=a start_ns=12281765145854 map_ns=44443947 ready_map_ns=183333149 present_ns=185953441 complete_ns=228065570 minor_delta=13184 major_delta=0 rss_kib=55468 gl_result=0 evidence=(M)[AC] power=Not charging load1=26.92
SAMPLE round=142 variant=b start_ns=12282030080784 map_ns=12591998 ready_map_ns=13751474 present_ns=15518274 complete_ns=30223819 minor_delta=0 major_delta=0 rss_kib=155944 gl_result=-10 evidence=(M)[AC] power=Not charging load1=26.92
SAMPLE round=142 variant=c start_ns=12282084612060 map_ns=6318894 ready_map_ns=7356385 present_ns=7436280 complete_ns=29528395 minor_delta=0 major_delta=0 rss_kib=55524 gl_result=0 evidence=(M)[AC] power=Not charging load1=26.92
SAMPLE round=143 variant=a start_ns=12282134067765 map_ns=32078308 ready_map_ns=195952334 present_ns=197568348 complete_ns=225816175 minor_delta=13186 major_delta=0 rss_kib=55504 gl_result=0 evidence=(M)[AC] power=Not charging load1=26.92
SAMPLE round=143 variant=b start_ns=12282409949576 map_ns=2877643 ready_map_ns=10294355 present_ns=10388953 complete_ns=32719990 minor_delta=0 major_delta=0 rss_kib=155944 gl_result=-10 evidence=(M)[AC] power=Not charging load1=26.92
SAMPLE round=143 variant=c start_ns=12282463145076 map_ns=7650248 ready_map_ns=8835731 present_ns=8882091 complete_ns=32542896 minor_delta=0 major_delta=0 rss_kib=55524 gl_result=0 evidence=(M)[AC] power=Not charging load1=26.92
SAMPLE round=144 variant=a start_ns=12282513148038 map_ns=29371670 ready_map_ns=127861386 present_ns=132403360 complete_ns=152109374 minor_delta=13183 major_delta=0 rss_kib=55472 gl_result=0 evidence=(M)[AC] power=Not charging load1=26.92
SAMPLE round=144 variant=b start_ns=12282679157197 map_ns=8926424 ready_map_ns=10057929 present_ns=10730125 complete_ns=48356132 minor_delta=0 major_delta=0 rss_kib=155944 gl_result=-10 evidence=(M)[AC] power=Not charging load1=26.45
SAMPLE round=144 variant=c start_ns=12282746098841 map_ns=2827757 ready_map_ns=3848475 present_ns=3926557 complete_ns=33998321 minor_delta=0 major_delta=0 rss_kib=55524 gl_result=0 evidence=(M)[AC] power=Not charging load1=26.45
SAMPLE round=145 variant=a start_ns=12282818087968 map_ns=36724841 ready_map_ns=170032840 present_ns=173436962 complete_ns=226226661 minor_delta=13186 major_delta=0 rss_kib=55520 gl_result=0 evidence=(M)[AC] power=Not charging load1=26.45
SAMPLE round=145 variant=b start_ns=12283102691014 map_ns=20517475 ready_map_ns=23329512 present_ns=23899082 complete_ns=58353718 minor_delta=0 major_delta=0 rss_kib=155944 gl_result=-10 evidence=(M)[AC] power=Not charging load1=26.45
SAMPLE round=145 variant=c start_ns=12283198722855 map_ns=8212005 ready_map_ns=9700721 present_ns=9836062 complete_ns=27640538 minor_delta=0 major_delta=0 rss_kib=55524 gl_result=0 evidence=(M)[AC] power=Not charging load1=26.45
SAMPLE round=146 variant=a start_ns=12283251150795 map_ns=28145864 ready_map_ns=343397385 present_ns=347195003 complete_ns=395943074 minor_delta=13186 major_delta=0 rss_kib=55464 gl_result=0 evidence=(M)[AC] power=Not charging load1=26.45
SAMPLE round=146 variant=b start_ns=12283701524177 map_ns=4803582 ready_map_ns=11727212 present_ns=11786723 complete_ns=40620911 minor_delta=0 major_delta=0 rss_kib=155944 gl_result=-10 evidence=(M)[AC] power=Not charging load1=26.45
SAMPLE round=146 variant=c start_ns=12283766096215 map_ns=5615682 ready_map_ns=6519022 present_ns=6619827 complete_ns=27955494 minor_delta=0 major_delta=0 rss_kib=55524 gl_result=0 evidence=(M)[AC] power=Not charging load1=26.45
SAMPLE round=147 variant=a start_ns=12283813178532 map_ns=31560019 ready_map_ns=133544293 present_ns=135351739 complete_ns=164578470 minor_delta=13185 major_delta=0 rss_kib=55488 gl_result=0 evidence=(M)[AC] power=Not charging load1=26.45
SAMPLE round=147 variant=b start_ns=12284029094948 map_ns=2866813 ready_map_ns=4256825 present_ns=4330347 complete_ns=32663616 minor_delta=0 major_delta=0 rss_kib=155944 gl_result=-10 evidence=(M)[AC] power=Not charging load1=26.45
SAMPLE round=147 variant=c start_ns=12284088093196 map_ns=3997176 ready_map_ns=8322977 present_ns=14072328 complete_ns=114306509 minor_delta=0 major_delta=0 rss_kib=55524 gl_result=0 evidence=(M)[AC] power=Not charging load1=26.45
SAMPLE round=148 variant=a start_ns=12284232818912 map_ns=13816716 ready_map_ns=221006161 present_ns=224473349 complete_ns=248938156 minor_delta=13187 major_delta=0 rss_kib=55524 gl_result=0 evidence=(M)[AC] power=Not charging load1=26.45
SAMPLE round=148 variant=b start_ns=12284496098761 map_ns=3193014 ready_map_ns=4078357 present_ns=4206642 complete_ns=47452829 minor_delta=0 major_delta=0 rss_kib=155944 gl_result=-10 evidence=(M)[AC] power=Not charging load1=26.45
SAMPLE round=148 variant=c start_ns=12284582079461 map_ns=5070889 ready_map_ns=6100110 present_ns=6186241 complete_ns=28314358 minor_delta=0 major_delta=0 rss_kib=55524 gl_result=0 evidence=(M)[AC] power=Not charging load1=26.45
SAMPLE round=149 variant=a start_ns=12284631152031 map_ns=35115938 ready_map_ns=311261200 present_ns=317883231 complete_ns=345510079 minor_delta=13183 major_delta=0 rss_kib=55464 gl_result=0 evidence=(M)[AC] power=Not charging load1=26.45
SAMPLE round=149 variant=b start_ns=12285038864827 map_ns=2850037 ready_map_ns=6156223 present_ns=6254375 complete_ns=21273964 minor_delta=0 major_delta=0 rss_kib=155944 gl_result=-10 evidence=(M)[AC] power=Not charging load1=26.45
SAMPLE round=149 variant=c start_ns=12285095119298 map_ns=6581160 ready_map_ns=7971078 present_ns=8078992 complete_ns=31193519 minor_delta=0 major_delta=0 rss_kib=55524 gl_result=0 evidence=(M)[AC] power=Not charging load1=26.45
SAMPLE round=150 variant=a start_ns=12285144115168 map_ns=32870901 ready_map_ns=218438608 present_ns=224920967 complete_ns=266182542 minor_delta=13184 major_delta=0 rss_kib=55472 gl_result=0 evidence=(M)[AC] power=Not charging load1=26.45
SAMPLE round=150 variant=b start_ns=12285433517336 map_ns=15517834 ready_map_ns=16786042 present_ns=16888259 complete_ns=67321556 minor_delta=0 major_delta=0 rss_kib=155944 gl_result=-10 evidence=(M)[AC] power=Not charging load1=26.45
SAMPLE round=150 variant=c start_ns=12285529441886 map_ns=10690138 ready_map_ns=11948777 present_ns=12153923 complete_ns=34314244 minor_delta=0 major_delta=0 rss_kib=55524 gl_result=0 evidence=(M)[AC] power=Not charging load1=26.45
SAMPLE round=151 variant=a start_ns=12285595115147 map_ns=39913134 ready_map_ns=294928135 present_ns=298948321 complete_ns=332670188 minor_delta=13186 major_delta=0 rss_kib=55460 gl_result=0 evidence=(M)[AC] power=Not charging load1=26.45
SAMPLE round=151 variant=b start_ns=12285972078685 map_ns=6028513 ready_map_ns=7552435 present_ns=7716137 complete_ns=20776579 minor_delta=0 major_delta=0 rss_kib=155944 gl_result=-10 evidence=(M)[AC] power=Not charging load1=26.45
SAMPLE round=151 variant=c start_ns=12286017085367 map_ns=2455742 ready_map_ns=3791071 present_ns=3914064 complete_ns=26203241 minor_delta=0 major_delta=0 rss_kib=55524 gl_result=0 evidence=(M)[AC] power=Not charging load1=26.45
SAMPLE round=152 variant=a start_ns=12286077093382 map_ns=40939049 ready_map_ns=251835213 present_ns=255010520 complete_ns=282967488 minor_delta=13185 major_delta=0 rss_kib=55472 gl_result=0 evidence=(M)[AC] power=Not charging load1=26.45
SAMPLE round=152 variant=b start_ns=12286376187663 map_ns=6855669 ready_map_ns=11097182 present_ns=11229382 complete_ns=83829625 minor_delta=0 major_delta=0 rss_kib=155944 gl_result=-10 evidence=(M)[AC] power=Not charging load1=26.45
SAMPLE round=152 variant=c start_ns=12286486093565 map_ns=2606050 ready_map_ns=3948879 present_ns=7983701 complete_ns=24352901 minor_delta=0 major_delta=0 rss_kib=55524 gl_result=0 evidence=(M)[AC] power=Not charging load1=26.45
SAMPLE round=153 variant=a start_ns=12286529112415 map_ns=50712261 ready_map_ns=181234878 present_ns=183305364 complete_ns=232047054 minor_delta=13185 major_delta=0 rss_kib=55484 gl_result=0 evidence=(M)[AC] power=Not charging load1=26.45
SAMPLE round=153 variant=b start_ns=12286817082028 map_ns=6007484 ready_map_ns=6962146 present_ns=7424937 complete_ns=25544747 minor_delta=0 major_delta=0 rss_kib=155944 gl_result=-10 evidence=(M)[AC] power=Not charging load1=26.45
SAMPLE round=153 variant=c start_ns=12286864469778 map_ns=6676957 ready_map_ns=11728899 present_ns=11798669 complete_ns=37622126 minor_delta=0 major_delta=0 rss_kib=55524 gl_result=0 evidence=(M)[AC] power=Not charging load1=26.45
SAMPLE round=154 variant=a start_ns=12286928274734 map_ns=37887949 ready_map_ns=156688575 present_ns=156772071 complete_ns=183182684 minor_delta=13188 major_delta=0 rss_kib=55480 gl_result=0 evidence=(M)[AC] power=Not charging load1=26.45
SAMPLE round=154 variant=b start_ns=12287159094766 map_ns=5065004 ready_map_ns=6371678 present_ns=8880776 complete_ns=35653776 minor_delta=0 major_delta=0 rss_kib=155944 gl_result=-10 evidence=(M)[AC] power=Not charging load1=26.45
SAMPLE round=154 variant=c start_ns=12287216099783 map_ns=8030232 ready_map_ns=10293442 present_ns=10421468 complete_ns=33990811 minor_delta=0 major_delta=0 rss_kib=55524 gl_result=0 evidence=(M)[AC] power=Not charging load1=26.45
SAMPLE round=155 variant=a start_ns=12287285110381 map_ns=44597196 ready_map_ns=153466329 present_ns=155300200 complete_ns=178107603 minor_delta=13186 major_delta=0 rss_kib=55500 gl_result=0 evidence=(M)[AC] power=Not charging load1=26.45
SAMPLE round=155 variant=b start_ns=12287472773327 map_ns=4455440 ready_map_ns=7347830 present_ns=8329281 complete_ns=35920592 minor_delta=0 major_delta=0 rss_kib=155944 gl_result=-10 evidence=(M)[AC] power=Not charging load1=26.45
SAMPLE round=155 variant=c start_ns=12287530918546 map_ns=6525789 ready_map_ns=7851454 present_ns=7994499 complete_ns=30248233 minor_delta=0 major_delta=0 rss_kib=55524 gl_result=0 evidence=(M)[AC] power=Not charging load1=26.45
SAMPLE round=156 variant=a start_ns=12287579021836 map_ns=29567232 ready_map_ns=313392031 present_ns=313484058 complete_ns=346168917 minor_delta=13186 major_delta=0 rss_kib=55448 gl_result=0 evidence=(M)[AC] power=Not charging load1=26.45
SAMPLE round=156 variant=b start_ns=12287936159694 map_ns=6939391 ready_map_ns=7799073 present_ns=9920573 complete_ns=42123508 minor_delta=0 major_delta=0 rss_kib=155944 gl_result=-10 evidence=(M)[AC] power=Not charging load1=26.97
SAMPLE round=156 variant=c start_ns=12287997312045 map_ns=10945261 ready_map_ns=12329195 present_ns=13737678 complete_ns=28727703 minor_delta=0 major_delta=0 rss_kib=55524 gl_result=0 evidence=(M)[AC] power=Not charging load1=26.97
SAMPLE round=157 variant=a start_ns=12288065857260 map_ns=40288185 ready_map_ns=128608285 present_ns=131243811 complete_ns=159971171 minor_delta=13183 major_delta=0 rss_kib=55440 gl_result=0 evidence=(M)[AC] power=Not charging load1=26.97
SAMPLE round=157 variant=b start_ns=12288251121113 map_ns=8034561 ready_map_ns=9251518 present_ns=9381194 complete_ns=45486955 minor_delta=0 major_delta=0 rss_kib=155944 gl_result=-10 evidence=(M)[AC] power=Not charging load1=26.97
SAMPLE round=157 variant=c start_ns=12288328191283 map_ns=11145773 ready_map_ns=12563839 present_ns=12702528 complete_ns=31589709 minor_delta=0 major_delta=0 rss_kib=55524 gl_result=0 evidence=(M)[AC] power=Not charging load1=26.97
SAMPLE round=158 variant=a start_ns=12288382394565 map_ns=20521395 ready_map_ns=129927429 present_ns=133680405 complete_ns=161998825 minor_delta=13186 major_delta=0 rss_kib=55520 gl_result=0 evidence=(M)[AC] power=Not charging load1=26.97
SAMPLE round=158 variant=b start_ns=12288586089301 map_ns=4037957 ready_map_ns=12261637 present_ns=12368515 complete_ns=39869330 minor_delta=0 major_delta=0 rss_kib=155944 gl_result=-10 evidence=(M)[AC] power=Not charging load1=26.97
SAMPLE round=158 variant=c start_ns=12288646115776 map_ns=2771664 ready_map_ns=4110556 present_ns=4248580 complete_ns=30283652 minor_delta=0 major_delta=0 rss_kib=55524 gl_result=0 evidence=(M)[AC] power=Not charging load1=26.97
SAMPLE round=159 variant=a start_ns=12288702122163 map_ns=36172718 ready_map_ns=254849166 present_ns=256603059 complete_ns=291652316 minor_delta=13186 major_delta=0 rss_kib=55424 gl_result=0 evidence=(M)[AC] power=Not charging load1=26.97
SAMPLE round=159 variant=b start_ns=12289044093779 map_ns=3094624 ready_map_ns=4399433 present_ns=4522465 complete_ns=31350077 minor_delta=0 major_delta=0 rss_kib=155944 gl_result=-10 evidence=(M)[AC] power=Not charging load1=26.97
SAMPLE round=159 variant=c start_ns=12289098082212 map_ns=2725563 ready_map_ns=5539631 present_ns=5666228 complete_ns=29774439 minor_delta=0 major_delta=0 rss_kib=55524 gl_result=0 evidence=(M)[AC] power=Not charging load1=26.97
SAMPLE round=160 variant=a start_ns=12289147931443 map_ns=59793000 ready_map_ns=219277004 present_ns=222149938 complete_ns=244750369 minor_delta=13185 major_delta=0 rss_kib=55444 gl_result=0 evidence=(M)[AC] power=Not charging load1=26.97
SAMPLE round=160 variant=b start_ns=12289411205340 map_ns=7891644 ready_map_ns=8891768 present_ns=8963916 complete_ns=48025252 minor_delta=0 major_delta=0 rss_kib=155944 gl_result=-10 evidence=(M)[AC] power=Not charging load1=26.97
SAMPLE round=160 variant=c start_ns=12289479083727 map_ns=5007000 ready_map_ns=6062672 present_ns=6144725 complete_ns=29848372 minor_delta=0 major_delta=0 rss_kib=55524 gl_result=0 evidence=(M)[AC] power=Not charging load1=26.97
SAMPLE round=161 variant=a start_ns=12289529131138 map_ns=33544397 ready_map_ns=267796487 present_ns=269957953 complete_ns=298080258 minor_delta=13187 major_delta=0 rss_kib=55488 gl_result=0 evidence=(M)[AC] power=Not charging load1=26.97
SAMPLE round=161 variant=b start_ns=12289892094559 map_ns=6009791 ready_map_ns=7164287 present_ns=7228322 complete_ns=34472649 minor_delta=0 major_delta=0 rss_kib=155944 gl_result=-10 evidence=(M)[AC] power=Not charging load1=26.97
SAMPLE round=161 variant=c start_ns=12289950099501 map_ns=7014384 ready_map_ns=8063842 present_ns=8144156 complete_ns=27088414 minor_delta=1 major_delta=0 rss_kib=55528 gl_result=0 evidence=(M)[AC] power=Not charging load1=26.97
SAMPLE round=162 variant=a start_ns=12289997226977 map_ns=43514107 ready_map_ns=279123630 present_ns=281885979 complete_ns=328382010 minor_delta=13186 major_delta=0 rss_kib=55472 gl_result=0 evidence=(M)[AC] power=Not charging load1=26.97
SAMPLE round=162 variant=b start_ns=12290343134450 map_ns=8984420 ready_map_ns=10520330 present_ns=10666807 complete_ns=34695338 minor_delta=0 major_delta=0 rss_kib=155944 gl_result=-10 evidence=(M)[AC] power=Not charging load1=26.97
SAMPLE round=162 variant=c start_ns=12290395526095 map_ns=8337906 ready_map_ns=9296539 present_ns=9381344 complete_ns=30550820 minor_delta=0 major_delta=0 rss_kib=55528 gl_result=0 evidence=(M)[AC] power=Not charging load1=26.97
SAMPLE round=163 variant=a start_ns=12290462129784 map_ns=34152034 ready_map_ns=240409405 present_ns=242145669 complete_ns=281827269 minor_delta=13183 major_delta=0 rss_kib=55448 gl_result=0 evidence=(M)[AC] power=Not charging load1=26.97
SAMPLE round=163 variant=b start_ns=12290810127105 map_ns=6999568 ready_map_ns=7751115 present_ns=9037547 complete_ns=34399730 minor_delta=1 major_delta=0 rss_kib=155948 gl_result=-10 evidence=(M)[AC] power=Not charging load1=26.97
SAMPLE round=163 variant=c start_ns=12290867168878 map_ns=8022911 ready_map_ns=9456447 present_ns=9576047 complete_ns=42913561 minor_delta=0 major_delta=0 rss_kib=55528 gl_result=0 evidence=(M)[AC] power=Not charging load1=26.97
SAMPLE round=164 variant=a start_ns=12290927928525 map_ns=41383690 ready_map_ns=283036949 present_ns=283112435 complete_ns=314435257 minor_delta=13186 major_delta=0 rss_kib=55516 gl_result=0 evidence=(M)[AC] power=Not charging load1=26.97
SAMPLE round=164 variant=b start_ns=12291256125064 map_ns=6476685 ready_map_ns=8099830 present_ns=10907525 complete_ns=36927173 minor_delta=0 major_delta=0 rss_kib=155948 gl_result=-10 evidence=(M)[AC] power=Not charging load1=26.97
SAMPLE round=164 variant=c start_ns=12291311519871 map_ns=8697368 ready_map_ns=10156685 present_ns=10276333 complete_ns=34254822 minor_delta=0 major_delta=0 rss_kib=55528 gl_result=0 evidence=(M)[AC] power=Not charging load1=26.97
SAMPLE round=165 variant=a start_ns=12291385095615 map_ns=25132950 ready_map_ns=237431619 present_ns=241457294 complete_ns=274108135 minor_delta=13185 major_delta=0 rss_kib=55468 gl_result=0 evidence=(M)[AC] power=Not charging load1=26.97
SAMPLE round=165 variant=b start_ns=12291677746091 map_ns=6378155 ready_map_ns=7870264 present_ns=8004066 complete_ns=31320649 minor_delta=0 major_delta=0 rss_kib=155948 gl_result=-10 evidence=(M)[AC] power=Not charging load1=26.97
SAMPLE round=165 variant=c start_ns=12291729111668 map_ns=7992725 ready_map_ns=9412835 present_ns=9529299 complete_ns=30764183 minor_delta=0 major_delta=0 rss_kib=55528 gl_result=0 evidence=(M)[AC] power=Not charging load1=26.97
SAMPLE round=166 variant=a start_ns=12291781355171 map_ns=35716939 ready_map_ns=251241474 present_ns=254757702 complete_ns=278306068 minor_delta=13185 major_delta=0 rss_kib=55424 gl_result=0 evidence=(M)[AC] power=Not charging load1=26.97
SAMPLE round=166 variant=b start_ns=12292094566768 map_ns=7798712 ready_map_ns=9197245 present_ns=9306821 complete_ns=31620561 minor_delta=0 major_delta=0 rss_kib=155948 gl_result=-10 evidence=(M)[AC] power=Not charging load1=26.97
SAMPLE round=166 variant=c start_ns=12292144164517 map_ns=8911107 ready_map_ns=10768637 present_ns=11186176 complete_ns=32074778 minor_delta=0 major_delta=0 rss_kib=55528 gl_result=0 evidence=(M)[AC] power=Not charging load1=26.97
SAMPLE round=167 variant=a start_ns=12292216079743 map_ns=36985734 ready_map_ns=317784076 present_ns=317874869 complete_ns=360638602 minor_delta=13184 major_delta=0 rss_kib=55480 gl_result=0 evidence=(M)[AC] power=Not charging load1=26.97
SAMPLE round=167 variant=b start_ns=12292623128258 map_ns=8704742 ready_map_ns=10186068 present_ns=10289706 complete_ns=38779438 minor_delta=0 major_delta=0 rss_kib=155948 gl_result=-10 evidence=(M)[AC] power=Not charging load1=26.98
SAMPLE round=167 variant=c start_ns=12292708104341 map_ns=7001062 ready_map_ns=7957250 present_ns=8042828 complete_ns=34473400 minor_delta=0 major_delta=0 rss_kib=55528 gl_result=0 evidence=(M)[AC] power=Not charging load1=26.98
SAMPLE round=168 variant=a start_ns=12292765129850 map_ns=28685248 ready_map_ns=230350049 present_ns=233043760 complete_ns=262064780 minor_delta=13184 major_delta=0 rss_kib=55456 gl_result=0 evidence=(M)[AC] power=Not charging load1=26.98
SAMPLE round=168 variant=b start_ns=12293079095139 map_ns=6043344 ready_map_ns=6999012 present_ns=7085494 complete_ns=32264647 minor_delta=0 major_delta=0 rss_kib=155948 gl_result=-10 evidence=(M)[AC] power=Not charging load1=26.98
SAMPLE round=168 variant=c start_ns=12293151175278 map_ns=7184419 ready_map_ns=8170497 present_ns=8243194 complete_ns=41398207 minor_delta=0 major_delta=0 rss_kib=55528 gl_result=0 evidence=(M)[AC] power=Not charging load1=26.98
SAMPLE round=169 variant=a start_ns=12293211884358 map_ns=26418871 ready_map_ns=166928356 present_ns=166987460 complete_ns=196690478 minor_delta=13184 major_delta=0 rss_kib=55488 gl_result=0 evidence=(M)[AC] power=Not charging load1=26.98
SAMPLE round=169 variant=b start_ns=12293426801385 map_ns=2738222 ready_map_ns=3816603 present_ns=3897553 complete_ns=31878807 minor_delta=0 major_delta=0 rss_kib=155948 gl_result=-10 evidence=(M)[AC] power=Not charging load1=26.98
SAMPLE round=169 variant=c start_ns=12293480824961 map_ns=3094865 ready_map_ns=7024755 present_ns=7162376 complete_ns=27834585 minor_delta=0 major_delta=0 rss_kib=55528 gl_result=0 evidence=(M)[AC] power=Not charging load1=26.98
SAMPLE round=170 variant=a start_ns=12293526662189 map_ns=29145774 ready_map_ns=394217605 present_ns=394245300 complete_ns=451032884 minor_delta=13187 major_delta=0 rss_kib=55528 gl_result=0 evidence=(M)[AC] power=Not charging load1=26.98
SAMPLE round=170 variant=b start_ns=12294024129169 map_ns=2810323 ready_map_ns=3728370 present_ns=3807267 complete_ns=69420540 minor_delta=0 major_delta=0 rss_kib=155948 gl_result=-10 evidence=(M)[AC] power=Not charging load1=26.98
SAMPLE round=170 variant=c start_ns=12294113034372 map_ns=13876552 ready_map_ns=14857192 present_ns=14934187 complete_ns=29791483 minor_delta=0 major_delta=0 rss_kib=55528 gl_result=0 evidence=(M)[AC] power=Not charging load1=26.98
SAMPLE round=171 variant=a start_ns=12294161080953 map_ns=36551991 ready_map_ns=258191676 present_ns=261971091 complete_ns=297577189 minor_delta=13185 major_delta=0 rss_kib=55492 gl_result=0 evidence=(M)[AC] power=Not charging load1=26.98
SAMPLE round=171 variant=b start_ns=12294471125416 map_ns=8285256 ready_map_ns=10200774 present_ns=10297530 complete_ns=57056289 minor_delta=0 major_delta=0 rss_kib=155948 gl_result=-10 evidence=(M)[AC] power=Not charging load1=26.98
SAMPLE round=171 variant=c start_ns=12294548132603 map_ns=7087207 ready_map_ns=8468314 present_ns=8586498 complete_ns=44703659 minor_delta=0 major_delta=0 rss_kib=55528 gl_result=0 evidence=(M)[AC] power=Not charging load1=26.98
SAMPLE round=172 variant=a start_ns=12294613116566 map_ns=47024806 ready_map_ns=352952783 present_ns=356869374 complete_ns=412100303 minor_delta=13184 major_delta=0 rss_kib=55460 gl_result=0 evidence=(M)[AC] power=Not charging load1=26.98
SAMPLE round=172 variant=b start_ns=12295092153762 map_ns=10321725 ready_map_ns=12419027 present_ns=13311107 complete_ns=34172495 minor_delta=0 major_delta=0 rss_kib=155948 gl_result=-10 evidence=(M)[AC] power=Not charging load1=26.98
SAMPLE round=172 variant=c start_ns=12295147736109 map_ns=11418070 ready_map_ns=13200306 present_ns=13386102 complete_ns=46096550 minor_delta=0 major_delta=0 rss_kib=55528 gl_result=0 evidence=(M)[AC] power=Not charging load1=26.98
SAMPLE round=173 variant=a start_ns=12295235139617 map_ns=38401173 ready_map_ns=226392886 present_ns=229922884 complete_ns=256852775 minor_delta=13186 major_delta=0 rss_kib=55516 gl_result=0 evidence=(M)[AC] power=Not charging load1=26.98
SAMPLE round=173 variant=b start_ns=12295500964964 map_ns=7206874 ready_map_ns=8585648 present_ns=8710614 complete_ns=45195684 minor_delta=0 major_delta=0 rss_kib=155948 gl_result=-10 evidence=(M)[AC] power=Not charging load1=26.98
SAMPLE round=173 variant=c start_ns=12295579212070 map_ns=5135203 ready_map_ns=6603224 present_ns=7386350 complete_ns=29234254 minor_delta=0 major_delta=0 rss_kib=55528 gl_result=0 evidence=(M)[AC] power=Not charging load1=26.98
SAMPLE round=174 variant=a start_ns=12295635088208 map_ns=37771558 ready_map_ns=199504630 present_ns=199587237 complete_ns=242953790 minor_delta=13185 major_delta=0 rss_kib=55456 gl_result=0 evidence=(M)[AC] power=Not charging load1=26.98
SAMPLE round=174 variant=b start_ns=12295925144604 map_ns=2928117 ready_map_ns=4289444 present_ns=4426373 complete_ns=35131451 minor_delta=0 major_delta=0 rss_kib=155948 gl_result=-10 evidence=(M)[AC] power=Not charging load1=26.98
SAMPLE round=174 variant=c start_ns=12296005094234 map_ns=2694837 ready_map_ns=4070047 present_ns=4190867 complete_ns=23931367 minor_delta=0 major_delta=0 rss_kib=55528 gl_result=0 evidence=(M)[AC] power=Not charging load1=26.98
SAMPLE round=175 variant=a start_ns=12296066096905 map_ns=23536114 ready_map_ns=293954816 present_ns=298747052 complete_ns=344851147 minor_delta=13186 major_delta=0 rss_kib=55516 gl_result=0 evidence=(M)[AC] power=Not charging load1=26.98
SAMPLE round=175 variant=b start_ns=12296441306897 map_ns=4780077 ready_map_ns=6152786 present_ns=6266769 complete_ns=38830264 minor_delta=0 major_delta=0 rss_kib=155948 gl_result=-10 evidence=(M)[AC] power=Not charging load1=26.98
SAMPLE round=175 variant=c start_ns=12296518047893 map_ns=11095195 ready_map_ns=12447372 present_ns=12578263 complete_ns=41036319 minor_delta=0 major_delta=0 rss_kib=55528 gl_result=0 evidence=(M)[AC] power=Not charging load1=26.98
SAMPLE round=176 variant=a start_ns=12296581150226 map_ns=37889861 ready_map_ns=386244454 present_ns=395264847 complete_ns=431299006 minor_delta=13185 major_delta=0 rss_kib=55444 gl_result=0 evidence=(M)[AC] power=Not charging load1=26.98
SAMPLE round=176 variant=b start_ns=12297072122253 map_ns=27363498 ready_map_ns=29053383 present_ns=29194005 complete_ns=61333684 minor_delta=0 major_delta=0 rss_kib=155948 gl_result=-10 evidence=(M)[AC] power=Not charging load1=26.98
SAMPLE round=176 variant=c start_ns=12297175106015 map_ns=6923617 ready_map_ns=7912777 present_ns=8002687 complete_ns=89914869 minor_delta=0 major_delta=0 rss_kib=55528 gl_result=0 evidence=(M)[AC] power=Not charging load1=26.98
SAMPLE round=177 variant=a start_ns=12297296157214 map_ns=44415106 ready_map_ns=226891837 present_ns=228713511 complete_ns=246261726 minor_delta=13184 major_delta=0 rss_kib=55456 gl_result=0 evidence=(M)[AC] power=Not charging load1=26.98
SAMPLE round=177 variant=b start_ns=12297590126461 map_ns=2992813 ready_map_ns=8063965 present_ns=9816977 complete_ns=35470114 minor_delta=0 major_delta=0 rss_kib=155948 gl_result=-10 evidence=(M)[AC] power=Not charging load1=26.98
SAMPLE round=177 variant=c start_ns=12297671102048 map_ns=7001169 ready_map_ns=7869791 present_ns=7937793 complete_ns=41068822 minor_delta=0 major_delta=0 rss_kib=55528 gl_result=0 evidence=(M)[AC] power=Not charging load1=26.74
SAMPLE round=178 variant=a start_ns=12297750621251 map_ns=44697960 ready_map_ns=195082307 present_ns=198428631 complete_ns=225942019 minor_delta=13185 major_delta=0 rss_kib=55472 gl_result=0 evidence=(M)[AC] power=Not charging load1=26.74
SAMPLE round=178 variant=b start_ns=12298013128386 map_ns=7262316 ready_map_ns=9089128 present_ns=9192678 complete_ns=30646092 minor_delta=1 major_delta=0 rss_kib=155948 gl_result=-10 evidence=(M)[AC] power=Not charging load1=26.74
SAMPLE round=178 variant=c start_ns=12298049119692 map_ns=7997974 ready_map_ns=9573343 present_ns=9729672 complete_ns=47284240 minor_delta=0 major_delta=0 rss_kib=55528 gl_result=0 evidence=(M)[AC] power=Not charging load1=26.74
SAMPLE round=179 variant=a start_ns=12298127096341 map_ns=37938105 ready_map_ns=191227346 present_ns=191272774 complete_ns=215614649 minor_delta=13184 major_delta=0 rss_kib=55456 gl_result=0 evidence=(M)[AC] power=Not charging load1=26.74
SAMPLE round=179 variant=b start_ns=12298385443387 map_ns=10311273 ready_map_ns=14019375 present_ns=14246516 complete_ns=44735771 minor_delta=0 major_delta=0 rss_kib=155948 gl_result=-10 evidence=(M)[AC] power=Not charging load1=26.74
SAMPLE round=179 variant=c start_ns=12298467099129 map_ns=6011355 ready_map_ns=7061447 present_ns=7156723 complete_ns=26592248 minor_delta=0 major_delta=0 rss_kib=55528 gl_result=0 evidence=(M)[AC] power=Not charging load1=26.74
SAMPLE round=180 variant=a start_ns=12298523142914 map_ns=26823895 ready_map_ns=163425704 present_ns=166419097 complete_ns=185697471 minor_delta=13186 major_delta=0 rss_kib=55452 gl_result=0 evidence=(M)[AC] power=Not charging load1=26.74
SAMPLE round=180 variant=b start_ns=12298740080396 map_ns=6642039 ready_map_ns=8111885 present_ns=9959617 complete_ns=35184015 minor_delta=0 major_delta=0 rss_kib=155948 gl_result=-10 evidence=(M)[AC] power=Not charging load1=26.74
SAMPLE round=180 variant=c start_ns=12298794612999 map_ns=6105767 ready_map_ns=7582810 present_ns=7707512 complete_ns=31683038 minor_delta=0 major_delta=0 rss_kib=55528 gl_result=0 evidence=(M)[AC] power=Not charging load1=26.74
SAMPLE round=181 variant=a start_ns=12298848121392 map_ns=33965932 ready_map_ns=325936373 present_ns=326035810 complete_ns=361622369 minor_delta=13187 major_delta=0 rss_kib=55516 gl_result=0 evidence=(M)[AC] power=Not charging load1=26.74
SAMPLE round=181 variant=b start_ns=12299255606940 map_ns=10198734 ready_map_ns=13745730 present_ns=14532238 complete_ns=38621637 minor_delta=0 major_delta=0 rss_kib=155948 gl_result=-10 evidence=(M)[AC] power=Not charging load1=26.74
SAMPLE round=181 variant=c start_ns=12299332115509 map_ns=2689907 ready_map_ns=3638695 present_ns=5108917 complete_ns=27256653 minor_delta=0 major_delta=0 rss_kib=55528 gl_result=0 evidence=(M)[AC] power=Not charging load1=26.74
SAMPLE round=182 variant=a start_ns=12299379118369 map_ns=38051901 ready_map_ns=365047800 present_ns=367020807 complete_ns=396217081 minor_delta=13186 major_delta=0 rss_kib=55496 gl_result=0 evidence=(M)[AC] power=Not charging load1=26.74
SAMPLE round=182 variant=b start_ns=12299824136154 map_ns=5963668 ready_map_ns=8736680 present_ns=10923129 complete_ns=34938847 minor_delta=0 major_delta=0 rss_kib=155948 gl_result=-10 evidence=(M)[AC] power=Not charging load1=26.74
SAMPLE round=182 variant=c start_ns=12299860804317 map_ns=2964705 ready_map_ns=6594252 present_ns=7296630 complete_ns=31109469 minor_delta=0 major_delta=0 rss_kib=55528 gl_result=0 evidence=(M)[AC] power=Not charging load1=26.74
SAMPLE round=183 variant=a start_ns=12299913917778 map_ns=34749864 ready_map_ns=375975399 present_ns=382147593 complete_ns=434977263 minor_delta=13186 major_delta=0 rss_kib=55424 gl_result=0 evidence=(M)[AC] power=Not charging load1=26.74
SAMPLE round=183 variant=b start_ns=12300410110403 map_ns=9103469 ready_map_ns=10548760 present_ns=15439144 complete_ns=34153800 minor_delta=0 major_delta=0 rss_kib=155948 gl_result=-10 evidence=(M)[AC] power=Not charging load1=26.74
SAMPLE round=183 variant=c start_ns=12300489097689 map_ns=5030085 ready_map_ns=10402345 present_ns=13973822 complete_ns=38924038 minor_delta=0 major_delta=0 rss_kib=55528 gl_result=0 evidence=(M)[AC] power=Not charging load1=26.74
SAMPLE round=184 variant=a start_ns=12300577614512 map_ns=59002471 ready_map_ns=342505231 present_ns=342640049 complete_ns=381837806 minor_delta=13185 major_delta=0 rss_kib=55476 gl_result=0 evidence=(M)[AC] power=Not charging load1=26.74
SAMPLE round=184 variant=b start_ns=12300995117340 map_ns=3381859 ready_map_ns=5035632 present_ns=5178481 complete_ns=48946070 minor_delta=1 major_delta=0 rss_kib=155952 gl_result=-10 evidence=(M)[AC] power=Not charging load1=26.74
SAMPLE round=184 variant=c start_ns=12301085838191 map_ns=8319422 ready_map_ns=9598878 present_ns=9656802 complete_ns=40040849 minor_delta=0 major_delta=0 rss_kib=55528 gl_result=0 evidence=(M)[AC] power=Not charging load1=26.74
SAMPLE round=185 variant=a start_ns=12301164118333 map_ns=30491821 ready_map_ns=395442128 present_ns=395472673 complete_ns=444486428 minor_delta=13186 major_delta=0 rss_kib=55440 gl_result=0 evidence=(M)[AC] power=Not charging load1=26.74
SAMPLE round=185 variant=b start_ns=12301683121897 map_ns=14548929 ready_map_ns=16757023 present_ns=21939503 complete_ns=43370292 minor_delta=0 major_delta=0 rss_kib=155952 gl_result=-10 evidence=(M)[AC] power=Not charging load1=26.74
SAMPLE round=185 variant=c start_ns=12301762921202 map_ns=22462182 ready_map_ns=24149623 present_ns=24281275 complete_ns=67494661 minor_delta=1 major_delta=0 rss_kib=55532 gl_result=0 evidence=(M)[AC] power=Not charging load1=26.74
SAMPLE round=186 variant=a start_ns=12301866421755 map_ns=96776039 ready_map_ns=429284251 present_ns=431763343 complete_ns=477799050 minor_delta=13185 major_delta=0 rss_kib=55456 gl_result=0 evidence=(M)[AC] power=Not charging load1=26.74
SAMPLE round=186 variant=b start_ns=12302397866745 map_ns=3064829 ready_map_ns=4760239 present_ns=4915194 complete_ns=28148060 minor_delta=0 major_delta=0 rss_kib=155952 gl_result=-10 evidence=(M)[AC] power=Not charging load1=26.74
SAMPLE round=186 variant=c start_ns=12302476521186 map_ns=6991500 ready_map_ns=8469757 present_ns=8620983 complete_ns=37554223 minor_delta=0 major_delta=0 rss_kib=55532 gl_result=0 evidence=(M)[AC] power=Not charging load1=26.74
SAMPLE round=187 variant=a start_ns=12302549145901 map_ns=82269807 ready_map_ns=389547734 present_ns=396920329 complete_ns=426484577 minor_delta=13184 major_delta=0 rss_kib=55464 gl_result=0 evidence=(M)[AC] power=Not charging load1=26.74
SAMPLE round=187 variant=b start_ns=12302993145387 map_ns=3409983 ready_map_ns=5549159 present_ns=7047209 complete_ns=49329352 minor_delta=0 major_delta=0 rss_kib=155952 gl_result=-10 evidence=(M)[AC] power=Not charging load1=26.44
SAMPLE round=187 variant=c start_ns=12303062267422 map_ns=6934699 ready_map_ns=7994343 present_ns=16782164 complete_ns=31786199 minor_delta=0 major_delta=0 rss_kib=55532 gl_result=0 evidence=(M)[AC] power=Not charging load1=26.44
SAMPLE round=188 variant=a start_ns=12303112127588 map_ns=70364328 ready_map_ns=265462179 present_ns=265587364 complete_ns=315651015 minor_delta=13181 major_delta=0 rss_kib=55464 gl_result=0 evidence=(M)[AC] power=Not charging load1=26.44
SAMPLE round=188 variant=b start_ns=12303515130992 map_ns=6284288 ready_map_ns=7320670 present_ns=7378716 complete_ns=46020220 minor_delta=0 major_delta=0 rss_kib=155952 gl_result=-10 evidence=(M)[AC] power=Not charging load1=26.44
SAMPLE round=188 variant=c start_ns=12303579092088 map_ns=5094387 ready_map_ns=6087153 present_ns=6165912 complete_ns=29968522 minor_delta=0 major_delta=0 rss_kib=55532 gl_result=0 evidence=(M)[AC] power=Not charging load1=26.44
SAMPLE round=189 variant=a start_ns=12303629777633 map_ns=27718605 ready_map_ns=443595304 present_ns=445387464 complete_ns=479117636 minor_delta=13184 major_delta=0 rss_kib=55428 gl_result=0 evidence=(M)[AC] power=Not charging load1=26.44
SAMPLE round=189 variant=b start_ns=12304150113385 map_ns=4324126 ready_map_ns=5331693 present_ns=5441208 complete_ns=24546847 minor_delta=0 major_delta=0 rss_kib=155952 gl_result=-10 evidence=(M)[AC] power=Not charging load1=26.44
SAMPLE round=189 variant=c start_ns=12304193830669 map_ns=7289541 ready_map_ns=8471808 present_ns=8551241 complete_ns=32234443 minor_delta=0 major_delta=0 rss_kib=55532 gl_result=0 evidence=(M)[AC] power=Not charging load1=26.44
SAMPLE round=190 variant=a start_ns=12304249098986 map_ns=48253876 ready_map_ns=406496299 present_ns=410006514 complete_ns=458941752 minor_delta=13183 major_delta=0 rss_kib=55444 gl_result=0 evidence=(M)[AC] power=Not charging load1=26.44
SAMPLE round=190 variant=b start_ns=12304786104530 map_ns=11072121 ready_map_ns=14428222 present_ns=14578806 complete_ns=42083161 minor_delta=0 major_delta=0 rss_kib=155952 gl_result=-10 evidence=(M)[AC] power=Not charging load1=26.44
SAMPLE round=190 variant=c start_ns=12304863131564 map_ns=8063611 ready_map_ns=9514766 present_ns=9660507 complete_ns=48833657 minor_delta=0 major_delta=0 rss_kib=55532 gl_result=0 evidence=(M)[AC] power=Not charging load1=26.44
SAMPLE round=191 variant=a start_ns=12304929045473 map_ns=38219982 ready_map_ns=268048650 present_ns=268170192 complete_ns=314458551 minor_delta=13183 major_delta=0 rss_kib=55448 gl_result=0 evidence=(M)[AC] power=Not charging load1=26.44
SAMPLE round=191 variant=b start_ns=12305282115644 map_ns=6188605 ready_map_ns=9679183 present_ns=10514169 complete_ns=27898283 minor_delta=0 major_delta=0 rss_kib=155952 gl_result=-10 evidence=(M)[AC] power=Not charging load1=26.44
SAMPLE round=191 variant=c start_ns=12305336083135 map_ns=7483017 ready_map_ns=8854933 present_ns=9089351 complete_ns=40572809 minor_delta=0 major_delta=0 rss_kib=55532 gl_result=0 evidence=(M)[AC] power=Not charging load1=26.44
SAMPLE round=192 variant=a start_ns=12305413182477 map_ns=31323221 ready_map_ns=245874538 present_ns=247957702 complete_ns=279334562 minor_delta=13185 major_delta=0 rss_kib=55460 gl_result=0 evidence=(M)[AC] power=Not charging load1=26.44
SAMPLE round=192 variant=b start_ns=12305741306069 map_ns=10336236 ready_map_ns=14255115 present_ns=14423566 complete_ns=35164132 minor_delta=0 major_delta=0 rss_kib=155952 gl_result=-10 evidence=(M)[AC] power=Not charging load1=26.44
SAMPLE round=192 variant=c start_ns=12305808103705 map_ns=2974273 ready_map_ns=6355415 present_ns=6547501 complete_ns=37982477 minor_delta=0 major_delta=0 rss_kib=55532 gl_result=0 evidence=(M)[AC] power=Not charging load1=26.44
SAMPLE round=193 variant=a start_ns=12305880676330 map_ns=20818682 ready_map_ns=142141284 present_ns=144575682 complete_ns=178426187 minor_delta=13189 major_delta=0 rss_kib=55532 gl_result=0 evidence=(M)[AC] power=Not charging load1=26.44
SAMPLE round=193 variant=b start_ns=12306073026142 map_ns=6008732 ready_map_ns=7055672 present_ns=7153625 complete_ns=56312662 minor_delta=0 major_delta=0 rss_kib=155952 gl_result=-10 evidence=(M)[AC] power=Not charging load1=26.44
SAMPLE round=193 variant=c start_ns=12306162141592 map_ns=8004800 ready_map_ns=9013607 present_ns=9129865 complete_ns=33843677 minor_delta=0 major_delta=0 rss_kib=55532 gl_result=0 evidence=(M)[AC] power=Not charging load1=26.44
SAMPLE round=194 variant=a start_ns=12306214097104 map_ns=34333491 ready_map_ns=206109117 present_ns=208561351 complete_ns=245128329 minor_delta=13185 major_delta=0 rss_kib=55480 gl_result=0 evidence=(M)[AC] power=Not charging load1=26.44
SAMPLE round=194 variant=b start_ns=12306494139760 map_ns=8981472 ready_map_ns=10401691 present_ns=11071781 complete_ns=38182391 minor_delta=0 major_delta=0 rss_kib=155952 gl_result=-10 evidence=(M)[AC] power=Not charging load1=26.44
SAMPLE round=194 variant=c start_ns=12306563415414 map_ns=8438042 ready_map_ns=12448539 present_ns=12632593 complete_ns=30601797 minor_delta=0 major_delta=0 rss_kib=55532 gl_result=0 evidence=(M)[AC] power=Not charging load1=26.44
SAMPLE round=195 variant=a start_ns=12306630139609 map_ns=38564620 ready_map_ns=179203249 present_ns=181821352 complete_ns=212132265 minor_delta=13187 major_delta=0 rss_kib=55504 gl_result=0 evidence=(M)[AC] power=Not charging load1=26.44
SAMPLE round=195 variant=b start_ns=12306864343163 map_ns=8951541 ready_map_ns=11486306 present_ns=14694586 complete_ns=45554157 minor_delta=0 major_delta=0 rss_kib=155952 gl_result=-10 evidence=(M)[AC] power=Not charging load1=26.44
SAMPLE round=195 variant=c start_ns=12306948569185 map_ns=12794755 ready_map_ns=14431081 present_ns=14713478 complete_ns=43898064 minor_delta=0 major_delta=0 rss_kib=55532 gl_result=0 evidence=(M)[AC] power=Not charging load1=26.44
SAMPLE round=196 variant=a start_ns=12307035162539 map_ns=33836720 ready_map_ns=186181840 present_ns=187580206 complete_ns=209269882 minor_delta=13182 major_delta=0 rss_kib=55472 gl_result=0 evidence=(M)[AC] power=Not charging load1=26.44
SAMPLE round=196 variant=b start_ns=12307281534393 map_ns=11158539 ready_map_ns=12670722 present_ns=12788532 complete_ns=44588178 minor_delta=0 major_delta=0 rss_kib=155952 gl_result=-10 evidence=(M)[AC] power=Not charging load1=26.44
SAMPLE round=196 variant=c start_ns=12307366687735 map_ns=13462112 ready_map_ns=15202129 present_ns=15642008 complete_ns=43429888 minor_delta=0 major_delta=0 rss_kib=55532 gl_result=0 evidence=(M)[AC] power=Not charging load1=26.44
SAMPLE round=197 variant=a start_ns=12307455147292 map_ns=55018003 ready_map_ns=306565201 present_ns=308412350 complete_ns=338314204 minor_delta=13185 major_delta=0 rss_kib=55484 gl_result=0 evidence=(M)[AC] power=Not charging load1=26.44
SAMPLE round=197 variant=b start_ns=12307839650972 map_ns=4619626 ready_map_ns=5559144 present_ns=5648276 complete_ns=38090129 minor_delta=0 major_delta=0 rss_kib=155952 gl_result=-10 evidence=(M)[AC] power=Not charging load1=26.24
SAMPLE round=197 variant=c start_ns=12307906091381 map_ns=6282595 ready_map_ns=7385806 present_ns=7452622 complete_ns=35748543 minor_delta=1 major_delta=0 rss_kib=55536 gl_result=0 evidence=(M)[AC] power=Not charging load1=26.24
SAMPLE round=198 variant=a start_ns=12307961240925 map_ns=28117689 ready_map_ns=220575678 present_ns=220686403 complete_ns=267662991 minor_delta=13187 major_delta=0 rss_kib=55524 gl_result=0 evidence=(M)[AC] power=Not charging load1=26.24
SAMPLE round=198 variant=b start_ns=12308297115589 map_ns=7676399 ready_map_ns=10525371 present_ns=11237718 complete_ns=28163210 minor_delta=0 major_delta=0 rss_kib=155952 gl_result=-10 evidence=(M)[AC] power=Not charging load1=26.24
SAMPLE round=198 variant=c start_ns=12308353098593 map_ns=7632820 ready_map_ns=10022613 present_ns=16947801 complete_ns=38738608 minor_delta=0 major_delta=0 rss_kib=55536 gl_result=0 evidence=(M)[AC] power=Not charging load1=26.24
SAMPLE round=199 variant=a start_ns=12308414122140 map_ns=28799147 ready_map_ns=362580213 present_ns=362707154 complete_ns=395421251 minor_delta=13185 major_delta=0 rss_kib=55468 gl_result=0 evidence=(M)[AC] power=Not charging load1=26.24
SAMPLE round=199 variant=b start_ns=12308835102622 map_ns=2934331 ready_map_ns=6890453 present_ns=12962288 complete_ns=60321546 minor_delta=0 major_delta=0 rss_kib=155952 gl_result=-10 evidence=(M)[AC] power=Not charging load1=26.24
SAMPLE round=199 variant=c start_ns=12308956929172 map_ns=9064712 ready_map_ns=9606965 present_ns=14382073 complete_ns=41968015 minor_delta=0 major_delta=0 rss_kib=55536 gl_result=0 evidence=(M)[AC] power=Not charging load1=26.24
IDLE variant=b elapsed_ns=12000072822 cpu_ticks=0 tick_hz=100 context_switch_delta=0 evidence=(M)[AC] power=Not charging load1=26.24
MEMORY variant=b Rss:              155952 kB evidence=(M)[AC] power=Not charging load1=26.24
MEMORY variant=b Pss:               88480 kB evidence=(M)[AC] power=Not charging load1=26.24
MEMORY variant=b Private_Clean:       392 kB evidence=(M)[AC] power=Not charging load1=26.24
MEMORY variant=b Private_Dirty:     78456 kB evidence=(M)[AC] power=Not charging load1=26.24
IDLE variant=c elapsed_ns=12000072822 cpu_ticks=0 tick_hz=100 context_switch_delta=0 evidence=(M)[AC] power=Not charging load1=26.24
MEMORY variant=c Rss:               55536 kB evidence=(M)[AC] power=Not charging load1=26.24
MEMORY variant=c Pss:               50520 kB evidence=(M)[AC] power=Not charging load1=26.24
MEMORY variant=c Private_Clean:       416 kB evidence=(M)[AC] power=Not charging load1=26.24
MEMORY variant=c Private_Dirty:     47808 kB evidence=(M)[AC] power=Not charging load1=26.24
BENCH variant=a name=exec_map_requested n=200 p50_ns=34631116 p99_ns=96776039 evidence=(M)[AC] power=Not charging load1=26.24 verdict=TRACK
BENCH variant=a name=exec_ready_and_map n=200 p50_ns=213438160 p99_ns=429284251 evidence=(M)[AC] power=Not charging load1=26.24 verdict=TRACK
BENCH variant=a name=exec_first_present_request n=200 p50_ns=214554899 p99_ns=431763343 evidence=(M)[AC] power=Not charging load1=26.24 verdict=TRACK
BENCH variant=a name=exec_first_present_complete n=200 p50_ns=258352554 p99_ns=479117636 evidence=(M)[AC] power=Not charging load1=26.24 verdict=TRACK
SIZE variant=a binary_bytes=1948968 max_rss_kib=55536 max_hwm_kib=55536 evidence=(M)[AC] power=Not charging load1=26.24
BENCH variant=b name=exec_map_requested n=200 p50_ns=6349545 p99_ns=20517475 evidence=(M)[AC] power=Not charging load1=26.24 verdict=TRACK
BENCH variant=b name=exec_ready_and_map n=200 p50_ns=8111885 p99_ns=24282045 evidence=(M)[AC] power=Not charging load1=26.24 verdict=TRACK
BENCH variant=b name=exec_first_present_request n=200 p50_ns=8859596 p99_ns=29194005 evidence=(M)[AC] power=Not charging load1=26.24 verdict=TRACK
BENCH variant=b name=exec_first_present_complete n=200 p50_ns=36322836 p99_ns=84615418 evidence=(M)[AC] power=Not charging load1=26.24 verdict=TRACK
SIZE variant=b binary_bytes=1949160 max_rss_kib=155952 max_hwm_kib=170072 evidence=(M)[AC] power=Not charging load1=26.24
BENCH variant=c name=exec_map_requested n=200 p50_ns=6525789 p99_ns=22462182 evidence=(M)[AC] power=Not charging load1=26.24 verdict=TRACK
BENCH variant=c name=exec_ready_and_map n=200 p50_ns=7971236 p99_ns=26777321 evidence=(M)[AC] power=Not charging load1=26.24 verdict=TRACK
BENCH variant=c name=exec_first_present_request n=200 p50_ns=8243194 p99_ns=26865266 evidence=(M)[AC] power=Not charging load1=26.24 verdict=TRACK
BENCH variant=c name=exec_first_present_complete n=200 p50_ns=31258342 p99_ns=89914869 evidence=(M)[AC] power=Not charging load1=26.24 verdict=TRACK
SIZE variant=c binary_bytes=1948968 max_rss_kib=55536 max_hwm_kib=55536 evidence=(M)[AC] power=Not charging load1=26.24
zygote contract: PASS A/B/C exec, IPC wait, real map/present completion, unmap, repeated warm launch
